movie_id,title,genres,id,year,clean_title,average_rating,ratings_count
1,Toy Story (1995),Adventure|Animation|Children|Comedy|Fantasy,1,1995.0,Toy Story,3.9209302325581397,215
2,Jumanji (1995),Adventure|Children|Fantasy,2,1995.0,Jumanji,3.4318181818181817,110
3,Grumpier Old Men (1995),Comedy|Romance,3,1995.0,Grumpier Old Men,3.2596153846153846,52
4,Waiting to Exhale (1995),Comedy|Drama|Romance,4,1995.0,Waiting to Exhale,2.357142857142857,7
5,Father of the Bride Part II (1995),Comedy,5,1995.0,Father of the Bride Part II,3.0714285714285716,49
6,Heat (1995),Action|Crime|Thriller,6,1995.0,Heat,3.946078431372549,102
7,Sabrina (1995),Comedy|Romance,7,1995.0,Sabrina,3.185185185185185,54
8,Tom and Huck (1995),Adventure|Children,8,1995.0,Tom and Huck,2.875,8
9,Sudden Death (1995),Action,9,1995.0,Sudden Death,3.125,16
10,GoldenEye (1995),Action|Adventure|Thriller,10,1995.0,GoldenEye,3.496212121212121,132
11,"American President, The (1995)",Comedy|Drama|Romance,11,1995.0,"American President, The",3.6714285714285713,70
12,Dracula: Dead and Loving It (1995),Comedy|Horror,12,1995.0,Dracula: Dead and Loving It,2.4210526315789473,19
13,Balto (1995),Adventure|Animation|Children,13,1995.0,Balto,3.125,8
14,Nixon (1995),Drama,14,1995.0,Nixon,3.8333333333333335,18
15,Cutthroat Island (1995),Action|Adventure|Romance,15,1995.0,Cutthroat Island,3.0,13
16,Casino (1995),Crime|Drama,16,1995.0,Casino,3.926829268292683,82
17,Sense and Sensibility (1995),Drama|Romance,17,1995.0,Sense and Sensibility,3.7761194029850746,67
18,Four Rooms (1995),Comedy,18,1995.0,Four Rooms,3.7,20
19,Ace Ventura: When Nature Calls (1995),Comedy,19,1995.0,Ace Ventura: When Nature Calls,2.727272727272727,88
20,Money Train (1995),Action|Comedy|Crime|Drama|Thriller,20,1995.0,Money Train,2.5,15
21,Get Shorty (1995),Comedy|Crime|Thriller,21,1995.0,Get Shorty,3.49438202247191,89
22,Copycat (1995),Crime|Drama|Horror|Mystery|Thriller,22,1995.0,Copycat,3.2222222222222223,36
23,Assassins (1995),Action|Crime|Thriller,23,1995.0,Assassins,3.125,16
24,Powder (1995),Drama|Sci-Fi,24,1995.0,Powder,3.125,28
25,Leaving Las Vegas (1995),Drama|Romance,25,1995.0,Leaving Las Vegas,3.625,76
26,Othello (1995),Drama,26,1995.0,Othello,3.5,13
27,Now and Then (1995),Children|Drama,27,1995.0,Now and Then,3.3333333333333335,9
28,Persuasion (1995),Drama|Romance,28,1995.0,Persuasion,4.2272727272727275,11
29,"City of Lost Children, The (Cité des enfants perdus, La) (1995)",Adventure|Drama|Fantasy|Mystery|Sci-Fi,29,1995.0,"City of Lost Children, The (Cité des enfants perdus, La)",4.0131578947368425,38
30,Shanghai Triad (Yao a yao yao dao waipo qiao) (1995),Crime|Drama,30,1995.0,Shanghai Triad (Yao a yao yao dao waipo qiao),3.0,3
31,Dangerous Minds (1995),Drama,31,1995.0,Dangerous Minds,3.1842105263157894,38
32,Twelve Monkeys (a.k.a. 12 Monkeys) (1995),Mystery|Sci-Fi|Thriller,32,1995.0,Twelve Monkeys (a.k.a. 12 Monkeys),3.983050847457627,177
34,Babe (1995),Children|Drama,34,1995.0,Babe,3.65234375,128
36,Dead Man Walking (1995),Crime|Drama,36,1995.0,Dead Man Walking,3.8358208955223883,67
38,It Takes Two (1995),Children|Comedy,38,1995.0,It Takes Two,2.125,4
39,Clueless (1995),Comedy|Romance,39,1995.0,Clueless,3.293269230769231,104
40,"Cry, the Beloved Country (1995)",Drama,40,1995.0,"Cry, the Beloved Country",4.25,2
41,Richard III (1995),Drama|War,41,1995.0,Richard III,3.7,15
42,Dead Presidents (1995),Action|Crime|Drama,42,1995.0,Dead Presidents,3.0,7
43,Restoration (1995),Drama,43,1995.0,Restoration,3.1875,8
44,Mortal Kombat (1995),Action|Adventure|Fantasy,44,1995.0,Mortal Kombat,2.5434782608695654,46
45,To Die For (1995),Comedy|Drama|Thriller,45,1995.0,To Die For,3.3125,32
46,How to Make an American Quilt (1995),Drama|Romance,46,1995.0,How to Make an American Quilt,3.066666666666667,15
47,Seven (a.k.a. Se7en) (1995),Mystery|Thriller,47,1995.0,Seven (a.k.a. Se7en),3.9753694581280787,203
48,Pocahontas (1995),Animation|Children|Drama|Musical|Romance,48,1995.0,Pocahontas,3.1470588235294117,68
49,When Night Is Falling (1995),Drama|Romance,49,1995.0,When Night Is Falling,3.0,1
50,"Usual Suspects, The (1995)",Crime|Mystery|Thriller,50,1995.0,"Usual Suspects, The",4.237745098039215,204
52,Mighty Aphrodite (1995),Comedy|Drama|Romance,52,1995.0,Mighty Aphrodite,3.4642857142857144,28
53,Lamerica (1994),Adventure|Drama,53,1994.0,Lamerica,5.0,2
54,"Big Green, The (1995)",Children|Comedy,54,1995.0,"Big Green, The",2.3333333333333335,3
55,Georgia (1995),Drama,55,1995.0,Georgia,4.0,1
57,Home for the Holidays (1995),Drama,57,1995.0,Home for the Holidays,3.0625,8
58,"Postman, The (Postino, Il) (1994)",Comedy|Drama|Romance,58,1994.0,"Postman, The (Postino, Il)",4.027027027027027,37
60,"Indian in the Cupboard, The (1995)",Adventure|Children|Fantasy,60,1995.0,"Indian in the Cupboard, The",3.235294117647059,34
61,Eye for an Eye (1996),Drama|Thriller,61,1996.0,Eye for an Eye,3.75,6
62,Mr. Holland's Opus (1995),Drama,62,1995.0,Mr. Holland's Opus,3.70625,80
63,Don't Be a Menace to South Central While Drinking Your Juice in the Hood (1996),Comedy|Crime,63,1996.0,Don't Be a Menace to South Central While Drinking Your Juice in the Hood,2.7142857142857144,7
64,Two if by Sea (1996),Comedy|Romance,64,1996.0,Two if by Sea,2.2,5
65,Bio-Dome (1996),Comedy,65,1996.0,Bio-Dome,2.532258064516129,31
66,Lawnmower Man 2: Beyond Cyberspace (1996),Action|Sci-Fi|Thriller,66,1996.0,Lawnmower Man 2: Beyond Cyberspace,2.5,9
68,French Twist (Gazon maudit) (1995),Comedy|Romance,68,1995.0,French Twist (Gazon maudit),3.4,5
69,Friday (1995),Comedy,69,1995.0,Friday,3.775,20
70,From Dusk Till Dawn (1996),Action|Comedy|Horror|Thriller,70,1996.0,From Dusk Till Dawn,3.5090909090909093,55
71,Fair Game (1995),Action,71,1995.0,Fair Game,1.7,5
72,Kicking and Screaming (1995),Comedy|Drama,72,1995.0,Kicking and Screaming,3.2142857142857144,7
73,"Misérables, Les (1995)",Drama|War,73,1995.0,"Misérables, Les",3.4615384615384617,13
74,Bed of Roses (1996),Drama|Romance,74,1996.0,Bed of Roses,4.0,8
75,Big Bully (1996),Comedy|Drama,75,1996.0,Big Bully,2.2,5
76,Screamers (1995),Action|Sci-Fi|Thriller,76,1995.0,Screamers,3.4,15
77,Nico Icon (1995),Documentary,77,1995.0,Nico Icon,4.0,1
78,"Crossing Guard, The (1995)",Action|Crime|Drama|Thriller,78,1995.0,"Crossing Guard, The",3.3333333333333335,3
79,"Juror, The (1996)",Drama|Thriller,79,1996.0,"Juror, The",2.764705882352941,17
80,"White Balloon, The (Badkonake sefid) (1995)",Children|Drama,80,1995.0,"White Balloon, The (Badkonake sefid)",4.0,2
81,Things to Do in Denver When You're Dead (1995),Crime|Drama|Romance,81,1995.0,Things to Do in Denver When You're Dead,3.107142857142857,14
82,Antonia's Line (Antonia) (1995),Comedy|Drama,82,1995.0,Antonia's Line (Antonia),3.875,8
83,Once Upon a Time... When We Were Colored (1995),Drama|Romance,83,1995.0,Once Upon a Time... When We Were Colored,3.0,1
85,Angels and Insects (1995),Drama|Romance,85,1995.0,Angels and Insects,3.857142857142857,7
86,White Squall (1996),Action|Adventure|Drama,86,1996.0,White Squall,3.966666666666667,15
87,Dunston Checks In (1996),Children|Comedy,87,1996.0,Dunston Checks In,2.5,7
88,Black Sheep (1996),Comedy,88,1996.0,Black Sheep,3.15625,16
89,Nick of Time (1995),Action|Thriller,89,1995.0,Nick of Time,3.25,10
92,Mary Reilly (1996),Drama|Horror|Thriller,92,1996.0,Mary Reilly,2.625,8
93,Vampire in Brooklyn (1995),Comedy|Horror|Romance,93,1995.0,Vampire in Brooklyn,2.8333333333333335,9
94,Beautiful Girls (1996),Comedy|Drama|Romance,94,1996.0,Beautiful Girls,3.95,10
95,Broken Arrow (1996),Action|Adventure|Thriller,95,1996.0,Broken Arrow,3.0238095238095237,84
96,In the Bleak Midwinter (1995),Comedy|Drama,96,1995.0,In the Bleak Midwinter,3.5,1
97,"Hate (Haine, La) (1995)",Crime|Drama,97,1995.0,"Hate (Haine, La)",3.9,10
99,Heidi Fleiss: Hollywood Madam (1995),Documentary,99,1995.0,Heidi Fleiss: Hollywood Madam,5.0,2
100,City Hall (1996),Drama|Thriller,100,1996.0,City Hall,2.7857142857142856,14
101,Bottle Rocket (1996),Adventure|Comedy|Crime|Romance,101,1996.0,Bottle Rocket,3.782608695652174,23
102,Mr. Wrong (1996),Comedy,102,1996.0,Mr. Wrong,2.4,5
103,Unforgettable (1996),Mystery|Sci-Fi|Thriller,103,1996.0,Unforgettable,3.0,3
104,Happy Gilmore (1996),Comedy,104,1996.0,Happy Gilmore,3.4393939393939394,99
105,"Bridges of Madison County, The (1995)",Drama|Romance,105,1995.0,"Bridges of Madison County, The",3.282608695652174,23
106,Nobody Loves Me (Keiner liebt mich) (1994),Comedy|Drama,106,1994.0,Nobody Loves Me (Keiner liebt mich),4.0,1
107,Muppet Treasure Island (1996),Adventure|Children|Comedy|Musical,107,1996.0,Muppet Treasure Island,3.326923076923077,26
108,Catwalk (1996),Documentary,108,1996.0,Catwalk,4.0,1
110,Braveheart (1995),Action|Drama|War,110,1995.0,Braveheart,4.031645569620253,237
111,Taxi Driver (1976),Crime|Drama|Thriller,111,1976.0,Taxi Driver,4.105769230769231,104
112,Rumble in the Bronx (Hont faan kui) (1995),Action|Adventure|Comedy|Crime,112,1995.0,Rumble in the Bronx (Hont faan kui),3.5434782608695654,46
113,Before and After (1996),Drama|Mystery,113,1996.0,Before and After,3.3333333333333335,3
116,Anne Frank Remembered (1995),Documentary,116,1995.0,Anne Frank Remembered,3.9,5
117,"Young Poisoner's Handbook, The (1995)",Crime|Drama,117,1995.0,"Young Poisoner's Handbook, The",3.0,1
118,If Lucy Fell (1996),Comedy|Romance,118,1996.0,If Lucy Fell,2.5,2
119,"Steal Big, Steal Little (1995)",Comedy,119,1995.0,"Steal Big, Steal Little",3.0,2
121,"Boys of St. Vincent, The (1992)",Drama,121,1992.0,"Boys of St. Vincent, The",4.0,2
122,Boomerang (1992),Comedy|Romance,122,1992.0,Boomerang,2.65625,16
123,Chungking Express (Chung Hing sam lam) (1994),Drama|Mystery|Romance,123,1994.0,Chungking Express (Chung Hing sam lam),4.375,4
125,Flirting With Disaster (1996),Comedy,125,1996.0,Flirting With Disaster,3.5833333333333335,12
126,"NeverEnding Story III, The (1994)",Adventure|Children|Fantasy,126,1994.0,"NeverEnding Story III, The",2.0,7
128,Jupiter's Wife (1994),Documentary,128,1994.0,Jupiter's Wife,3.0,1
129,Pie in the Sky (1996),Comedy|Romance,129,1996.0,Pie in the Sky,2.0,1
132,Jade (1995),Thriller,132,1995.0,Jade,2.8333333333333335,6
135,Down Periscope (1996),Comedy,135,1996.0,Down Periscope,2.9516129032258065,31
137,Man of the Year (1995),Documentary,137,1995.0,Man of the Year,3.0,1
140,Up Close and Personal (1996),Drama|Romance,140,1996.0,Up Close and Personal,3.5,16
141,"Birdcage, The (1996)",Comedy,141,1996.0,"Birdcage, The",3.494186046511628,86
144,"Brothers McMullen, The (1995)",Comedy,144,1995.0,"Brothers McMullen, The",3.3333333333333335,12
145,Bad Boys (1995),Action|Comedy|Crime|Drama|Thriller,145,1995.0,Bad Boys,3.2450980392156863,51
146,"Amazing Panda Adventure, The (1995)",Adventure|Children,146,1995.0,"Amazing Panda Adventure, The",3.3333333333333335,3
147,"Basketball Diaries, The (1995)",Drama,147,1995.0,"Basketball Diaries, The",3.466666666666667,15
148,"Awfully Big Adventure, An (1995)",Drama,148,1995.0,"Awfully Big Adventure, An",5.0,1
149,Amateur (1994),Crime|Drama|Thriller,149,1994.0,Amateur,2.0,1
150,Apollo 13 (1995),Adventure|Drama|IMAX,150,1995.0,Apollo 13,3.845771144278607,201
151,Rob Roy (1995),Action|Drama|Romance|War,151,1995.0,Rob Roy,3.5454545454545454,44
152,"Addiction, The (1995)",Drama|Horror,152,1995.0,"Addiction, The",1.5,2
153,Batman Forever (1995),Action|Adventure|Comedy|Crime,153,1995.0,Batman Forever,2.9160583941605838,137
154,Beauty of the Day (Belle de jour) (1967),Drama,154,1967.0,Beauty of the Day (Belle de jour),3.875,12
155,Beyond Rangoon (1995),Adventure|Drama|War,155,1995.0,Beyond Rangoon,2.4166666666666665,6
156,Blue in the Face (1995),Comedy|Drama,156,1995.0,Blue in the Face,3.3333333333333335,3
157,Canadian Bacon (1995),Comedy|War,157,1995.0,Canadian Bacon,2.8636363636363638,11
158,Casper (1995),Adventure|Children,158,1995.0,Casper,2.806451612903226,62
159,Clockers (1995),Crime|Drama|Mystery,159,1995.0,Clockers,2.892857142857143,14
160,Congo (1995),Action|Adventure|Mystery|Sci-Fi,160,1995.0,Congo,2.8771929824561404,57
161,Crimson Tide (1995),Drama|Thriller|War,161,1995.0,Crimson Tide,3.6359223300970873,103
162,Crumb (1994),Documentary,162,1994.0,Crumb,4.205882352941177,17
163,Desperado (1995),Action|Romance|Western,163,1995.0,Desperado,3.5606060606060606,66
164,Devil in a Blue Dress (1995),Crime|Film-Noir|Mystery|Thriller,164,1995.0,Devil in a Blue Dress,3.3214285714285716,14
165,Die Hard: With a Vengeance (1995),Action|Crime|Thriller,165,1995.0,Die Hard: With a Vengeance,3.5555555555555554,144
166,"Doom Generation, The (1995)",Comedy|Crime|Drama,166,1995.0,"Doom Generation, The",2.8333333333333335,3
168,First Knight (1995),Action|Drama|Romance,168,1995.0,First Knight,3.0833333333333335,54
169,Free Willy 2: The Adventure Home (1995),Adventure|Children|Drama,169,1995.0,Free Willy 2: The Adventure Home,2.4,10
170,Hackers (1995),Action|Adventure|Crime|Thriller,170,1995.0,Hackers,3.2285714285714286,35
171,Jeffrey (1995),Comedy|Drama,171,1995.0,Jeffrey,3.8333333333333335,6
172,Johnny Mnemonic (1995),Action|Sci-Fi|Thriller,172,1995.0,Johnny Mnemonic,2.6792452830188678,53
173,Judge Dredd (1995),Action|Crime|Sci-Fi,173,1995.0,Judge Dredd,2.6693548387096775,62
174,Jury Duty (1995),Comedy,174,1995.0,Jury Duty,2.7,10
175,Kids (1995),Drama,175,1995.0,Kids,3.975,20
176,Living in Oblivion (1995),Comedy,176,1995.0,Living in Oblivion,4.3076923076923075,13
177,Lord of Illusions (1995),Horror,177,1995.0,Lord of Illusions,2.75,8
178,Love & Human Remains (1993),Comedy|Drama,178,1993.0,Love & Human Remains,1.0,1
179,Mad Love (1995),Drama|Romance,179,1995.0,Mad Love,1.5,2
180,Mallrats (1995),Comedy|Romance,180,1995.0,Mallrats,3.4027777777777777,36
181,Mighty Morphin Power Rangers: The Movie (1995),Action|Children,181,1995.0,Mighty Morphin Power Rangers: The Movie,2.264705882352941,17
183,Mute Witness (1994),Comedy|Horror|Thriller,183,1994.0,Mute Witness,3.5,2
184,Nadja (1994),Drama,184,1994.0,Nadja,3.5,2
185,"Net, The (1995)",Action|Crime|Thriller,185,1995.0,"Net, The",3.0401785714285716,112
186,Nine Months (1995),Comedy|Romance,186,1995.0,Nine Months,2.8229166666666665,48
187,Party Girl (1995),Comedy,187,1995.0,Party Girl,4.125,4
188,"Prophecy, The (1995)",Fantasy|Horror|Mystery,188,1995.0,"Prophecy, The",3.4583333333333335,12
189,Reckless (1995),Comedy|Fantasy,189,1995.0,Reckless,3.0,1
190,Safe (1995),Thriller,190,1995.0,Safe,2.8,5
191,"Scarlet Letter, The (1995)",Drama|Romance,191,1995.0,"Scarlet Letter, The",2.4166666666666665,6
193,Showgirls (1995),Drama,193,1995.0,Showgirls,2.4714285714285715,35
194,Smoke (1995),Comedy|Drama,194,1995.0,Smoke,3.6666666666666665,18
195,Something to Talk About (1995),Comedy|Drama|Romance,195,1995.0,Something to Talk About,3.1,10
196,Species (1995),Horror|Sci-Fi,196,1995.0,Species,2.6666666666666665,45
198,Strange Days (1995),Action|Crime|Drama|Mystery|Sci-Fi|Thriller,198,1995.0,Strange Days,3.25,28
199,"Umbrellas of Cherbourg, The (Parapluies de Cherbourg, Les) (1964)",Drama|Musical|Romance,199,1964.0,"Umbrellas of Cherbourg, The (Parapluies de Cherbourg, Les)",4.125,4
201,Three Wishes (1995),Drama|Fantasy,201,1995.0,Three Wishes,3.0,1
202,Total Eclipse (1995),Drama|Romance,202,1995.0,Total Eclipse,3.0,1
203,"To Wong Foo, Thanks for Everything! Julie Newmar (1995)",Comedy,203,1995.0,"To Wong Foo, Thanks for Everything! Julie Newmar",3.4318181818181817,22
204,Under Siege 2: Dark Territory (1995),Action,204,1995.0,Under Siege 2: Dark Territory,2.716666666666667,30
205,Unstrung Heroes (1995),Comedy|Drama,205,1995.0,Unstrung Heroes,3.1666666666666665,9
206,Unzipped (1995),Documentary,206,1995.0,Unzipped,3.0,2
207,"Walk in the Clouds, A (1995)",Drama|Romance,207,1995.0,"Walk in the Clouds, A",3.4285714285714284,21
208,Waterworld (1995),Action|Adventure|Sci-Fi,208,1995.0,Waterworld,2.9130434782608696,115
209,White Man's Burden (1995),Drama,209,1995.0,White Man's Burden,3.1666666666666665,3
210,Wild Bill (1995),Western,210,1995.0,Wild Bill,3.0,4
211,"Browning Version, The (1994)",Drama,211,1994.0,"Browning Version, The",3.5,2
212,Bushwhacked (1995),Adventure|Comedy|Crime|Mystery,212,1995.0,Bushwhacked,3.0,3
213,Burnt by the Sun (Utomlyonnye solntsem) (1994),Drama,213,1994.0,Burnt by the Sun (Utomlyonnye solntsem),3.8333333333333335,6
214,Before the Rain (Pred dozhdot) (1994),Drama|War,214,1994.0,Before the Rain (Pred dozhdot),4.0,2
215,Before Sunrise (1995),Drama|Romance,215,1995.0,Before Sunrise,4.041666666666667,24
216,Billy Madison (1995),Comedy,216,1995.0,Billy Madison,3.326530612244898,49
217,"Babysitter, The (1995)",Drama|Thriller,217,1995.0,"Babysitter, The",2.3333333333333335,6
218,Boys on the Side (1995),Comedy|Drama,218,1995.0,Boys on the Side,3.4285714285714284,14
219,"Cure, The (1995)",Drama,219,1995.0,"Cure, The",3.0,1
220,Castle Freak (1995),Horror,220,1995.0,Castle Freak,3.0,1
222,Circle of Friends (1995),Drama|Romance,222,1995.0,Circle of Friends,3.75,16
223,Clerks (1994),Comedy,223,1994.0,Clerks,3.855769230769231,104
224,Don Juan DeMarco (1995),Comedy|Drama|Romance,224,1995.0,Don Juan DeMarco,3.6125,40
225,Disclosure (1994),Drama|Thriller,225,1994.0,Disclosure,3.5384615384615383,52
227,Drop Zone (1994),Action|Thriller,227,1994.0,Drop Zone,2.8636363636363638,22
228,Destiny Turns on the Radio (1995),Comedy,228,1995.0,Destiny Turns on the Radio,2.3333333333333335,3
229,Death and the Maiden (1994),Drama|Thriller,229,1994.0,Death and the Maiden,3.4285714285714284,7
230,Dolores Claiborne (1995),Drama|Thriller,230,1995.0,Dolores Claiborne,3.3958333333333335,24
231,Dumb & Dumber (Dumb and Dumber) (1994),Adventure|Comedy,231,1994.0,Dumb & Dumber (Dumb and Dumber),3.0601503759398496,133
232,Eat Drink Man Woman (Yin shi nan nu) (1994),Comedy|Drama|Romance,232,1994.0,Eat Drink Man Woman (Yin shi nan nu),3.892857142857143,14
233,Exotica (1994),Drama,233,1994.0,Exotica,3.5,12
234,Exit to Eden (1994),Comedy,234,1994.0,Exit to Eden,2.588235294117647,17
235,Ed Wood (1994),Comedy|Drama,235,1994.0,Ed Wood,3.6785714285714284,70
236,French Kiss (1995),Action|Comedy|Romance,236,1995.0,French Kiss,3.477777777777778,45
237,Forget Paris (1995),Comedy|Romance,237,1995.0,Forget Paris,3.340909090909091,22
238,Far From Home: The Adventures of Yellow Dog (1995),Adventure|Children,238,1995.0,Far From Home: The Adventures of Yellow Dog,4.0,2
239,"Goofy Movie, A (1995)",Animation|Children|Comedy|Romance,239,1995.0,"Goofy Movie, A",3.0,17
240,Hideaway (1995),Thriller,240,1995.0,Hideaway,2.375,4
241,Fluke (1995),Children|Drama,241,1995.0,Fluke,4.0,1
242,Farinelli: il castrato (1994),Drama|Musical,242,1994.0,Farinelli: il castrato,3.6,5
243,Gordy (1995),Children|Comedy|Fantasy,243,1995.0,Gordy,3.0,1
246,Hoop Dreams (1994),Documentary,246,1994.0,Hoop Dreams,4.293103448275862,29
247,Heavenly Creatures (1994),Crime|Drama,247,1994.0,Heavenly Creatures,3.9285714285714284,21
248,Houseguest (1994),Comedy,248,1994.0,Houseguest,3.176470588235294,17
249,Immortal Beloved (1994),Drama|Romance,249,1994.0,Immortal Beloved,3.7222222222222223,18
250,Heavyweights (Heavy Weights) (1995),Children|Comedy,250,1995.0,Heavyweights (Heavy Weights),2.5,6
251,"Hunted, The (1995)",Action,251,1995.0,"Hunted, The",3.0,3
252,I.Q. (1994),Comedy|Romance,252,1994.0,I.Q.,3.453488372093023,43
253,Interview with the Vampire: The Vampire Chronicles (1994),Drama|Horror,253,1994.0,Interview with the Vampire: The Vampire Chronicles,3.458715596330275,109
254,Jefferson in Paris (1995),Drama,254,1995.0,Jefferson in Paris,3.0,1
255,"Jerky Boys, The (1995)",Comedy,255,1995.0,"Jerky Boys, The",2.0714285714285716,7
256,Junior (1994),Comedy|Sci-Fi,256,1994.0,Junior,2.8285714285714287,35
257,Just Cause (1995),Mystery|Thriller,257,1995.0,Just Cause,3.5,14
258,"Kid in King Arthur's Court, A (1995)",Adventure|Children|Comedy|Fantasy|Romance,258,1995.0,"Kid in King Arthur's Court, A",2.6,10
259,Kiss of Death (1995),Crime|Drama|Thriller,259,1995.0,Kiss of Death,3.2,5
260,Star Wars: Episode IV - A New Hope (1977),Action|Adventure|Sci-Fi,260,1977.0,Star Wars: Episode IV - A New Hope,4.231075697211155,251
261,Little Women (1994),Drama,261,1994.0,Little Women,3.880952380952381,42
262,"Little Princess, A (1995)",Children|Drama,262,1995.0,"Little Princess, A",3.9047619047619047,21
263,Ladybird Ladybird (1994),Drama,263,1994.0,Ladybird Ladybird,4.0,1
265,Like Water for Chocolate (Como agua para chocolate) (1992),Drama|Fantasy|Romance,265,1992.0,Like Water for Chocolate (Como agua para chocolate),3.9393939393939394,33
266,Legends of the Fall (1994),Drama|Romance|War|Western,266,1994.0,Legends of the Fall,3.3970588235294117,68
267,Major Payne (1995),Comedy,267,1995.0,Major Payne,2.9411764705882355,17
269,My Crazy Life (Mi vida loca) (1993),Drama,269,1993.0,My Crazy Life (Mi vida loca),3.0,2
270,Love Affair (1994),Drama|Romance,270,1994.0,Love Affair,3.4,5
271,Losing Isaiah (1995),Drama,271,1995.0,Losing Isaiah,3.5,4
272,"Madness of King George, The (1994)",Comedy|Drama,272,1994.0,"Madness of King George, The",3.7580645161290325,31
273,Mary Shelley's Frankenstein (Frankenstein) (1994),Drama|Horror|Sci-Fi,273,1994.0,Mary Shelley's Frankenstein (Frankenstein),2.9464285714285716,28
274,Man of the House (1995),Comedy,274,1995.0,Man of the House,2.9285714285714284,7
275,Mixed Nuts (1994),Comedy,275,1994.0,Mixed Nuts,2.0,6
276,Milk Money (1994),Comedy|Romance,276,1994.0,Milk Money,3.25,22
277,Miracle on 34th Street (1994),Drama,277,1994.0,Miracle on 34th Street,3.223684210526316,38
278,Miami Rhapsody (1995),Comedy,278,1995.0,Miami Rhapsody,1.5,2
279,My Family (1995),Drama,279,1995.0,My Family,3.0,2
280,Murder in the First (1995),Drama|Thriller,280,1995.0,Murder in the First,4.076923076923077,13
281,Nobody's Fool (1994),Comedy|Drama|Romance,281,1994.0,Nobody's Fool,3.7857142857142856,14
282,Nell (1994),Drama,282,1994.0,Nell,3.3375,40
283,New Jersey Drive (1995),Crime|Drama,283,1995.0,New Jersey Drive,3.6666666666666665,3
284,New York Cop (Nyû Yôku no koppu) (1993),Action|Crime,284,1993.0,New York Cop (Nyû Yôku no koppu),4.5,1
285,Beyond Bedlam (1993),Drama|Horror,285,1993.0,Beyond Bedlam,4.0,1
287,Nina Takes a Lover (1994),Comedy|Romance,287,1994.0,Nina Takes a Lover,3.0,1
288,Natural Born Killers (1994),Action|Crime|Thriller,288,1994.0,Natural Born Killers,3.233695652173913,92
289,Only You (1994),Comedy|Romance,289,1994.0,Only You,3.5625,8
290,Once Were Warriors (1994),Crime|Drama,290,1994.0,Once Were Warriors,4.035714285714286,14
291,Poison Ivy II (1996),Drama|Thriller,291,1996.0,Poison Ivy II,2.3333333333333335,3
292,Outbreak (1995),Action|Drama|Sci-Fi|Thriller,292,1995.0,Outbreak,3.4257425742574257,101
293,Léon: The Professional (a.k.a. The Professional) (Léon) (1994),Action|Crime|Drama|Thriller,293,1994.0,Léon: The Professional (a.k.a. The Professional) (Léon),4.018796992481203,133
294,"Perez Family, The (1995)",Comedy|Romance,294,1995.0,"Perez Family, The",3.0,2
295,"Pyromaniac's Love Story, A (1995)",Comedy|Romance,295,1995.0,"Pyromaniac's Love Story, A",3.0,1
296,Pulp Fiction (1994),Comedy|Crime|Drama|Thriller,296,1994.0,Pulp Fiction,4.197068403908795,307
298,Pushing Hands (Tui shou) (1992),Drama,298,1992.0,Pushing Hands (Tui shou),2.0,1
299,Priest (1994),Drama,299,1994.0,Priest,4.0,4
300,Quiz Show (1994),Drama,300,1994.0,Quiz Show,3.5185185185185186,81
301,Picture Bride (Bijo photo) (1994),Drama|Romance,301,1994.0,Picture Bride (Bijo photo),4.0,1
302,"Queen Margot (Reine Margot, La) (1994)",Drama|Romance,302,1994.0,"Queen Margot (Reine Margot, La)",3.2,5
303,"Quick and the Dead, The (1995)",Action|Thriller|Western,303,1995.0,"Quick and the Dead, The",2.953125,32
304,Roommates (1995),Comedy|Drama,304,1995.0,Roommates,3.6666666666666665,3
305,Ready to Wear (Pret-A-Porter) (1994),Comedy,305,1994.0,Ready to Wear (Pret-A-Porter),2.8333333333333335,9
306,Three Colors: Red (Trois couleurs: Rouge) (1994),Drama,306,1994.0,Three Colors: Red (Trois couleurs: Rouge),4.21875,16
307,Three Colors: Blue (Trois couleurs: Bleu) (1993),Drama,307,1993.0,Three Colors: Blue (Trois couleurs: Bleu),3.8958333333333335,24
308,Three Colors: White (Trzy kolory: Bialy) (1994),Comedy|Drama,308,1994.0,Three Colors: White (Trzy kolory: Bialy),4.025,20
310,Rent-a-Kid (1995),Comedy,310,1995.0,Rent-a-Kid,3.0,1
311,Relative Fear (1994),Horror|Thriller,311,1994.0,Relative Fear,3.0,1
312,Stuart Saves His Family (1995),Comedy,312,1995.0,Stuart Saves His Family,1.4444444444444444,9
313,"Swan Princess, The (1994)",Animation|Children,313,1994.0,"Swan Princess, The",3.3333333333333335,3
314,"Secret of Roan Inish, The (1994)",Children|Drama|Fantasy|Mystery,314,1994.0,"Secret of Roan Inish, The",3.75,16
315,"Specialist, The (1994)",Action|Drama|Thriller,315,1994.0,"Specialist, The",3.0789473684210527,38
316,Stargate (1994),Action|Adventure|Sci-Fi,316,1994.0,Stargate,3.375,140
317,"Santa Clause, The (1994)",Comedy|Drama|Fantasy,317,1994.0,"Santa Clause, The",3.2037037037037037,81
318,"Shawshank Redemption, The (1994)",Crime|Drama,318,1994.0,"Shawshank Redemption, The",4.429022082018927,317
319,Shallow Grave (1994),Comedy|Drama|Thriller,319,1994.0,Shallow Grave,3.6,20
320,Suture (1993),Film-Noir|Thriller,320,1993.0,Suture,3.0,1
321,Strawberry and Chocolate (Fresa y chocolate) (1993),Drama,321,1993.0,Strawberry and Chocolate (Fresa y chocolate),4.0,2
322,Swimming with Sharks (1995),Comedy|Drama,322,1995.0,Swimming with Sharks,3.55,10
324,"Sum of Us, The (1994)",Comedy|Drama,324,1994.0,"Sum of Us, The",4.0,1
325,National Lampoon's Senior Trip (1995),Comedy,325,1995.0,National Lampoon's Senior Trip,2.5,7
326,To Live (Huozhe) (1994),Drama,326,1994.0,To Live (Huozhe),4.0,3
327,Tank Girl (1995),Action|Comedy|Sci-Fi,327,1995.0,Tank Girl,2.823529411764706,34
328,Tales from the Crypt Presents: Demon Knight (1995),Horror|Thriller,328,1995.0,Tales from the Crypt Presents: Demon Knight,3.15,10
329,Star Trek: Generations (1994),Adventure|Drama|Sci-Fi,329,1994.0,Star Trek: Generations,3.3935185185185186,108
330,Tales from the Hood (1995),Action|Crime|Horror,330,1995.0,Tales from the Hood,3.0,6
331,Tom & Viv (1994),Drama,331,1994.0,Tom & Viv,3.0,2
332,Village of the Damned (1995),Horror|Sci-Fi,332,1995.0,Village of the Damned,2.8333333333333335,12
333,Tommy Boy (1995),Comedy,333,1995.0,Tommy Boy,3.78,50
334,Vanya on 42nd Street (1994),Drama,334,1994.0,Vanya on 42nd Street,4.2,5
335,Underneath (1995),Mystery|Thriller,335,1995.0,Underneath,3.5,2
336,"Walking Dead, The (1995)",Drama|War,336,1995.0,"Walking Dead, The",3.0,1
337,What's Eating Gilbert Grape (1993),Drama,337,1993.0,What's Eating Gilbert Grape,3.7662337662337664,77
338,Virtuosity (1995),Action|Sci-Fi|Thriller,338,1995.0,Virtuosity,2.8421052631578947,19
339,While You Were Sleeping (1995),Comedy|Romance,339,1995.0,While You Were Sleeping,3.4693877551020407,98
340,"War, The (1994)",Adventure|Drama|War,340,1994.0,"War, The",3.4,5
341,Double Happiness (1994),Drama,341,1994.0,Double Happiness,4.0,2
342,Muriel's Wedding (1994),Comedy,342,1994.0,Muriel's Wedding,3.272727272727273,33
343,"Baby-Sitters Club, The (1995)",Children,343,1995.0,"Baby-Sitters Club, The",2.9,5
344,Ace Ventura: Pet Detective (1994),Comedy,344,1994.0,Ace Ventura: Pet Detective,3.040372670807453,161
345,"Adventures of Priscilla, Queen of the Desert, The (1994)",Comedy|Drama,345,1994.0,"Adventures of Priscilla, Queen of the Desert, The",3.5972222222222223,36
346,Backbeat (1993),Drama|Musical,346,1993.0,Backbeat,3.5,6
347,Bitter Moon (1992),Drama|Film-Noir|Romance,347,1992.0,Bitter Moon,3.5,6
348,Bullets Over Broadway (1994),Comedy,348,1994.0,Bullets Over Broadway,3.5833333333333335,30
349,Clear and Present Danger (1994),Action|Crime|Drama|Thriller,349,1994.0,Clear and Present Danger,3.6045454545454545,110
350,"Client, The (1994)",Drama|Mystery|Thriller,350,1994.0,"Client, The",3.3859649122807016,57
351,"Corrina, Corrina (1994)",Comedy|Drama|Romance,351,1994.0,"Corrina, Corrina",3.176470588235294,17
352,Crooklyn (1994),Comedy|Drama,352,1994.0,Crooklyn,2.5,2
353,"Crow, The (1994)",Action|Crime|Fantasy|Thriller,353,1994.0,"Crow, The",3.609375,64
354,Cobb (1994),Drama,354,1994.0,Cobb,3.3333333333333335,6
355,"Flintstones, The (1994)",Children|Comedy|Fantasy,355,1994.0,"Flintstones, The",2.357142857142857,42
356,Forrest Gump (1994),Comedy|Drama|Romance|War,356,1994.0,Forrest Gump,4.164133738601824,329
357,Four Weddings and a Funeral (1994),Comedy|Romance,357,1994.0,Four Weddings and a Funeral,3.5194174757281553,103
358,Higher Learning (1995),Drama,358,1995.0,Higher Learning,2.6666666666666665,9
359,I Like It Like That (1994),Comedy|Drama|Romance,359,1994.0,I Like It Like That,3.0,1
360,I Love Trouble (1994),Action|Comedy,360,1994.0,I Love Trouble,2.6875,8
361,It Could Happen to You (1994),Comedy|Drama|Romance,361,1994.0,It Could Happen to You,3.0588235294117645,17
362,"Jungle Book, The (1994)",Adventure|Children|Romance,362,1994.0,"Jungle Book, The",3.5294117647058822,34
363,"Wonderful, Horrible Life of Leni Riefenstahl, The (Macht der Bilder: Leni Riefenstahl, Die) (1993)",Documentary,363,1993.0,"Wonderful, Horrible Life of Leni Riefenstahl, The (Macht der Bilder: Leni Riefenstahl, Die)",4.0,2
364,"Lion King, The (1994)",Adventure|Animation|Children|Drama|Musical|IMAX,364,1994.0,"Lion King, The",3.941860465116279,172
365,Little Buddha (1993),Drama,365,1993.0,Little Buddha,3.25,4
366,"Wes Craven's New Nightmare (Nightmare on Elm Street Part 7: Freddy's Finale, A) (1994)",Drama|Horror|Mystery|Thriller,366,1994.0,"Wes Craven's New Nightmare (Nightmare on Elm Street Part 7: Freddy's Finale, A)",2.9166666666666665,12
367,"Mask, The (1994)",Action|Comedy|Crime|Fantasy,367,1994.0,"Mask, The",3.1847133757961785,157
368,Maverick (1994),Adventure|Comedy|Western,368,1994.0,Maverick,3.5,74
369,Mrs. Parker and the Vicious Circle (1994),Drama,369,1994.0,Mrs. Parker and the Vicious Circle,4.0,2
370,Naked Gun 33 1/3: The Final Insult (1994),Action|Comedy,370,1994.0,Naked Gun 33 1/3: The Final Insult,3.060344827586207,58
371,"Paper, The (1994)",Comedy|Drama,371,1994.0,"Paper, The",3.3095238095238093,21
372,Reality Bites (1994),Comedy|Drama|Romance,372,1994.0,Reality Bites,2.761904761904762,21
373,Red Rock West (1992),Thriller,373,1992.0,Red Rock West,3.6363636363636362,11
374,Richie Rich (1994),Children|Comedy,374,1994.0,Richie Rich,2.2,25
376,"River Wild, The (1994)",Action|Thriller,376,1994.0,"River Wild, The",3.25,40
377,Speed (1994),Action|Romance|Thriller,377,1994.0,Speed,3.5292397660818713,171
378,Speechless (1994),Comedy|Romance,378,1994.0,Speechless,2.7857142857142856,7
379,Timecop (1994),Action|Sci-Fi|Thriller,379,1994.0,Timecop,2.5,21
380,True Lies (1994),Action|Adventure|Comedy|Romance|Thriller,380,1994.0,True Lies,3.497191011235955,178
381,When a Man Loves a Woman (1994),Drama|Romance,381,1994.0,When a Man Loves a Woman,3.8181818181818183,11
382,Wolf (1994),Drama|Horror|Romance|Thriller,382,1994.0,Wolf,3.15625,16
383,Wyatt Earp (1994),Western,383,1994.0,Wyatt Earp,3.0952380952380953,21
384,Bad Company (1995),Action|Crime|Drama,384,1995.0,Bad Company,3.25,2
385,"Man of No Importance, A (1994)",Drama,385,1994.0,"Man of No Importance, A",4.0,1
386,S.F.W. (1994),Drama,386,1994.0,S.F.W.,3.0,1
387,"Low Down Dirty Shame, A (1994)",Action|Comedy,387,1994.0,"Low Down Dirty Shame, A",2.375,4
388,Boys Life (1995),Drama,388,1995.0,Boys Life,3.0,2
389,"Colonel Chabert, Le (1994)",Drama|Romance|War,389,1994.0,"Colonel Chabert, Le",4.5,2
390,Faster Pussycat! Kill! Kill! (1965),Action|Crime|Drama,390,1965.0,Faster Pussycat! Kill! Kill!,3.7,5
391,Jason's Lyric (1994),Crime|Drama,391,1994.0,Jason's Lyric,4.5,1
393,Street Fighter (1994),Action|Adventure|Fantasy,393,1994.0,Street Fighter,2.5,10
405,Highlander III: The Sorcerer (a.k.a. Highlander: The Final Dimension) (1994),Action|Fantasy,405,1994.0,Highlander III: The Sorcerer (a.k.a. Highlander: The Final Dimension),2.4166666666666665,12
406,Federal Hill (1994),Drama,406,1994.0,Federal Hill,3.0,1
407,In the Mouth of Madness (1995),Horror|Thriller,407,1995.0,In the Mouth of Madness,3.4375,8
408,8 Seconds (1994),Drama,408,1994.0,8 Seconds,3.0,2
409,Above the Rim (1994),Crime|Drama,409,1994.0,Above the Rim,2.0,1
410,Addams Family Values (1993),Children|Comedy|Fantasy,410,1993.0,Addams Family Values,3.1011904761904763,84
412,"Age of Innocence, The (1993)",Drama,412,1993.0,"Age of Innocence, The",3.5,15
413,Airheads (1994),Comedy,413,1994.0,Airheads,2.7884615384615383,26
414,"Air Up There, The (1994)",Comedy,414,1994.0,"Air Up There, The",2.3333333333333335,6
415,Another Stakeout (1993),Comedy|Thriller,415,1993.0,Another Stakeout,2.53125,16
416,Bad Girls (1994),Western,416,1994.0,Bad Girls,2.5,8
417,Barcelona (1994),Comedy|Romance,417,1994.0,Barcelona,3.6923076923076925,13
418,Being Human (1993),Drama,418,1993.0,Being Human,3.0,2
419,"Beverly Hillbillies, The (1993)",Comedy,419,1993.0,"Beverly Hillbillies, The",2.675,20
420,Beverly Hills Cop III (1994),Action|Comedy|Crime|Thriller,420,1994.0,Beverly Hills Cop III,2.7203389830508473,59
421,Black Beauty (1994),Adventure|Children|Drama,421,1994.0,Black Beauty,3.2083333333333335,12
422,Blink (1994),Thriller,422,1994.0,Blink,3.2,5
423,Blown Away (1994),Action|Thriller,423,1994.0,Blown Away,2.85,10
424,Blue Chips (1994),Drama,424,1994.0,Blue Chips,1.8333333333333333,3
425,Blue Sky (1994),Drama|Romance,425,1994.0,Blue Sky,3.75,2
426,Body Snatchers (1993),Horror|Sci-Fi|Thriller,426,1993.0,Body Snatchers,3.142857142857143,7
427,Boxing Helena (1993),Drama|Mystery|Romance|Thriller,427,1993.0,Boxing Helena,2.5416666666666665,12
428,"Bronx Tale, A (1993)",Drama,428,1993.0,"Bronx Tale, A",3.7222222222222223,18
429,Cabin Boy (1994),Comedy,429,1994.0,Cabin Boy,2.0,6
430,Calendar Girl (1993),Comedy|Drama,430,1993.0,Calendar Girl,3.75,2
431,Carlito's Way (1993),Crime|Drama,431,1993.0,Carlito's Way,3.738095238095238,42
432,City Slickers II: The Legend of Curly's Gold (1994),Adventure|Comedy|Western,432,1994.0,City Slickers II: The Legend of Curly's Gold,2.6454545454545455,55
433,Clean Slate (1994),Comedy,433,1994.0,Clean Slate,2.75,8
434,Cliffhanger (1993),Action|Adventure|Thriller,434,1993.0,Cliffhanger,3.0346534653465347,101
435,Coneheads (1993),Comedy|Sci-Fi,435,1993.0,Coneheads,2.4206349206349205,63
436,Color of Night (1994),Drama|Thriller,436,1994.0,Color of Night,2.5714285714285716,7
437,Cops and Robbersons (1994),Comedy,437,1994.0,Cops and Robbersons,2.1666666666666665,9
438,"Cowboy Way, The (1994)",Action|Comedy|Drama,438,1994.0,"Cowboy Way, The",2.7142857142857144,7
440,Dave (1993),Comedy|Romance,440,1993.0,Dave,3.5460526315789473,76
441,Dazed and Confused (1993),Comedy,441,1993.0,Dazed and Confused,3.9285714285714284,42
442,Demolition Man (1993),Action|Adventure|Sci-Fi,442,1993.0,Demolition Man,3.0925925925925926,81
444,Even Cowgirls Get the Blues (1993),Comedy|Romance,444,1993.0,Even Cowgirls Get the Blues,2.3333333333333335,6
445,Fatal Instinct (1993),Comedy,445,1993.0,Fatal Instinct,3.0,12
446,Farewell My Concubine (Ba wang bie ji) (1993),Drama|Romance,446,1993.0,Farewell My Concubine (Ba wang bie ji),3.8333333333333335,9
448,Fearless (1993),Drama,448,1993.0,Fearless,3.625,8
449,Fear of a Black Hat (1994),Comedy,449,1994.0,Fear of a Black Hat,1.0,1
450,With Honors (1994),Comedy|Drama,450,1994.0,With Honors,3.0,7
451,Flesh and Bone (1993),Drama|Mystery|Romance,451,1993.0,Flesh and Bone,4.0,1
452,Widows' Peak (1994),Drama,452,1994.0,Widows' Peak,3.0,3
453,For Love or Money (1993),Comedy|Romance,453,1993.0,For Love or Money,2.8,5
454,"Firm, The (1993)",Drama|Thriller,454,1993.0,"Firm, The",3.5346534653465347,101
455,Free Willy (1993),Adventure|Children|Drama,455,1993.0,Free Willy,2.391891891891892,37
456,Fresh (1994),Crime|Drama|Thriller,456,1994.0,Fresh,3.75,4
457,"Fugitive, The (1993)",Thriller,457,1993.0,"Fugitive, The",3.9921052631578946,190
458,Geronimo: An American Legend (1993),Drama|Western,458,1993.0,Geronimo: An American Legend,2.8,5
459,"Getaway, The (1994)",Action|Adventure|Crime|Drama|Romance|Thriller,459,1994.0,"Getaway, The",2.25,6
460,Getting Even with Dad (1994),Comedy,460,1994.0,Getting Even with Dad,2.6666666666666665,3
461,Go Fish (1994),Drama|Romance,461,1994.0,Go Fish,2.75,4
464,Hard Target (1993),Action|Adventure|Crime|Thriller,464,1993.0,Hard Target,2.9,10
466,Hot Shots! Part Deux (1993),Action|Comedy|War,466,1993.0,Hot Shots! Part Deux,2.8666666666666667,60
467,Live Nude Girls (1995),Comedy,467,1995.0,Live Nude Girls,5.0,1
468,"Englishman Who Went Up a Hill But Came Down a Mountain, The (1995)",Comedy|Romance,468,1995.0,"Englishman Who Went Up a Hill But Came Down a Mountain, The",3.2045454545454546,22
469,"House of the Spirits, The (1993)",Drama|Romance,469,1993.0,"House of the Spirits, The",3.4,5
470,House Party 3 (1994),Comedy,470,1994.0,House Party 3,1.0,1
471,"Hudsucker Proxy, The (1994)",Comedy,471,1994.0,"Hudsucker Proxy, The",3.55,40
472,I'll Do Anything (1994),Comedy|Drama,472,1994.0,I'll Do Anything,2.5833333333333335,6
473,In the Army Now (1994),Comedy|War,473,1994.0,In the Army Now,1.8571428571428572,7
474,In the Line of Fire (1993),Action|Thriller,474,1993.0,In the Line of Fire,3.692857142857143,70
475,In the Name of the Father (1993),Drama,475,1993.0,In the Name of the Father,4.3,25
476,"Inkwell, The (1994)",Comedy|Drama,476,1994.0,"Inkwell, The",1.0,1
477,What's Love Got to Do with It? (1993),Drama|Musical,477,1993.0,What's Love Got to Do with It?,3.3823529411764706,17
478,Jimmy Hollywood (1994),Comedy|Crime|Drama,478,1994.0,Jimmy Hollywood,2.5,1
479,Judgment Night (1993),Action|Crime|Thriller,479,1993.0,Judgment Night,2.25,4
480,Jurassic Park (1993),Action|Adventure|Sci-Fi|Thriller,480,1993.0,Jurassic Park,3.75,238
481,Kalifornia (1993),Drama|Thriller,481,1993.0,Kalifornia,3.1578947368421053,19
482,Killing Zoe (1994),Crime|Drama|Thriller,482,1994.0,Killing Zoe,3.625,8
484,Lassie (1994),Adventure|Children,484,1994.0,Lassie,3.0,2
485,Last Action Hero (1993),Action|Adventure|Comedy|Fantasy,485,1993.0,Last Action Hero,2.9339622641509435,53
486,Life with Mikey (1993),Comedy,486,1993.0,Life with Mikey,3.0,3
487,Lightning Jack (1994),Comedy|Western,487,1994.0,Lightning Jack,2.5,4
488,M. Butterfly (1993),Drama|Romance,488,1993.0,M. Butterfly,3.0,1
489,Made in America (1993),Comedy,489,1993.0,Made in America,2.8636363636363638,11
490,Malice (1993),Thriller,490,1993.0,Malice,3.0,12
491,"Man Without a Face, The (1993)",Drama,491,1993.0,"Man Without a Face, The",3.2941176470588234,17
492,Manhattan Murder Mystery (1993),Comedy|Mystery,492,1993.0,Manhattan Murder Mystery,3.75,14
493,Menace II Society (1993),Action|Crime|Drama,493,1993.0,Menace II Society,3.6666666666666665,12
494,Executive Decision (1996),Action|Adventure|Thriller,494,1996.0,Executive Decision,3.3780487804878048,41
495,In the Realm of the Senses (Ai no corrida) (1976),Drama,495,1976.0,In the Realm of the Senses (Ai no corrida),5.0,1
496,What Happened Was... (1994),Comedy|Drama|Romance|Thriller,496,1994.0,What Happened Was...,5.0,1
497,Much Ado About Nothing (1993),Comedy|Romance,497,1993.0,Much Ado About Nothing,3.813953488372093,43
499,Mr. Wonderful (1993),Comedy|Romance,499,1993.0,Mr. Wonderful,2.5,2
500,Mrs. Doubtfire (1993),Comedy|Drama,500,1993.0,Mrs. Doubtfire,3.388888888888889,144
501,Naked (1993),Drama,501,1993.0,Naked,3.6666666666666665,6
502,"Next Karate Kid, The (1994)",Action|Children|Romance,502,1994.0,"Next Karate Kid, The",2.3666666666666667,15
504,No Escape (1994),Action|Drama|Sci-Fi,504,1994.0,No Escape,3.0,2
505,North (1994),Comedy,505,1994.0,North,2.2142857142857144,7
506,Orlando (1992),Drama|Fantasy|Romance,506,1992.0,Orlando,4.5,2
507,"Perfect World, A (1993)",Crime|Drama|Thriller,507,1993.0,"Perfect World, A",3.3846153846153846,13
508,Philadelphia (1993),Drama,508,1993.0,Philadelphia,3.6136363636363638,66
509,"Piano, The (1993)",Drama|Romance,509,1993.0,"Piano, The",3.540983606557377,61
510,Poetic Justice (1993),Drama,510,1993.0,Poetic Justice,3.0,1
511,"Program, The (1993)",Action|Drama,511,1993.0,"Program, The",3.0,2
512,"Puppet Masters, The (1994)",Horror|Sci-Fi,512,1994.0,"Puppet Masters, The",3.0,4
513,Radioland Murders (1994),Comedy|Mystery|Romance,513,1994.0,Radioland Murders,3.375,4
514,"Ref, The (1994)",Comedy,514,1994.0,"Ref, The",3.4166666666666665,18
515,"Remains of the Day, The (1993)",Drama|Romance,515,1993.0,"Remains of the Day, The",3.6041666666666665,24
516,Renaissance Man (1994),Comedy|Drama,516,1994.0,Renaissance Man,3.0555555555555554,18
517,Rising Sun (1993),Action|Drama|Mystery,517,1993.0,Rising Sun,3.2777777777777777,9
518,"Road to Wellville, The (1994)",Comedy,518,1994.0,"Road to Wellville, The",2.375,4
519,RoboCop 3 (1993),Action|Crime|Drama|Sci-Fi|Thriller,519,1993.0,RoboCop 3,2.4047619047619047,21
520,Robin Hood: Men in Tights (1993),Comedy,520,1993.0,Robin Hood: Men in Tights,3.130434782608696,69
521,Romeo Is Bleeding (1993),Crime|Thriller,521,1993.0,Romeo Is Bleeding,3.1666666666666665,3
522,Romper Stomper (1992),Action|Drama,522,1992.0,Romper Stomper,3.2857142857142856,7
523,Ruby in Paradise (1993),Drama,523,1993.0,Ruby in Paradise,3.5,4
524,Rudy (1993),Drama,524,1993.0,Rudy,3.485294117647059,34
526,"Savage Nights (Nuits fauves, Les) (1992)",Drama,526,1992.0,"Savage Nights (Nuits fauves, Les)",4.0,1
527,Schindler's List (1993),Drama|War,527,1993.0,Schindler's List,4.225,220
528,"Scout, The (1994)",Comedy|Drama,528,1994.0,"Scout, The",2.3333333333333335,3
529,Searching for Bobby Fischer (1993),Drama,529,1993.0,Searching for Bobby Fischer,3.875,40
531,"Secret Garden, The (1993)",Children|Drama,531,1993.0,"Secret Garden, The",3.25,24
532,Serial Mom (1994),Comedy|Crime|Horror,532,1994.0,Serial Mom,3.0,16
533,"Shadow, The (1994)",Action|Adventure|Fantasy|Mystery,533,1994.0,"Shadow, The",2.888888888888889,18
534,Shadowlands (1993),Drama|Romance,534,1993.0,Shadowlands,3.607142857142857,14
535,Short Cuts (1993),Drama,535,1993.0,Short Cuts,3.2666666666666666,15
536,"Simple Twist of Fate, A (1994)",Drama,536,1994.0,"Simple Twist of Fate, A",3.3333333333333335,3
537,Sirens (1994),Drama,537,1994.0,Sirens,3.1666666666666665,12
538,Six Degrees of Separation (1993),Drama,538,1993.0,Six Degrees of Separation,3.5833333333333335,12
539,Sleepless in Seattle (1993),Comedy|Drama|Romance,539,1993.0,Sleepless in Seattle,3.4716981132075473,106
540,Sliver (1993),Thriller,540,1993.0,Sliver,2.6666666666666665,18
541,Blade Runner (1982),Action|Sci-Fi|Thriller,541,1982.0,Blade Runner,4.100806451612903,124
542,Son in Law (1993),Comedy|Drama|Romance,542,1993.0,Son in Law,2.7857142857142856,14
543,So I Married an Axe Murderer (1993),Comedy|Romance|Thriller,543,1993.0,So I Married an Axe Murderer,3.317073170731707,41
544,Striking Distance (1993),Action|Crime,544,1993.0,Striking Distance,2.4375,8
546,Super Mario Bros. (1993),Action|Adventure|Children|Comedy|Fantasy|Sci-Fi,546,1993.0,Super Mario Bros.,2.0,21
547,Surviving the Game (1994),Action|Adventure|Thriller,547,1994.0,Surviving the Game,3.25,2
548,Terminal Velocity (1994),Action|Mystery|Thriller,548,1994.0,Terminal Velocity,2.75,6
549,Thirty-Two Short Films About Glenn Gould (1993),Drama|Musical,549,1993.0,Thirty-Two Short Films About Glenn Gould,4.5,2
550,Threesome (1994),Comedy|Romance,550,1994.0,Threesome,3.4,5
551,"Nightmare Before Christmas, The (1993)",Animation|Children|Fantasy|Musical,551,1993.0,"Nightmare Before Christmas, The",3.553763440860215,93
552,"Three Musketeers, The (1993)",Action|Adventure|Comedy|Romance,552,1993.0,"Three Musketeers, The",3.262295081967213,61
553,Tombstone (1993),Action|Drama|Western,553,1993.0,Tombstone,3.8153846153846156,65
555,True Romance (1993),Crime|Thriller,555,1993.0,True Romance,3.8,65
556,"War Room, The (1993)",Documentary,556,1993.0,"War Room, The",3.3333333333333335,6
558,"Pagemaster, The (1994)",Action|Adventure|Animation|Children|Fantasy,558,1994.0,"Pagemaster, The",2.9375,8
562,Welcome to the Dollhouse (1995),Comedy|Drama,562,1995.0,Welcome to the Dollhouse,3.5434782608695654,23
563,Germinal (1993),Drama|Romance,563,1993.0,Germinal,4.0,1
564,Chasers (1994),Comedy,564,1994.0,Chasers,1.5,2
567,Kika (1993),Comedy|Drama,567,1993.0,Kika,2.0,3
568,Bhaji on the Beach (1993),Comedy|Drama,568,1993.0,Bhaji on the Beach,3.5,2
569,Little Big League (1994),Comedy|Drama,569,1994.0,Little Big League,2.6666666666666665,6
573,"Ciao, Professore! (Io speriamo che me la cavo) (1992)",Drama,573,1992.0,"Ciao, Professore! (Io speriamo che me la cavo)",3.5,1
574,Spanking the Monkey (1994),Comedy|Drama,574,1994.0,Spanking the Monkey,3.25,4
575,"Little Rascals, The (1994)",Children|Comedy,575,1994.0,"Little Rascals, The",2.65625,16
577,Andre (1994),Adventure|Children|Drama,577,1994.0,Andre,2.125,4
579,"Escort, The (Scorta, La) (1993)",Crime|Thriller,579,1993.0,"Escort, The (Scorta, La)",3.0,1
580,Princess Caraboo (1994),Drama,580,1994.0,Princess Caraboo,2.8,5
581,"Celluloid Closet, The (1995)",Documentary,581,1995.0,"Celluloid Closet, The",4.0,4
583,Dear Diary (Caro Diario) (1994),Comedy|Drama,583,1994.0,Dear Diary (Caro Diario),4.0,1
585,"Brady Bunch Movie, The (1995)",Comedy,585,1995.0,"Brady Bunch Movie, The",2.736111111111111,36
586,Home Alone (1990),Children|Comedy,586,1990.0,Home Alone,2.9956896551724137,116
587,Ghost (1990),Comedy|Drama|Fantasy|Romance|Thriller,587,1990.0,Ghost,3.4347826086956523,115
588,Aladdin (1992),Adventure|Animation|Children|Comedy|Musical,588,1992.0,Aladdin,3.7923497267759565,183
589,Terminator 2: Judgment Day (1991),Action|Sci-Fi,589,1991.0,Terminator 2: Judgment Day,3.970982142857143,224
590,Dances with Wolves (1990),Adventure|Drama|Western,590,1990.0,Dances with Wolves,3.8353658536585367,164
592,Batman (1989),Action|Crime|Thriller,592,1989.0,Batman,3.4285714285714284,189
593,"Silence of the Lambs, The (1991)",Crime|Horror|Thriller,593,1991.0,"Silence of the Lambs, The",4.161290322580645,279
594,Snow White and the Seven Dwarfs (1937),Animation|Children|Drama|Fantasy|Musical,594,1937.0,Snow White and the Seven Dwarfs,3.616883116883117,77
595,Beauty and the Beast (1991),Animation|Children|Fantasy|Musical|Romance|IMAX,595,1991.0,Beauty and the Beast,3.7705479452054793,146
596,Pinocchio (1940),Animation|Children|Fantasy|Musical,596,1940.0,Pinocchio,3.45,60
597,Pretty Woman (1990),Comedy|Romance,597,1990.0,Pretty Woman,3.4851851851851854,135
599,"Wild Bunch, The (1969)",Adventure|Western,599,1969.0,"Wild Bunch, The",3.8181818181818183,11
600,Love and a .45 (1994),Action|Comedy|Crime,600,1994.0,Love and a .45,4.0,1
602,"Great Day in Harlem, A (1994)",Documentary,602,1994.0,"Great Day in Harlem, A",4.0,1
605,One Fine Day (1996),Drama|Romance,605,1996.0,One Fine Day,3.0,10
606,Candyman: Farewell to the Flesh (1995),Fantasy|Horror,606,1995.0,Candyman: Farewell to the Flesh,3.0,4
608,Fargo (1996),Comedy|Crime|Drama|Thriller,608,1996.0,Fargo,4.116022099447513,181
609,Homeward Bound II: Lost in San Francisco (1996),Adventure|Children,609,1996.0,Homeward Bound II: Lost in San Francisco,3.5714285714285716,14
610,Heavy Metal (1981),Action|Adventure|Animation|Horror|Sci-Fi,610,1981.0,Heavy Metal,3.5454545454545454,33
611,Hellraiser: Bloodline (1996),Action|Horror|Sci-Fi,611,1996.0,Hellraiser: Bloodline,2.4166666666666665,6
612,"Pallbearer, The (1996)",Comedy,612,1996.0,"Pallbearer, The",2.5,6
613,Jane Eyre (1996),Drama|Romance,613,1996.0,Jane Eyre,3.1875,8
615,Bread and Chocolate (Pane e cioccolata) (1973),Comedy|Drama,615,1973.0,Bread and Chocolate (Pane e cioccolata),3.0,1
616,"Aristocats, The (1970)",Animation|Children,616,1970.0,"Aristocats, The",3.411111111111111,45
617,"Flower of My Secret, The (La flor de mi secreto) (1995)",Comedy|Drama,617,1995.0,"Flower of My Secret, The (La flor de mi secreto)",2.8333333333333335,3
618,Two Much (1995),Comedy|Romance,618,1995.0,Two Much,3.0,1
619,Ed (1996),Comedy,619,1996.0,Ed,2.6,5
626,"Thin Line Between Love and Hate, A (1996)",Comedy,626,1996.0,"Thin Line Between Love and Hate, A",5.0,1
627,"Last Supper, The (1995)",Drama|Thriller,627,1995.0,"Last Supper, The",3.3333333333333335,6
628,Primal Fear (1996),Crime|Drama|Mystery|Thriller,628,1996.0,Primal Fear,3.642857142857143,35
631,All Dogs Go to Heaven 2 (1996),Adventure|Animation|Children|Fantasy|Musical|Romance,631,1996.0,All Dogs Go to Heaven 2,3.1818181818181817,11
632,Land and Freedom (Tierra y libertad) (1995),Drama|War,632,1995.0,Land and Freedom (Tierra y libertad),4.0,1
633,Denise Calls Up (1995),Comedy,633,1995.0,Denise Calls Up,5.0,1
634,Theodore Rex (1995),Comedy,634,1995.0,Theodore Rex,2.25,4
635,"Family Thing, A (1996)",Comedy|Drama,635,1996.0,"Family Thing, A",3.0,2
636,Frisk (1995),Drama,636,1995.0,Frisk,3.0,1
637,Sgt. Bilko (1996),Comedy,637,1996.0,Sgt. Bilko,3.0454545454545454,33
638,Jack and Sarah (1995),Romance,638,1995.0,Jack and Sarah,3.0,1
639,Girl 6 (1996),Comedy|Drama,639,1996.0,Girl 6,3.0,4
640,Diabolique (1996),Drama|Thriller,640,1996.0,Diabolique,2.6818181818181817,11
645,Nelly & Monsieur Arnaud (1995),Drama,645,1995.0,Nelly & Monsieur Arnaud,3.5,2
647,Courage Under Fire (1996),Action|Crime|Drama|War,647,1996.0,Courage Under Fire,3.3275862068965516,29
648,Mission: Impossible (1996),Action|Adventure|Mystery|Thriller,648,1996.0,Mission: Impossible,3.537037037037037,162
649,Cold Fever (Á köldum klaka) (1995),Comedy|Drama,649,1995.0,Cold Fever (Á köldum klaka),3.0,1
650,Moll Flanders (1996),Drama,650,1996.0,Moll Flanders,3.0,4
653,Dragonheart (1996),Action|Adventure|Fantasy,653,1996.0,Dragonheart,3.0923076923076924,65
656,Eddie (1996),Comedy,656,1996.0,Eddie,3.0,5
661,James and the Giant Peach (1996),Adventure|Animation|Children|Fantasy|Musical,661,1996.0,James and the Giant Peach,3.4489795918367347,49
662,Fear (1996),Thriller,662,1996.0,Fear,3.2857142857142856,7
663,Kids in the Hall: Brain Candy (1996),Comedy,663,1996.0,Kids in the Hall: Brain Candy,3.2916666666666665,12
665,Underground (1995),Comedy|Drama|War,665,1995.0,Underground,4.333333333333333,3
667,Bloodsport 2 (a.k.a. Bloodsport II: The Next Kumite) (1996),Action,667,1996.0,Bloodsport 2 (a.k.a. Bloodsport II: The Next Kumite),2.8125,8
668,Song of the Little Road (Pather Panchali) (1955),Drama,668,1955.0,Song of the Little Road (Pather Panchali),4.25,2
670,"World of Apu, The (Apur Sansar) (1959)",Drama,670,1959.0,"World of Apu, The (Apur Sansar)",4.75,2
671,Mystery Science Theater 3000: The Movie (1996),Comedy|Sci-Fi,671,1996.0,Mystery Science Theater 3000: The Movie,3.486111111111111,36
673,Space Jam (1996),Adventure|Animation|Children|Comedy|Fantasy|Sci-Fi,673,1996.0,Space Jam,2.707547169811321,53
674,Barbarella (1968),Adventure|Comedy|Sci-Fi,674,1968.0,Barbarella,3.1666666666666665,9
678,Some Folks Call It a Sling Blade (1993),Drama|Thriller,678,1993.0,Some Folks Call It a Sling Blade,3.8333333333333335,9
679,"Run of the Country, The (1995)",Drama,679,1995.0,"Run of the Country, The",4.0,1
680,"Alphaville (Alphaville, une étrange aventure de Lemmy Caution) (1965)",Drama|Mystery|Romance|Sci-Fi|Thriller,680,1965.0,"Alphaville (Alphaville, une étrange aventure de Lemmy Caution)",4.125,4
685,It's My Party (1996),Drama,685,1996.0,It's My Party,4.0,2
688,Operation Dumbo Drop (1995),Action|Adventure|Comedy|War,688,1995.0,Operation Dumbo Drop,2.3333333333333335,9
691,Mrs. Winterbourne (1996),Comedy|Romance,691,1996.0,Mrs. Winterbourne,3.3333333333333335,3
692,Solo (1996),Action|Sci-Fi|Thriller,692,1996.0,Solo,2.0,4
694,"Substitute, The (1996)",Action|Crime|Drama,694,1996.0,"Substitute, The",2.9545454545454546,11
695,True Crime (1996),Mystery|Thriller,695,1996.0,True Crime,4.0,2
697,Feeling Minnesota (1996),Drama|Romance,697,1996.0,Feeling Minnesota,2.7,5
698,Delta of Venus (1995),Drama,698,1995.0,Delta of Venus,1.0,1
700,Angus (1995),Comedy,700,1995.0,Angus,3.2142857142857144,7
703,Boys (1996),Drama,703,1996.0,Boys,2.0,2
704,"Quest, The (1996)",Action|Adventure,704,1996.0,"Quest, The",2.5714285714285716,7
706,Sunset Park (1996),Drama,706,1996.0,Sunset Park,3.0,1
707,Mulholland Falls (1996),Crime|Drama|Thriller,707,1996.0,Mulholland Falls,2.880952380952381,21
708,"Truth About Cats & Dogs, The (1996)",Comedy|Romance,708,1996.0,"Truth About Cats & Dogs, The",3.3879310344827585,58
709,Oliver & Company (1988),Adventure|Animation|Children|Comedy|Musical,709,1988.0,Oliver & Company,3.090909090909091,11
710,Celtic Pride (1996),Comedy,710,1996.0,Celtic Pride,2.5625,8
711,Flipper (1996),Adventure|Children,711,1996.0,Flipper,3.05,10
714,Dead Man (1995),Drama|Mystery|Western,714,1995.0,Dead Man,3.966666666666667,15
715,"Horseman on the Roof, The (Hussard sur le toit, Le) (1995)",Drama|Romance,715,1995.0,"Horseman on the Roof, The (Hussard sur le toit, Le)",3.6666666666666665,3
718,"Visitors, The (Visiteurs, Les) (1993)",Comedy|Fantasy|Sci-Fi,718,1993.0,"Visitors, The (Visiteurs, Les)",4.125,4
719,Multiplicity (1996),Comedy,719,1996.0,Multiplicity,2.842857142857143,35
720,Wallace & Gromit: The Best of Aardman Animation (1996),Adventure|Animation|Comedy,720,1996.0,Wallace & Gromit: The Best of Aardman Animation,4.092592592592593,27
722,"Haunted World of Edward D. Wood Jr., The (1996)",Documentary,722,1996.0,"Haunted World of Edward D. Wood Jr., The",4.0,1
724,"Craft, The (1996)",Drama|Fantasy|Horror|Thriller,724,1996.0,"Craft, The",3.032258064516129,31
725,"Great White Hype, The (1996)",Comedy,725,1996.0,"Great White Hype, The",2.5,5
726,Last Dance (1996),Drama,726,1996.0,Last Dance,3.0,1
728,Cold Comfort Farm (1995),Comedy,728,1995.0,Cold Comfort Farm,3.5,10
731,Heaven's Prisoners (1996),Crime|Thriller,731,1996.0,Heaven's Prisoners,3.3333333333333335,3
733,"Rock, The (1996)",Action|Adventure|Thriller,733,1996.0,"Rock, The",3.6404958677685952,121
735,Cemetery Man (Dellamorte Dellamore) (1994),Horror,735,1994.0,Cemetery Man (Dellamorte Dellamore),3.9285714285714284,7
736,Twister (1996),Action|Adventure|Romance|Thriller,736,1996.0,Twister,3.321138211382114,123
737,Barb Wire (1996),Action|Sci-Fi,737,1996.0,Barb Wire,2.65,20
741,Ghost in the Shell (Kôkaku kidôtai) (1995),Animation|Sci-Fi,741,1995.0,Ghost in the Shell (Kôkaku kidôtai),4.148148148148148,27
742,Thinner (1996),Horror|Thriller,742,1996.0,Thinner,2.8181818181818183,11
743,Spy Hard (1996),Comedy,743,1996.0,Spy Hard,2.5172413793103448,29
745,Wallace & Gromit: A Close Shave (1995),Animation|Children|Comedy,745,1995.0,Wallace & Gromit: A Close Shave,3.8958333333333335,48
747,"Stupids, The (1996)",Comedy,747,1996.0,"Stupids, The",3.3333333333333335,3
748,"Arrival, The (1996)",Action|Sci-Fi|Thriller,748,1996.0,"Arrival, The",3.1136363636363638,22
750,Dr. Strangelove or: How I Learned to Stop Worrying and Love the Bomb (1964),Comedy|War,750,1964.0,Dr. Strangelove or: How I Learned to Stop Worrying and Love the Bomb,4.268041237113402,97
757,Ashes of Time (Dung che sai duk) (1994),Drama,757,1994.0,Ashes of Time (Dung che sai duk),4.0,1
759,Maya Lin: A Strong Clear Vision (1994),Documentary,759,1994.0,Maya Lin: A Strong Clear Vision,3.5,2
760,Stalingrad (1993),Drama|War,760,1993.0,Stalingrad,4.25,2
761,"Phantom, The (1996)",Action|Adventure,761,1996.0,"Phantom, The",2.789473684210526,19
762,Striptease (1996),Comedy|Crime,762,1996.0,Striptease,2.4146341463414633,41
764,Heavy (1995),Drama|Romance,764,1995.0,Heavy,3.5,2
765,Jack (1996),Comedy|Drama,765,1996.0,Jack,3.1578947368421053,19
766,I Shot Andy Warhol (1996),Drama,766,1996.0,I Shot Andy Warhol,3.5,4
773,Touki Bouki (1973),Drama,773,1973.0,Touki Bouki,3.5,1
775,Spirits of the Dead (1968),Horror|Mystery,775,1968.0,Spirits of the Dead,3.0,1
778,Trainspotting (1996),Comedy|Crime|Drama,778,1996.0,Trainspotting,4.03921568627451,102
779,'Til There Was You (1997),Drama|Romance,779,1997.0,'Til There Was You,4.0,2
780,Independence Day (a.k.a. ID4) (1996),Action|Adventure|Sci-Fi|Thriller,780,1996.0,Independence Day (a.k.a. ID4),3.4455445544554455,202
781,Stealing Beauty (1996),Drama,781,1996.0,Stealing Beauty,3.5,7
782,"Fan, The (1996)",Drama|Thriller,782,1996.0,"Fan, The",3.0,8
783,"Hunchback of Notre Dame, The (1996)",Animation|Children|Drama|Musical|Romance,783,1996.0,"Hunchback of Notre Dame, The",3.3297872340425534,47
784,"Cable Guy, The (1996)",Comedy|Thriller,784,1996.0,"Cable Guy, The",2.8055555555555554,54
785,Kingpin (1996),Comedy,785,1996.0,Kingpin,3.369047619047619,42
786,Eraser (1996),Action|Drama|Thriller,786,1996.0,Eraser,3.109375,64
788,"Nutty Professor, The (1996)",Comedy|Fantasy|Romance|Sci-Fi,788,1996.0,"Nutty Professor, The",2.731707317073171,82
790,"Unforgettable Summer, An (Un été inoubliable) (1994)",Drama,790,1994.0,"Unforgettable Summer, An (Un été inoubliable)",2.0,1
791,"Last Klezmer: Leopold Kozlowski, His Life and Music, The (1994)",Documentary,791,1994.0,"Last Klezmer: Leopold Kozlowski, His Life and Music, The",4.0,1
795,Somebody to Love (1994),Drama,795,1994.0,Somebody to Love,3.5,2
798,Daylight (1996),Action|Adventure|Drama|Thriller,798,1996.0,Daylight,2.7083333333333335,12
799,"Frighteners, The (1996)",Comedy|Horror|Thriller,799,1996.0,"Frighteners, The",3.4565217391304346,23
800,Lone Star (1996),Drama|Mystery|Western,800,1996.0,Lone Star,4.157894736842105,19
801,Harriet the Spy (1996),Children|Comedy,801,1996.0,Harriet the Spy,3.1363636363636362,11
802,Phenomenon (1996),Drama|Romance,802,1996.0,Phenomenon,3.3369565217391304,46
803,Walking and Talking (1996),Comedy|Drama|Romance,803,1996.0,Walking and Talking,4.0,1
804,She's the One (1996),Comedy|Romance,804,1996.0,She's the One,3.25,8
805,"Time to Kill, A (1996)",Drama|Thriller,805,1996.0,"Time to Kill, A",3.657142857142857,35
806,American Buffalo (1996),Crime|Drama,806,1996.0,American Buffalo,1.5,1
808,Alaska (1996),Adventure|Children,808,1996.0,Alaska,3.5,2
809,Fled (1996),Action|Adventure,809,1996.0,Fled,2.3333333333333335,9
810,Kazaam (1996),Children|Comedy|Fantasy,810,1996.0,Kazaam,2.25,12
813,Larger Than Life (1996),Comedy,813,1996.0,Larger Than Life,2.8,5
818,"Very Brady Sequel, A (1996)",Comedy,818,1996.0,"Very Brady Sequel, A",3.25,10
823,"Collector, The (La collectionneuse) (1967)",Drama,823,1967.0,"Collector, The (La collectionneuse)",3.5,1
824,Kaspar Hauser (1993),Drama|Mystery,824,1993.0,Kaspar Hauser,4.0,1
828,"Adventures of Pinocchio, The (1996)",Adventure|Children,828,1996.0,"Adventures of Pinocchio, The",3.3333333333333335,6
829,Joe's Apartment (1996),Comedy|Fantasy|Musical,829,1996.0,Joe's Apartment,2.6666666666666665,9
830,"First Wives Club, The (1996)",Comedy,830,1996.0,"First Wives Club, The",3.0714285714285716,21
832,Ransom (1996),Crime|Thriller,832,1996.0,Ransom,3.3378378378378377,37
833,High School High (1996),Comedy,833,1996.0,High School High,2.0,6
835,Foxfire (1996),Drama,835,1996.0,Foxfire,3.6666666666666665,3
836,Chain Reaction (1996),Action|Adventure|Thriller,836,1996.0,Chain Reaction,2.8823529411764706,17
837,Matilda (1996),Children|Comedy|Fantasy,837,1996.0,Matilda,3.272727272727273,33
838,Emma (1996),Comedy|Drama|Romance,838,1996.0,Emma,3.9166666666666665,30
839,"Crow: City of Angels, The (1996)",Action|Thriller,839,1996.0,"Crow: City of Angels, The",2.8333333333333335,15
840,House Arrest (1996),Children|Comedy,840,1996.0,House Arrest,3.375,4
841,"Eyes Without a Face (Yeux sans visage, Les) (1959)",Horror,841,1959.0,"Eyes Without a Face (Yeux sans visage, Les)",3.0,2
842,Tales from the Crypt Presents: Bordello of Blood (1996),Comedy|Horror,842,1996.0,Tales from the Crypt Presents: Bordello of Blood,2.5416666666666665,12
848,"Spitfire Grill, The (1996)",Drama,848,1996.0,"Spitfire Grill, The",3.2857142857142856,7
849,Escape from L.A. (1996),Action|Adventure|Sci-Fi|Thriller,849,1996.0,Escape from L.A.,2.9204545454545454,44
851,Basquiat (1996),Drama,851,1996.0,Basquiat,2.8333333333333335,6
852,Tin Cup (1996),Comedy|Drama|Romance,852,1996.0,Tin Cup,3.1744186046511627,43
858,"Godfather, The (1972)",Crime|Drama,858,1972.0,"Godfather, The",4.2890625,192
861,Supercop (Police Story 3: Supercop) (Jing cha gu shi III: Chao ji jing cha) (1992),Action|Comedy|Crime|Thriller,861,1992.0,Supercop (Police Story 3: Supercop) (Jing cha gu shi III: Chao ji jing cha),3.8333333333333335,9
866,Bound (1996),Crime|Drama|Romance|Thriller,866,1996.0,Bound,4.0,23
867,Carpool (1996),Comedy|Crime,867,1996.0,Carpool,1.75,2
869,Kansas City (1996),Crime|Drama|Musical|Thriller,869,1996.0,Kansas City,3.6666666666666665,3
870,Gone Fishin' (1997),Comedy,870,1997.0,Gone Fishin',1.0,2
875,Nothing to Lose (1994),Action|Crime|Drama,875,1994.0,Nothing to Lose,3.5,1
876,Supercop 2 (Project S) (Chao ji ji hua) (1993),Action|Comedy|Crime|Thriller,876,1993.0,Supercop 2 (Project S) (Chao ji ji hua),5.0,1
879,"Relic, The (1997)",Horror|Thriller,879,1997.0,"Relic, The",3.0,4
880,"Island of Dr. Moreau, The (1996)",Sci-Fi|Thriller,880,1996.0,"Island of Dr. Moreau, The",2.740740740740741,27
881,First Kid (1996),Children|Comedy,881,1996.0,First Kid,2.1,5
882,"Trigger Effect, The (1996)",Drama|Thriller,882,1996.0,"Trigger Effect, The",2.0,1
885,Bogus (1996),Children|Drama|Fantasy,885,1996.0,Bogus,2.5,2
886,Bulletproof (1996),Action|Comedy|Crime,886,1996.0,Bulletproof,2.6666666666666665,6
888,Land Before Time III: The Time of the Great Giving (1995),Adventure|Animation|Children|Musical,888,1995.0,Land Before Time III: The Time of the Great Giving,2.1666666666666665,3
889,1-900 (06) (1994),Drama|Romance,889,1994.0,1-900 (06),4.0,1
891,Halloween: The Curse of Michael Myers (Halloween 6: The Curse of Michael Myers) (1995),Horror|Thriller,891,1995.0,Halloween: The Curse of Michael Myers (Halloween 6: The Curse of Michael Myers),3.8,5
892,Twelfth Night (1996),Comedy|Drama|Romance,892,1996.0,Twelfth Night,3.5384615384615383,13
893,Mother Night (1996),Drama,893,1996.0,Mother Night,3.6666666666666665,3
896,Wild Reeds (Les roseaux sauvages) (1994),Drama,896,1994.0,Wild Reeds (Les roseaux sauvages),2.5,2
897,For Whom the Bell Tolls (1943),Adventure|Drama|Romance|War,897,1943.0,For Whom the Bell Tolls,3.75,2
898,"Philadelphia Story, The (1940)",Comedy|Drama|Romance,898,1940.0,"Philadelphia Story, The",4.310344827586207,29
899,Singin' in the Rain (1952),Comedy|Musical|Romance,899,1952.0,Singin' in the Rain,4.074468085106383,47
900,"American in Paris, An (1951)",Musical|Romance,900,1951.0,"American in Paris, An",3.7083333333333335,12
901,Funny Face (1957),Comedy|Musical,901,1957.0,Funny Face,3.0,7
902,Breakfast at Tiffany's (1961),Drama|Romance,902,1961.0,Breakfast at Tiffany's,3.8472222222222223,36
903,Vertigo (1958),Drama|Mystery|Romance|Thriller,903,1958.0,Vertigo,4.025,60
904,Rear Window (1954),Mystery|Thriller,904,1954.0,Rear Window,4.261904761904762,84
905,It Happened One Night (1934),Comedy|Romance,905,1934.0,It Happened One Night,4.321428571428571,14
906,Gaslight (1944),Drama|Thriller,906,1944.0,Gaslight,4.142857142857143,7
907,"Gay Divorcee, The (1934)",Comedy|Musical|Romance,907,1934.0,"Gay Divorcee, The",3.5,2
908,North by Northwest (1959),Action|Adventure|Mystery|Romance|Thriller,908,1959.0,North by Northwest,4.184210526315789,57
909,"Apartment, The (1960)",Comedy|Drama|Romance,909,1960.0,"Apartment, The",3.962962962962963,27
910,Some Like It Hot (1959),Comedy|Crime,910,1959.0,Some Like It Hot,4.01,50
911,Charade (1963),Comedy|Crime|Mystery|Romance|Thriller,911,1963.0,Charade,3.8076923076923075,13
912,Casablanca (1942),Drama|Romance,912,1942.0,Casablanca,4.24,100
913,"Maltese Falcon, The (1941)",Film-Noir|Mystery,913,1941.0,"Maltese Falcon, The",4.170454545454546,44
914,My Fair Lady (1964),Comedy|Drama|Musical|Romance,914,1964.0,My Fair Lady,4.042857142857143,35
915,Sabrina (1954),Comedy|Romance,915,1954.0,Sabrina,3.7666666666666666,30
916,Roman Holiday (1953),Comedy|Drama|Romance,916,1953.0,Roman Holiday,4.0576923076923075,26
917,"Little Princess, The (1939)",Children|Drama,917,1939.0,"Little Princess, The",3.5,2
918,Meet Me in St. Louis (1944),Musical,918,1944.0,Meet Me in St. Louis,4.1,10
919,"Wizard of Oz, The (1939)",Adventure|Children|Fantasy|Musical,919,1939.0,"Wizard of Oz, The",3.880434782608696,92
920,Gone with the Wind (1939),Drama|Romance|War,920,1939.0,Gone with the Wind,3.6444444444444444,45
921,My Favorite Year (1982),Comedy,921,1982.0,My Favorite Year,3.388888888888889,9
922,Sunset Blvd. (a.k.a. Sunset Boulevard) (1950),Drama|Film-Noir|Romance,922,1950.0,Sunset Blvd. (a.k.a. Sunset Boulevard),4.333333333333333,27
923,Citizen Kane (1941),Drama|Mystery,923,1941.0,Citizen Kane,4.043478260869565,69
924,2001: A Space Odyssey (1968),Adventure|Drama|Sci-Fi,924,1968.0,2001: A Space Odyssey,3.8944954128440368,109
926,All About Eve (1950),Drama,926,1950.0,All About Eve,4.229166666666667,24
927,"Women, The (1939)",Comedy,927,1939.0,"Women, The",4.0,3
928,Rebecca (1940),Drama|Mystery|Romance|Thriller,928,1940.0,Rebecca,4.166666666666667,18
929,Foreign Correspondent (1940),Drama|Film-Noir|Mystery|Thriller,929,1940.0,Foreign Correspondent,3.5,1
930,Notorious (1946),Film-Noir|Romance|Thriller,930,1946.0,Notorious,4.25,20
931,Spellbound (1945),Mystery|Romance|Thriller,931,1945.0,Spellbound,3.8333333333333335,9
932,"Affair to Remember, An (1957)",Drama|Romance,932,1957.0,"Affair to Remember, An",3.9375,8
933,To Catch a Thief (1955),Crime|Mystery|Romance|Thriller,933,1955.0,To Catch a Thief,4.217391304347826,23
934,Father of the Bride (1950),Comedy,934,1950.0,Father of the Bride,3.25,12
935,"Band Wagon, The (1953)",Comedy|Musical,935,1953.0,"Band Wagon, The",3.8333333333333335,3
936,Ninotchka (1939),Comedy|Romance,936,1939.0,Ninotchka,4.0,6
937,Love in the Afternoon (1957),Comedy|Romance,937,1957.0,Love in the Afternoon,3.5,2
938,Gigi (1958),Musical,938,1958.0,Gigi,3.25,6
940,"Adventures of Robin Hood, The (1938)",Action|Adventure|Romance,940,1938.0,"Adventures of Robin Hood, The",4.0,8
941,"Mark of Zorro, The (1940)",Adventure,941,1940.0,"Mark of Zorro, The",3.75,2
942,Laura (1944),Crime|Film-Noir|Mystery,942,1944.0,Laura,4.333333333333333,6
943,"Ghost and Mrs. Muir, The (1947)",Drama|Fantasy|Romance,943,1947.0,"Ghost and Mrs. Muir, The",3.9285714285714284,7
944,Lost Horizon (1937),Drama,944,1937.0,Lost Horizon,4.0,3
945,Top Hat (1935),Comedy|Musical|Romance,945,1935.0,Top Hat,4.071428571428571,7
946,To Be or Not to Be (1942),Comedy|Drama|War,946,1942.0,To Be or Not to Be,2.5,3
947,My Man Godfrey (1936),Comedy|Romance,947,1936.0,My Man Godfrey,3.75,4
948,Giant (1956),Drama|Romance|Western,948,1956.0,Giant,3.9166666666666665,6
949,East of Eden (1955),Drama,949,1955.0,East of Eden,3.9166666666666665,6
950,"Thin Man, The (1934)",Comedy|Crime,950,1934.0,"Thin Man, The",3.857142857142857,7
951,His Girl Friday (1940),Comedy|Romance,951,1940.0,His Girl Friday,4.392857142857143,14
952,Around the World in 80 Days (1956),Adventure|Comedy,952,1956.0,Around the World in 80 Days,3.625,12
953,It's a Wonderful Life (1946),Children|Drama|Fantasy|Romance,953,1946.0,It's a Wonderful Life,4.0344827586206895,58
954,Mr. Smith Goes to Washington (1939),Drama,954,1939.0,Mr. Smith Goes to Washington,4.083333333333333,18
955,Bringing Up Baby (1938),Comedy|Romance,955,1938.0,Bringing Up Baby,3.861111111111111,18
956,Penny Serenade (1941),Drama|Romance,956,1941.0,Penny Serenade,4.0,1
959,Of Human Bondage (1934),Drama,959,1934.0,Of Human Bondage,3.5,1
961,Little Lord Fauntleroy (1936),Drama,961,1936.0,Little Lord Fauntleroy,4.0,1
963,"Inspector General, The (1949)",Musical,963,1949.0,"Inspector General, The",3.0,1
965,"39 Steps, The (1935)",Drama|Mystery|Thriller,965,1935.0,"39 Steps, The",4.045454545454546,11
968,Night of the Living Dead (1968),Horror|Sci-Fi|Thriller,968,1968.0,Night of the Living Dead,3.75,28
969,"African Queen, The (1951)",Adventure|Comedy|Romance|War,969,1951.0,"African Queen, The",3.9705882352941178,34
970,Beat the Devil (1953),Adventure|Comedy|Crime|Drama|Romance,970,1953.0,Beat the Devil,3.5,1
971,Cat on a Hot Tin Roof (1958),Drama,971,1958.0,Cat on a Hot Tin Roof,4.1,10
973,Meet John Doe (1941),Comedy|Drama,973,1941.0,Meet John Doe,3.9,5
976,"Farewell to Arms, A (1932)",Romance|War,976,1932.0,"Farewell to Arms, A",3.0,1
979,Nothing Personal (1995),Drama|War,979,1995.0,Nothing Personal,3.0,1
981,Dangerous Ground (1997),Drama,981,1997.0,Dangerous Ground,3.0,2
982,Picnic (1955),Drama,982,1955.0,Picnic,3.0,1
984,"Pompatus of Love, The (1996)",Comedy|Drama,984,1996.0,"Pompatus of Love, The",3.5,2
986,Fly Away Home (1996),Adventure|Children,986,1996.0,Fly Away Home,3.5384615384615383,13
987,Bliss (1997),Drama|Romance,987,1997.0,Bliss,3.0,1
988,Grace of My Heart (1996),Comedy|Drama,988,1996.0,Grace of My Heart,3.0,2
990,Maximum Risk (1996),Action|Adventure|Thriller,990,1996.0,Maximum Risk,2.9,5
991,Michael Collins (1996),Drama,991,1996.0,Michael Collins,3.3181818181818183,11
993,Infinity (1996),Drama,993,1996.0,Infinity,3.0,1
994,Big Night (1996),Comedy|Drama,994,1996.0,Big Night,4.181818181818182,11
996,Last Man Standing (1996),Action|Crime|Drama|Thriller,996,1996.0,Last Man Standing,2.5,13
998,Set It Off (1996),Action|Crime,998,1996.0,Set It Off,3.0,3
999,2 Days in the Valley (1996),Crime|Film-Noir,999,1996.0,2 Days in the Valley,3.0416666666666665,12
1003,Extreme Measures (1996),Drama|Thriller,1003,1996.0,Extreme Measures,2.5,3
1004,"Glimmer Man, The (1996)",Action|Thriller,1004,1996.0,"Glimmer Man, The",3.0,6
1005,D3: The Mighty Ducks (1996),Children|Comedy,1005,1996.0,D3: The Mighty Ducks,2.1875,8
1006,"Chamber, The (1996)",Drama,1006,1996.0,"Chamber, The",3.5,5
1007,"Apple Dumpling Gang, The (1975)",Children|Comedy|Western,1007,1975.0,"Apple Dumpling Gang, The",2.6,10
1008,"Davy Crockett, King of the Wild Frontier (1955)",Adventure|Western,1008,1955.0,"Davy Crockett, King of the Wild Frontier",3.0,1
1009,Escape to Witch Mountain (1975),Adventure|Children|Fantasy,1009,1975.0,Escape to Witch Mountain,3.0555555555555554,9
1010,"Love Bug, The (1969)",Children|Comedy,1010,1969.0,"Love Bug, The",3.0555555555555554,9
1011,Herbie Rides Again (1974),Children|Comedy|Fantasy|Romance,1011,1974.0,Herbie Rides Again,2.9375,8
1012,Old Yeller (1957),Children|Drama,1012,1957.0,Old Yeller,3.4444444444444446,9
1013,"Parent Trap, The (1961)",Children|Comedy|Romance,1013,1961.0,"Parent Trap, The",3.2083333333333335,12
1014,Pollyanna (1960),Children|Comedy|Drama,1014,1960.0,Pollyanna,2.9,5
1015,Homeward Bound: The Incredible Journey (1993),Adventure|Children|Drama,1015,1993.0,Homeward Bound: The Incredible Journey,2.95,20
1016,"Shaggy Dog, The (1959)",Children|Comedy,1016,1959.0,"Shaggy Dog, The",2.9,5
1017,Swiss Family Robinson (1960),Adventure|Children,1017,1960.0,Swiss Family Robinson,3.5,10
1018,That Darn Cat! (1965),Children|Comedy|Mystery,1018,1965.0,That Darn Cat!,2.4166666666666665,6
1019,"20,000 Leagues Under the Sea (1954)",Adventure|Drama|Sci-Fi,1019,1954.0,"20,000 Leagues Under the Sea",3.4705882352941178,17
1020,Cool Runnings (1993),Comedy,1020,1993.0,Cool Runnings,3.081081081081081,37
1021,Angels in the Outfield (1994),Children|Comedy,1021,1994.0,Angels in the Outfield,2.3333333333333335,27
1022,Cinderella (1950),Animation|Children|Fantasy|Musical|Romance,1022,1950.0,Cinderella,3.488095238095238,42
1023,Winnie the Pooh and the Blustery Day (1968),Animation|Children|Musical,1023,1968.0,Winnie the Pooh and the Blustery Day,3.6153846153846154,13
1024,"Three Caballeros, The (1945)",Animation|Children|Musical,1024,1945.0,"Three Caballeros, The",3.6666666666666665,6
1025,"Sword in the Stone, The (1963)",Animation|Children|Fantasy|Musical,1025,1963.0,"Sword in the Stone, The",3.58,25
1027,Robin Hood: Prince of Thieves (1991),Adventure|Drama,1027,1991.0,Robin Hood: Prince of Thieves,3.017857142857143,28
1028,Mary Poppins (1964),Children|Comedy|Fantasy|Musical,1028,1964.0,Mary Poppins,3.887323943661972,71
1029,Dumbo (1941),Animation|Children|Drama|Musical,1029,1941.0,Dumbo,3.3857142857142857,35
1030,Pete's Dragon (1977),Adventure|Animation|Children|Musical,1030,1977.0,Pete's Dragon,2.7666666666666666,15
1031,Bedknobs and Broomsticks (1971),Adventure|Children|Musical,1031,1971.0,Bedknobs and Broomsticks,3.4791666666666665,24
1032,Alice in Wonderland (1951),Adventure|Animation|Children|Fantasy|Musical,1032,1951.0,Alice in Wonderland,3.375,40
1033,"Fox and the Hound, The (1981)",Animation|Children|Drama,1033,1981.0,"Fox and the Hound, The",3.575,20
1034,Freeway (1996),Comedy|Crime|Drama|Thriller,1034,1996.0,Freeway,3.1,5
1035,"Sound of Music, The (1965)",Musical|Romance,1035,1965.0,"Sound of Music, The",3.9375,64
1036,Die Hard (1988),Action|Crime|Thriller,1036,1988.0,Die Hard,3.8620689655172415,145
1037,"Lawnmower Man, The (1992)",Action|Horror|Sci-Fi|Thriller,1037,1992.0,"Lawnmower Man, The",2.7708333333333335,24
1040,"Secret Agent, The (1996)",Drama,1040,1996.0,"Secret Agent, The",3.0,1
1041,Secrets & Lies (1996),Drama,1041,1996.0,Secrets & Lies,4.590909090909091,11
1042,That Thing You Do! (1996),Comedy|Drama,1042,1996.0,That Thing You Do!,3.2738095238095237,42
1043,To Gillian on Her 37th Birthday (1996),Drama|Romance,1043,1996.0,To Gillian on Her 37th Birthday,2.4,5
1046,Beautiful Thing (1996),Drama|Romance,1046,1996.0,Beautiful Thing,4.5,4
1047,"Long Kiss Goodnight, The (1996)",Action|Drama|Thriller,1047,1996.0,"Long Kiss Goodnight, The",3.3181818181818183,33
1049,"Ghost and the Darkness, The (1996)",Action|Adventure,1049,1996.0,"Ghost and the Darkness, The",3.4761904761904763,21
1050,Looking for Richard (1996),Documentary|Drama,1050,1996.0,Looking for Richard,3.9,5
1051,Trees Lounge (1996),Drama,1051,1996.0,Trees Lounge,4.0,3
1053,Normal Life (1996),Crime|Drama|Romance,1053,1996.0,Normal Life,3.0,1
1054,Get on the Bus (1996),Drama,1054,1996.0,Get on the Bus,2.0,1
1055,Shadow Conspiracy (1997),Thriller,1055,1997.0,Shadow Conspiracy,1.5,2
1056,Jude (1996),Drama,1056,1996.0,Jude,3.0714285714285716,7
1057,Everyone Says I Love You (1996),Comedy|Musical|Romance,1057,1996.0,Everyone Says I Love You,3.466666666666667,15
1059,William Shakespeare's Romeo + Juliet (1996),Drama|Romance,1059,1996.0,William Shakespeare's Romeo + Juliet,3.7222222222222223,36
1060,Swingers (1996),Comedy|Drama,1060,1996.0,Swingers,3.6944444444444446,36
1061,Sleepers (1996),Thriller,1061,1996.0,Sleepers,3.6724137931034484,29
1064,Aladdin and the King of Thieves (1996),Animation|Children|Comedy|Fantasy|Musical|Romance,1064,1996.0,Aladdin and the King of Thieves,3.1538461538461537,13
1066,Shall We Dance (1937),Comedy|Musical|Romance,1066,1937.0,Shall We Dance,4.5,4
1068,Crossfire (1947),Crime|Film-Noir,1068,1947.0,Crossfire,3.5,1
1073,Willy Wonka & the Chocolate Factory (1971),Children|Comedy|Fantasy|Musical,1073,1971.0,Willy Wonka & the Chocolate Factory,3.8739495798319328,119
1076,"Innocents, The (1961)",Drama|Horror|Thriller,1076,1961.0,"Innocents, The",0.0,0
1077,Sleeper (1973),Comedy|Sci-Fi,1077,1973.0,Sleeper,3.75,28
1078,Bananas (1971),Comedy|War,1078,1971.0,Bananas,3.409090909090909,11
1079,"Fish Called Wanda, A (1988)",Comedy|Crime,1079,1988.0,"Fish Called Wanda, A",3.9225352112676055,71
1080,Monty Python's Life of Brian (1979),Comedy,1080,1979.0,Monty Python's Life of Brian,3.9269662921348316,89
1081,Victor/Victoria (1982),Comedy|Musical|Romance,1081,1982.0,Victor/Victoria,3.5416666666666665,12
1082,"Candidate, The (1972)",Drama,1082,1972.0,"Candidate, The",3.5833333333333335,6
1083,"Great Race, The (1965)",Comedy|Musical,1083,1965.0,"Great Race, The",3.3333333333333335,6
1084,Bonnie and Clyde (1967),Crime|Drama,1084,1967.0,Bonnie and Clyde,4.071428571428571,35
1085,"Old Man and the Sea, The (1958)",Adventure|Drama,1085,1958.0,"Old Man and the Sea, The",3.5,2
1086,Dial M for Murder (1954),Crime|Mystery|Thriller,1086,1954.0,Dial M for Murder,4.1,25
1088,Dirty Dancing (1987),Drama|Musical|Romance,1088,1987.0,Dirty Dancing,3.369047619047619,42
1089,Reservoir Dogs (1992),Crime|Mystery|Thriller,1089,1992.0,Reservoir Dogs,4.202290076335878,131
1090,Platoon (1986),Drama|War,1090,1986.0,Platoon,3.984126984126984,63
1091,Weekend at Bernie's (1989),Comedy,1091,1989.0,Weekend at Bernie's,2.5476190476190474,21
1092,Basic Instinct (1992),Crime|Mystery|Thriller,1092,1992.0,Basic Instinct,3.1914893617021276,47
1093,"Doors, The (1991)",Drama,1093,1991.0,"Doors, The",3.4054054054054053,37
1094,"Crying Game, The (1992)",Drama|Romance|Thriller,1094,1992.0,"Crying Game, The",3.4404761904761907,42
1095,Glengarry Glen Ross (1992),Drama,1095,1992.0,Glengarry Glen Ross,3.6666666666666665,15
1096,Sophie's Choice (1982),Drama,1096,1982.0,Sophie's Choice,4.05,10
1097,E.T. the Extra-Terrestrial (1982),Children|Drama|Sci-Fi,1097,1982.0,E.T. the Extra-Terrestrial,3.7663934426229506,122
1099,"Christmas Carol, A (1938)",Children|Drama|Fantasy,1099,1938.0,"Christmas Carol, A",3.375,4
1100,Days of Thunder (1990),Action|Drama|Romance,1100,1990.0,Days of Thunder,2.710526315789474,19
1101,Top Gun (1986),Action|Romance,1101,1986.0,Top Gun,3.3012048192771086,83
1103,Rebel Without a Cause (1955),Drama,1103,1955.0,Rebel Without a Cause,4.1,15
1104,"Streetcar Named Desire, A (1951)",Drama,1104,1951.0,"Streetcar Named Desire, A",4.475,20
1105,Children of the Corn IV: The Gathering (1996),Horror,1105,1996.0,Children of the Corn IV: The Gathering,4.666666666666667,3
1107,Loser (1991),Comedy,1107,1991.0,Loser,2.0,2
1111,Microcosmos (Microcosmos: Le peuple de l'herbe) (1996),Documentary,1111,1996.0,Microcosmos (Microcosmos: Le peuple de l'herbe),4.125,4
1112,Palookaville (1996),Action|Comedy|Drama,1112,1996.0,Palookaville,4.5,2
1114,"Funeral, The (1996)",Crime|Drama,1114,1996.0,"Funeral, The",3.0,1
1116,"Single Girl, A (Fille seule, La) (1995)",Drama,1116,1995.0,"Single Girl, A (Fille seule, La)",4.0,1
1117,"Eighth Day, The (Huitième jour, Le) (1996)",Drama,1117,1996.0,"Eighth Day, The (Huitième jour, Le)",3.5,1
1119,Drunks (1995),Drama,1119,1995.0,Drunks,3.0,1
1120,"People vs. Larry Flynt, The (1996)",Comedy|Drama,1120,1996.0,"People vs. Larry Flynt, The",3.537037037037037,27
1121,Glory Daze (1995),Drama,1121,1995.0,Glory Daze,4.0,1
1123,"Perfect Candidate, A (1996)",Documentary,1123,1996.0,"Perfect Candidate, A",4.25,2
1124,On Golden Pond (1981),Drama,1124,1981.0,On Golden Pond,3.6538461538461537,13
1125,"Return of the Pink Panther, The (1975)",Comedy|Crime,1125,1975.0,"Return of the Pink Panther, The",3.6875,24
1126,Drop Dead Fred (1991),Comedy|Fantasy,1126,1991.0,Drop Dead Fred,2.8333333333333335,6
1127,"Abyss, The (1989)",Action|Adventure|Sci-Fi|Thriller,1127,1989.0,"Abyss, The",3.475806451612903,62
1128,"Fog, The (1980)",Horror,1128,1980.0,"Fog, The",2.5,5
1129,Escape from New York (1981),Action|Adventure|Sci-Fi|Thriller,1129,1981.0,Escape from New York,3.448717948717949,39
1130,"Howling, The (1980)",Horror|Mystery,1130,1980.0,"Howling, The",2.9,5
1131,Jean de Florette (1986),Drama|Mystery,1131,1986.0,Jean de Florette,4.090909090909091,11
1132,Manon of the Spring (Manon des sources) (1986),Drama,1132,1986.0,Manon of the Spring (Manon des sources),4.0625,8
1135,Private Benjamin (1980),Comedy,1135,1980.0,Private Benjamin,3.1153846153846154,13
1136,Monty Python and the Holy Grail (1975),Adventure|Comedy|Fantasy,1136,1975.0,Monty Python and the Holy Grail,4.161764705882353,136
1137,Hustler White (1996),Romance,1137,1996.0,Hustler White,4.0,1
1140,Entertaining Angels: The Dorothy Day Story (1996),Drama,1140,1996.0,Entertaining Angels: The Dorothy Day Story,5.0,1
1144,"Line King: The Al Hirschfeld Story, The (1996)",Documentary,1144,1996.0,"Line King: The Al Hirschfeld Story, The",4.0,1
1147,When We Were Kings (1996),Documentary,1147,1996.0,When We Were Kings,3.9,10
1148,Wallace & Gromit: The Wrong Trousers (1993),Animation|Children|Comedy|Crime,1148,1993.0,Wallace & Gromit: The Wrong Trousers,4.035714285714286,56
1150,"Return of Martin Guerre, The (Retour de Martin Guerre, Le) (1982)",Drama,1150,1982.0,"Return of Martin Guerre, The (Retour de Martin Guerre, Le)",4.333333333333333,3
1151,Lesson Faust (1994),Animation|Comedy|Drama|Fantasy,1151,1994.0,Lesson Faust,5.0,2
1156,"Children Are Watching Us, The (Bambini ci guardano, I) (1944)",Drama,1156,1944.0,"Children Are Watching Us, The (Bambini ci guardano, I)",3.5,1
1161,"Tin Drum, The (Blechtrommel, Die) (1979)",Drama|War,1161,1979.0,"Tin Drum, The (Blechtrommel, Die)",3.6666666666666665,3
1162,"Ruling Class, The (1972)",Comedy|Drama,1162,1972.0,"Ruling Class, The",3.0,1
1163,Mina Tannenbaum (1994),Drama,1163,1994.0,Mina Tannenbaum,1.0,1
1167,Dear God (1996),Comedy,1167,1996.0,Dear God,3.5,2
1170,Best of the Best 3: No Turning Back (1995),Action,1170,1995.0,Best of the Best 3: No Turning Back,2.5,2
1171,Bob Roberts (1992),Comedy,1171,1992.0,Bob Roberts,3.3529411764705883,17
1172,Cinema Paradiso (Nuovo cinema Paradiso) (1989),Drama,1172,1989.0,Cinema Paradiso (Nuovo cinema Paradiso),4.161764705882353,34
1173,"Cook the Thief His Wife & Her Lover, The (1989)",Comedy|Drama,1173,1989.0,"Cook the Thief His Wife & Her Lover, The",3.1363636363636362,11
1175,Delicatessen (1991),Comedy|Drama|Romance,1175,1991.0,Delicatessen,3.8333333333333335,21
1176,"Double Life of Veronique, The (Double Vie de Véronique, La) (1991)",Drama|Fantasy|Romance,1176,1991.0,"Double Life of Veronique, The (Double Vie de Véronique, La)",4.0,3
1177,Enchanted April (1992),Drama|Romance,1177,1992.0,Enchanted April,4.0,6
1178,Paths of Glory (1957),Drama|War,1178,1957.0,Paths of Glory,4.541666666666667,12
1179,"Grifters, The (1990)",Crime|Drama|Film-Noir,1179,1990.0,"Grifters, The",3.6296296296296298,27
1180,Hear My Song (1991),Comedy,1180,1991.0,Hear My Song,3.0,1
1183,"English Patient, The (1996)",Drama|Romance|War,1183,1996.0,"English Patient, The",3.7111111111111112,45
1184,Mediterraneo (1991),Comedy|Drama,1184,1991.0,Mediterraneo,3.9285714285714284,7
1185,My Left Foot (1989),Drama,1185,1989.0,My Left Foot,3.95,10
1186,"Sex, Lies, and Videotape (1989)",Drama,1186,1989.0,"Sex, Lies, and Videotape",3.5869565217391304,23
1187,Passion Fish (1992),Drama,1187,1992.0,Passion Fish,3.6,5
1188,Strictly Ballroom (1992),Comedy|Romance,1188,1992.0,Strictly Ballroom,3.659090909090909,22
1189,"Thin Blue Line, The (1988)",Documentary,1189,1988.0,"Thin Blue Line, The",4.0,11
1190,Tie Me Up! Tie Me Down! (¡Átame!) (1990),Crime|Drama|Romance,1190,1990.0,Tie Me Up! Tie Me Down! (¡Átame!),3.1666666666666665,6
1191,Madonna: Truth or Dare (1991),Documentary|Musical,1191,1991.0,Madonna: Truth or Dare,3.5,6
1192,Paris Is Burning (1990),Documentary,1192,1990.0,Paris Is Burning,4.5,5
1193,One Flew Over the Cuckoo's Nest (1975),Drama,1193,1975.0,One Flew Over the Cuckoo's Nest,4.203007518796992,133
1194,Cheech and Chong's Up in Smoke (1978),Comedy,1194,1978.0,Cheech and Chong's Up in Smoke,3.590909090909091,11
1196,Star Wars: Episode V - The Empire Strikes Back (1980),Action|Adventure|Sci-Fi,1196,1980.0,Star Wars: Episode V - The Empire Strikes Back,4.2156398104265405,211
1197,"Princess Bride, The (1987)",Action|Adventure|Comedy|Fantasy|Romance,1197,1987.0,"Princess Bride, The",4.232394366197183,142
1198,Raiders of the Lost Ark (Indiana Jones and the Raiders of the Lost Ark) (1981),Action|Adventure,1198,1981.0,Raiders of the Lost Ark (Indiana Jones and the Raiders of the Lost Ark),4.2075,200
1199,Brazil (1985),Fantasy|Sci-Fi,1199,1985.0,Brazil,4.177966101694915,59
1200,Aliens (1986),Action|Adventure|Horror|Sci-Fi,1200,1986.0,Aliens,3.9642857142857144,126
1201,"Good, the Bad and the Ugly, The (Buono, il brutto, il cattivo, Il) (1966)",Action|Adventure|Western,1201,1966.0,"Good, the Bad and the Ugly, The (Buono, il brutto, il cattivo, Il)",4.145833333333333,72
1202,Withnail & I (1987),Comedy,1202,1987.0,Withnail & I,3.857142857142857,7
1203,12 Angry Men (1957),Drama,1203,1957.0,12 Angry Men,4.149122807017544,57
1204,Lawrence of Arabia (1962),Adventure|Drama|War,1204,1962.0,Lawrence of Arabia,4.3,45
1206,"Clockwork Orange, A (1971)",Crime|Drama|Sci-Fi|Thriller,1206,1971.0,"Clockwork Orange, A",3.995833333333333,120
1207,To Kill a Mockingbird (1962),Drama,1207,1962.0,To Kill a Mockingbird,4.120689655172414,58
1208,Apocalypse Now (1979),Action|Drama|War,1208,1979.0,Apocalypse Now,4.219626168224299,107
1209,Once Upon a Time in the West (C'era una volta il West) (1968),Action|Drama|Western,1209,1968.0,Once Upon a Time in the West (C'era una volta il West),4.305555555555555,18
1210,Star Wars: Episode VI - Return of the Jedi (1983),Action|Adventure|Sci-Fi,1210,1983.0,Star Wars: Episode VI - Return of the Jedi,4.137755102040816,196
1211,"Wings of Desire (Himmel über Berlin, Der) (1987)",Drama|Fantasy|Romance,1211,1987.0,"Wings of Desire (Himmel über Berlin, Der)",3.8846153846153846,13
1212,"Third Man, The (1949)",Film-Noir|Mystery|Thriller,1212,1949.0,"Third Man, The",4.229166666666667,24
1213,Goodfellas (1990),Crime|Drama,1213,1990.0,Goodfellas,4.25,126
1214,Alien (1979),Horror|Sci-Fi,1214,1979.0,Alien,3.969178082191781,146
1215,Army of Darkness (1993),Action|Adventure|Comedy|Fantasy|Horror,1215,1993.0,Army of Darkness,4.03921568627451,51
1216,"Big Blue, The (Grand bleu, Le) (1988)",Adventure|Drama|Romance,1216,1988.0,"Big Blue, The (Grand bleu, Le)",3.4545454545454546,11
1217,Ran (1985),Drama|War,1217,1985.0,Ran,4.433333333333334,15
1218,"Killer, The (Die xue shuang xiong) (1989)",Action|Crime|Drama|Thriller,1218,1989.0,"Killer, The (Die xue shuang xiong)",4.0,11
1219,Psycho (1960),Crime|Horror,1219,1960.0,Psycho,4.036144578313253,83
1220,"Blues Brothers, The (1980)",Action|Comedy|Musical,1220,1980.0,"Blues Brothers, The",3.8095238095238093,84
1221,"Godfather: Part II, The (1974)",Crime|Drama,1221,1974.0,"Godfather: Part II, The",4.25968992248062,129
1222,Full Metal Jacket (1987),Drama|War,1222,1987.0,Full Metal Jacket,4.098039215686274,102
1223,"Grand Day Out with Wallace and Gromit, A (1989)",Adventure|Animation|Children|Comedy|Sci-Fi,1223,1989.0,"Grand Day Out with Wallace and Gromit, A",4.089285714285714,28
1224,Henry V (1989),Action|Drama|Romance|War,1224,1989.0,Henry V,4.0,19
1225,Amadeus (1984),Drama,1225,1984.0,Amadeus,4.184210526315789,76
1226,"Quiet Man, The (1952)",Drama|Romance,1226,1952.0,"Quiet Man, The",3.5,6
1227,Once Upon a Time in America (1984),Crime|Drama,1227,1984.0,Once Upon a Time in America,4.0625,16
1228,Raging Bull (1980),Drama,1228,1980.0,Raging Bull,4.1875,40
1230,Annie Hall (1977),Comedy|Romance,1230,1977.0,Annie Hall,3.8706896551724137,58
1231,"Right Stuff, The (1983)",Drama,1231,1983.0,"Right Stuff, The",3.8636363636363638,22
1232,Stalker (1979),Drama|Mystery|Sci-Fi,1232,1979.0,Stalker,3.625,8
1233,"Boot, Das (Boat, The) (1981)",Action|Drama|War,1233,1981.0,"Boot, Das (Boat, The)",4.2125,40
1234,"Sting, The (1973)",Comedy|Crime,1234,1973.0,"Sting, The",3.9765625,64
1235,Harold and Maude (1971),Comedy|Drama|Romance,1235,1971.0,Harold and Maude,4.288461538461538,26
1236,Trust (1990),Comedy|Drama|Romance,1236,1990.0,Trust,4.333333333333333,3
1237,"Seventh Seal, The (Sjunde inseglet, Det) (1957)",Drama,1237,1957.0,"Seventh Seal, The (Sjunde inseglet, Det)",4.222222222222222,18
1238,Local Hero (1983),Comedy,1238,1983.0,Local Hero,4.055555555555555,9
1240,"Terminator, The (1984)",Action|Sci-Fi|Thriller,1240,1984.0,"Terminator, The",3.8969465648854964,131
1241,Dead Alive (Braindead) (1992),Comedy|Fantasy|Horror,1241,1992.0,Dead Alive (Braindead),4.05,10
1242,Glory (1989),Drama|War,1242,1989.0,Glory,4.170731707317073,41
1243,Rosencrantz and Guildenstern Are Dead (1990),Comedy|Drama,1243,1990.0,Rosencrantz and Guildenstern Are Dead,3.96875,16
1244,Manhattan (1979),Comedy|Drama|Romance,1244,1979.0,Manhattan,4.106060606060606,33
1245,Miller's Crossing (1990),Crime|Drama|Film-Noir|Thriller,1245,1990.0,Miller's Crossing,4.225,20
1246,Dead Poets Society (1989),Drama,1246,1989.0,Dead Poets Society,3.9593023255813953,86
1247,"Graduate, The (1967)",Comedy|Drama|Romance,1247,1967.0,"Graduate, The",4.063291139240507,79
1248,Touch of Evil (1958),Crime|Film-Noir|Thriller,1248,1958.0,Touch of Evil,4.264705882352941,17
1249,"Femme Nikita, La (Nikita) (1990)",Action|Crime|Romance|Thriller,1249,1990.0,"Femme Nikita, La (Nikita)",4.071428571428571,35
1250,"Bridge on the River Kwai, The (1957)",Adventure|Drama|War,1250,1957.0,"Bridge on the River Kwai, The",4.122222222222222,45
1251,8 1/2 (8½) (1963),Drama|Fantasy,1251,1963.0,8 1/2 (8½),4.071428571428571,14
1252,Chinatown (1974),Crime|Film-Noir|Mystery|Thriller,1252,1974.0,Chinatown,4.211864406779661,59
1253,"Day the Earth Stood Still, The (1951)",Drama|Sci-Fi|Thriller,1253,1951.0,"Day the Earth Stood Still, The",3.82,25
1254,"Treasure of the Sierra Madre, The (1948)",Action|Adventure|Drama|Western,1254,1948.0,"Treasure of the Sierra Madre, The",3.65625,16
1255,Bad Taste (1987),Comedy|Horror|Sci-Fi,1255,1987.0,Bad Taste,3.0,6
1256,Duck Soup (1933),Comedy|Musical|War,1256,1933.0,Duck Soup,3.8043478260869565,23
1257,Better Off Dead... (1985),Comedy|Romance,1257,1985.0,Better Off Dead...,3.685185185185185,27
1258,"Shining, The (1980)",Horror,1258,1980.0,"Shining, The",4.08256880733945,109
1259,Stand by Me (1986),Adventure|Drama,1259,1986.0,Stand by Me,4.0054945054945055,91
1260,M (1931),Crime|Film-Noir|Thriller,1260,1931.0,M,3.7333333333333334,15
1261,Evil Dead II (Dead by Dawn) (1987),Action|Comedy|Fantasy|Horror,1261,1987.0,Evil Dead II (Dead by Dawn),4.044117647058823,34
1262,"Great Escape, The (1963)",Action|Adventure|Drama|War,1262,1963.0,"Great Escape, The",4.127906976744186,43
1263,"Deer Hunter, The (1978)",Drama|War,1263,1978.0,"Deer Hunter, The",3.8255813953488373,43
1264,Diva (1981),Action|Drama|Mystery|Romance|Thriller,1264,1981.0,Diva,3.8,5
1265,Groundhog Day (1993),Comedy|Fantasy|Romance,1265,1993.0,Groundhog Day,3.944055944055944,143
1266,Unforgiven (1992),Drama|Western,1266,1992.0,Unforgiven,4.111111111111111,45
1267,"Manchurian Candidate, The (1962)",Crime|Thriller|War,1267,1962.0,"Manchurian Candidate, The",4.25,30
1268,Pump Up the Volume (1990),Comedy|Drama,1268,1990.0,Pump Up the Volume,3.611111111111111,9
1269,Arsenic and Old Lace (1944),Comedy|Mystery|Thriller,1269,1944.0,Arsenic and Old Lace,3.8793103448275863,29
1270,Back to the Future (1985),Adventure|Comedy|Sci-Fi,1270,1985.0,Back to the Future,4.038011695906433,171
1271,Fried Green Tomatoes (1991),Comedy|Crime|Drama,1271,1991.0,Fried Green Tomatoes,3.5,30
1272,Patton (1970),Drama|War,1272,1970.0,Patton,4.121212121212121,33
1273,Down by Law (1986),Comedy|Drama|Film-Noir,1273,1986.0,Down by Law,4.045454545454546,11
1274,Akira (1988),Action|Adventure|Animation|Sci-Fi,1274,1988.0,Akira,3.7435897435897436,39
1275,Highlander (1986),Action|Adventure|Fantasy,1275,1986.0,Highlander,3.7291666666666665,48
1276,Cool Hand Luke (1967),Drama,1276,1967.0,Cool Hand Luke,4.271929824561403,57
1277,Cyrano de Bergerac (1990),Comedy|Drama|Romance,1277,1990.0,Cyrano de Bergerac,4.125,12
1278,Young Frankenstein (1974),Comedy|Fantasy,1278,1974.0,Young Frankenstein,3.9927536231884058,69
1279,Night on Earth (1991),Comedy|Drama,1279,1991.0,Night on Earth,4.125,8
1280,Raise the Red Lantern (Da hong deng long gao gao gua) (1991),Drama,1280,1991.0,Raise the Red Lantern (Da hong deng long gao gao gua),4.333333333333333,9
1281,"Great Dictator, The (1940)",Comedy|Drama|War,1281,1940.0,"Great Dictator, The",4.133333333333334,15
1282,Fantasia (1940),Animation|Children|Fantasy|Musical,1282,1940.0,Fantasia,3.7830188679245285,53
1283,High Noon (1952),Drama|Western,1283,1952.0,High Noon,4.2105263157894735,19
1284,"Big Sleep, The (1946)",Crime|Film-Noir|Mystery,1284,1946.0,"Big Sleep, The",4.142857142857143,14
1285,Heathers (1989),Comedy,1285,1989.0,Heathers,3.731707317073171,41
1286,Somewhere in Time (1980),Drama|Romance,1286,1980.0,Somewhere in Time,3.0714285714285716,7
1287,Ben-Hur (1959),Action|Adventure|Drama,1287,1959.0,Ben-Hur,3.9411764705882355,34
1288,This Is Spinal Tap (1984),Comedy,1288,1984.0,This Is Spinal Tap,4.015151515151516,66
1289,Koyaanisqatsi (a.k.a. Koyaanisqatsi: Life Out of Balance) (1983),Documentary,1289,1983.0,Koyaanisqatsi (a.k.a. Koyaanisqatsi: Life Out of Balance),3.8636363636363638,11
1290,Some Kind of Wonderful (1987),Drama|Romance,1290,1987.0,Some Kind of Wonderful,3.35,10
1291,Indiana Jones and the Last Crusade (1989),Action|Adventure,1291,1989.0,Indiana Jones and the Last Crusade,4.046428571428572,140
1292,Being There (1979),Comedy|Drama,1292,1979.0,Being There,3.95,20
1293,Gandhi (1982),Drama,1293,1982.0,Gandhi,3.8333333333333335,27
1295,"Unbearable Lightness of Being, The (1988)",Drama,1295,1988.0,"Unbearable Lightness of Being, The",3.227272727272727,11
1296,"Room with a View, A (1986)",Drama|Romance,1296,1986.0,"Room with a View, A",3.7058823529411766,17
1297,Real Genius (1985),Comedy,1297,1985.0,Real Genius,3.675,20
1298,Pink Floyd: The Wall (1982),Drama|Musical,1298,1982.0,Pink Floyd: The Wall,3.760869565217391,23
1299,"Killing Fields, The (1984)",Drama|War,1299,1984.0,"Killing Fields, The",4.017857142857143,28
1300,My Life as a Dog (Mitt liv som hund) (1985),Comedy|Drama,1300,1985.0,My Life as a Dog (Mitt liv som hund),4.166666666666667,9
1301,Forbidden Planet (1956),Drama|Sci-Fi,1301,1956.0,Forbidden Planet,3.8076923076923075,13
1302,Field of Dreams (1989),Children|Drama|Fantasy,1302,1989.0,Field of Dreams,3.517857142857143,56
1303,"Man Who Would Be King, The (1975)",Adventure|Drama,1303,1975.0,"Man Who Would Be King, The",4.029411764705882,17
1304,Butch Cassidy and the Sundance Kid (1969),Action|Western,1304,1969.0,Butch Cassidy and the Sundance Kid,3.943548387096774,62
1305,"Paris, Texas (1984)",Drama|Romance,1305,1984.0,"Paris, Texas",3.5,4
1306,Until the End of the World (Bis ans Ende der Welt) (1991),Adventure|Drama|Sci-Fi,1306,1991.0,Until the End of the World (Bis ans Ende der Welt),2.7,5
1307,When Harry Met Sally... (1989),Comedy|Romance,1307,1989.0,When Harry Met Sally...,3.8588235294117648,85
1310,Hype! (1996),Documentary,1310,1996.0,Hype!,5.0,1
1312,Female Perversions (1996),Drama,1312,1996.0,Female Perversions,2.5,2
1318,Blue Juice (1995),Comedy|Drama,1318,1995.0,Blue Juice,2.0,1
1320,Alien³ (a.k.a. Alien 3) (1992),Action|Horror|Sci-Fi|Thriller,1320,1992.0,Alien³ (a.k.a. Alien 3),3.148936170212766,47
1321,"American Werewolf in London, An (1981)",Comedy|Horror|Thriller,1321,1981.0,"American Werewolf in London, An",3.4130434782608696,23
1322,Amityville 1992: It's About Time (1992),Horror,1322,1992.0,Amityville 1992: It's About Time,1.5,3
1323,Amityville 3-D (1983),Horror,1323,1983.0,Amityville 3-D,1.6666666666666667,3
1324,Amityville: Dollhouse (1996),Horror,1324,1996.0,Amityville: Dollhouse,1.1666666666666667,3
1325,Amityville: A New Generation (1993),Horror,1325,1993.0,Amityville: A New Generation,1.25,2
1326,Amityville II: The Possession (1982),Horror,1326,1982.0,Amityville II: The Possession,1.125,4
1327,"Amityville Horror, The (1979)",Drama|Horror|Mystery|Thriller,1327,1979.0,"Amityville Horror, The",2.6333333333333333,15
1328,"Amityville Curse, The (1990)",Horror,1328,1990.0,"Amityville Curse, The",0.75,2
1329,Blood for Dracula (Andy Warhol's Dracula) (1974),Horror,1329,1974.0,Blood for Dracula (Andy Warhol's Dracula),2.75,2
1330,April Fool's Day (1986),Horror,1330,1986.0,April Fool's Day,1.5,4
1331,Audrey Rose (1977),Horror,1331,1977.0,Audrey Rose,2.0,1
1332,"Believers, The (1987)",Horror|Thriller,1332,1987.0,"Believers, The",3.6666666666666665,3
1333,"Birds, The (1963)",Horror|Thriller,1333,1963.0,"Birds, The",3.602272727272727,44
1334,"Blob, The (1958)",Horror|Sci-Fi,1334,1958.0,"Blob, The",3.0,6
1335,Blood Beach (1981),Horror|Mystery,1335,1981.0,Blood Beach,1.0,1
1336,Body Parts (1991),Horror|Thriller,1336,1991.0,Body Parts,1.0,1
1337,"Body Snatcher, The (1945)",Drama|Horror|Thriller,1337,1945.0,"Body Snatcher, The",4.5,1
1339,Dracula (Bram Stoker's Dracula) (1992),Fantasy|Horror|Romance|Thriller,1339,1992.0,Dracula (Bram Stoker's Dracula),3.4655172413793105,29
1340,"Bride of Frankenstein, The (Bride of Frankenstein) (1935)",Drama|Horror|Sci-Fi,1340,1935.0,"Bride of Frankenstein, The (Bride of Frankenstein)",3.1666666666666665,3
1341,Burnt Offerings (1976),Horror,1341,1976.0,Burnt Offerings,3.75,2
1342,Candyman (1992),Horror|Thriller,1342,1992.0,Candyman,2.5,11
1343,Cape Fear (1991),Thriller,1343,1991.0,Cape Fear,3.78,25
1344,Cape Fear (1962),Crime|Drama|Thriller,1344,1962.0,Cape Fear,3.9642857142857144,14
1345,Carrie (1976),Drama|Fantasy|Horror|Thriller,1345,1976.0,Carrie,3.3472222222222223,36
1346,Cat People (1982),Drama|Fantasy|Horror,1346,1982.0,Cat People,2.8125,8
1347,"Nightmare on Elm Street, A (1984)",Horror|Thriller,1347,1984.0,"Nightmare on Elm Street, A",3.0,27
1348,"Nosferatu (Nosferatu, eine Symphonie des Grauens) (1922)",Horror,1348,1922.0,"Nosferatu (Nosferatu, eine Symphonie des Grauens)",3.53125,16
1349,Vampire in Venice (Nosferatu a Venezia) (Nosferatu in Venice) (1986),Horror,1349,1986.0,Vampire in Venice (Nosferatu a Venezia) (Nosferatu in Venice),5.0,1
1350,"Omen, The (1976)",Horror|Mystery|Thriller,1350,1976.0,"Omen, The",3.8181818181818183,22
1351,Blood and Wine (Blood & Wine) (1996),Crime|Drama|Thriller,1351,1996.0,Blood and Wine (Blood & Wine),2.3333333333333335,3
1352,Albino Alligator (1996),Crime|Thriller,1352,1996.0,Albino Alligator,2.25,2
1353,"Mirror Has Two Faces, The (1996)",Comedy|Drama|Romance,1353,1996.0,"Mirror Has Two Faces, The",3.375,4
1354,Breaking the Waves (1996),Drama|Mystery,1354,1996.0,Breaking the Waves,4.071428571428571,7
1355,Nightwatch (1997),Horror|Thriller,1355,1997.0,Nightwatch,2.0,3
1356,Star Trek: First Contact (1996),Action|Adventure|Sci-Fi|Thriller,1356,1996.0,Star Trek: First Contact,3.879120879120879,91
1357,Shine (1996),Drama|Romance,1357,1996.0,Shine,4.0,24
1358,Sling Blade (1996),Drama,1358,1996.0,Sling Blade,3.8404255319148937,47
1359,Jingle All the Way (1996),Children|Comedy,1359,1996.0,Jingle All the Way,2.861111111111111,18
1361,Paradise Lost: The Child Murders at Robin Hood Hills (1996),Documentary,1361,1996.0,Paradise Lost: The Child Murders at Robin Hood Hills,4.083333333333333,6
1363,"Preacher's Wife, The (1996)",Drama,1363,1996.0,"Preacher's Wife, The",3.5,5
1365,Ridicule (1996),Drama,1365,1996.0,Ridicule,3.5833333333333335,6
1366,"Crucible, The (1996)",Drama,1366,1996.0,"Crucible, The",3.9,5
1367,101 Dalmatians (1996),Adventure|Children|Comedy,1367,1996.0,101 Dalmatians,3.074468085106383,47
1370,Die Hard 2 (1990),Action|Adventure|Thriller,1370,1990.0,Die Hard 2,3.4044117647058822,68
1371,Star Trek: The Motion Picture (1979),Adventure|Sci-Fi,1371,1979.0,Star Trek: The Motion Picture,3.0444444444444443,45
1372,Star Trek VI: The Undiscovered Country (1991),Action|Mystery|Sci-Fi,1372,1991.0,Star Trek VI: The Undiscovered Country,3.3452380952380953,42
1373,Star Trek V: The Final Frontier (1989),Action|Sci-Fi,1373,1989.0,Star Trek V: The Final Frontier,2.6666666666666665,30
1374,Star Trek II: The Wrath of Khan (1982),Action|Adventure|Sci-Fi|Thriller,1374,1982.0,Star Trek II: The Wrath of Khan,3.7661290322580645,62
1375,Star Trek III: The Search for Spock (1984),Action|Adventure|Sci-Fi,1375,1984.0,Star Trek III: The Search for Spock,3.261904761904762,42
1376,Star Trek IV: The Voyage Home (1986),Adventure|Comedy|Sci-Fi,1376,1986.0,Star Trek IV: The Voyage Home,3.4767441860465116,43
1377,Batman Returns (1992),Action|Crime,1377,1992.0,Batman Returns,3.025,60
1378,Young Guns (1988),Action|Comedy|Western,1378,1988.0,Young Guns,3.1,25
1379,Young Guns II (1990),Action|Western,1379,1990.0,Young Guns II,3.0,11
1380,Grease (1978),Comedy|Musical|Romance,1380,1978.0,Grease,3.139705882352941,68
1381,Grease 2 (1982),Comedy|Musical|Romance,1381,1982.0,Grease 2,2.0789473684210527,19
1382,Marked for Death (1990),Action|Drama,1382,1990.0,Marked for Death,1.875,4
1385,Under Siege (1992),Action|Drama|Thriller,1385,1992.0,Under Siege,2.8541666666666665,24
1387,Jaws (1975),Action|Horror,1387,1975.0,Jaws,4.0054945054945055,91
1388,Jaws 2 (1978),Horror|Thriller,1388,1978.0,Jaws 2,2.6176470588235294,17
1389,Jaws 3-D (1983),Action|Horror,1389,1983.0,Jaws 3-D,1.4166666666666667,6
1390,My Fellow Americans (1996),Comedy,1390,1996.0,My Fellow Americans,2.6666666666666665,9
1391,Mars Attacks! (1996),Action|Comedy|Sci-Fi,1391,1996.0,Mars Attacks!,3.0930232558139537,86
1392,Citizen Ruth (1996),Comedy|Drama,1392,1996.0,Citizen Ruth,4.125,4
1393,Jerry Maguire (1996),Drama|Romance,1393,1996.0,Jerry Maguire,3.5941176470588236,85
1394,Raising Arizona (1987),Comedy,1394,1987.0,Raising Arizona,3.9913793103448274,58
1395,Tin Men (1987),Comedy|Drama,1395,1987.0,Tin Men,3.0,5
1396,Sneakers (1992),Action|Comedy|Crime|Drama|Sci-Fi,1396,1992.0,Sneakers,3.4782608695652173,46
1397,Bastard Out of Carolina (1996),Drama,1397,1996.0,Bastard Out of Carolina,4.0,2
1398,In Love and War (1996),Romance|War,1398,1996.0,In Love and War,2.5,1
1399,Marvin's Room (1996),Drama,1399,1996.0,Marvin's Room,3.1,5
1401,Ghosts of Mississippi (1996),Drama,1401,1996.0,Ghosts of Mississippi,3.3333333333333335,3
1405,Beavis and Butt-Head Do America (1996),Adventure|Animation|Comedy|Crime,1405,1996.0,Beavis and Butt-Head Do America,2.935483870967742,31
1406,La Cérémonie (1995),Crime|Drama|Mystery|Thriller,1406,1995.0,La Cérémonie,4.5,2
1407,Scream (1996),Comedy|Horror|Mystery|Thriller,1407,1996.0,Scream,3.2,70
1408,"Last of the Mohicans, The (1992)",Action|Romance|War|Western,1408,1992.0,"Last of the Mohicans, The",3.8333333333333335,39
1409,Michael (1996),Comedy|Drama|Fantasy|Romance,1409,1996.0,Michael,2.5,23
1411,Hamlet (1996),Crime|Drama|Romance,1411,1996.0,Hamlet,4.0,16
1412,Some Mother's Son (1996),Drama,1412,1996.0,Some Mother's Son,3.5,1
1413,"Whole Wide World, The (1996)",Drama,1413,1996.0,"Whole Wide World, The",4.25,2
1414,Mother (1996),Comedy,1414,1996.0,Mother,3.0,8
1415,"Thieves (Voleurs, Les) (1996)",Crime|Drama|Romance,1415,1996.0,"Thieves (Voleurs, Les)",2.5,2
1416,Evita (1996),Drama|Musical,1416,1996.0,Evita,3.4166666666666665,12
1417,"Portrait of a Lady, The (1996)",Drama,1417,1996.0,"Portrait of a Lady, The",3.25,2
1419,Walkabout (1971),Adventure|Drama,1419,1971.0,Walkabout,4.25,2
1422,Murder at 1600 (1997),Crime|Drama|Mystery|Thriller,1422,1997.0,Murder at 1600,2.75,4
1423,Hearts and Minds (1996),Drama,1423,1996.0,Hearts and Minds,4.0,1
1425,Fierce Creatures (1997),Comedy,1425,1997.0,Fierce Creatures,3.0,8
1426,Zeus and Roxanne (1997),Children,1426,1997.0,Zeus and Roxanne,1.0,1
1427,Turbulence (1997),Action|Thriller,1427,1997.0,Turbulence,1.0,1
1428,Angel Baby (1995),Drama,1428,1995.0,Angel Baby,3.0,2
1429,First Strike (Police Story 4: First Strike) (Ging chaat goo si 4: Ji gaan daan yam mo) (1996),Action|Adventure|Comedy|Thriller,1429,1996.0,First Strike (Police Story 4: First Strike) (Ging chaat goo si 4: Ji gaan daan yam mo),3.575,20
1430,Underworld (1996),Comedy|Thriller,1430,1996.0,Underworld,3.0,3
1431,Beverly Hills Ninja (1997),Action|Comedy,1431,1997.0,Beverly Hills Ninja,2.46875,16
1432,Metro (1997),Action|Comedy|Crime|Drama|Thriller,1432,1997.0,Metro,2.7142857142857144,7
1437,"Cement Garden, The (1993)",Drama,1437,1993.0,"Cement Garden, The",4.25,2
1438,Dante's Peak (1997),Action|Thriller,1438,1997.0,Dante's Peak,2.625,24
1439,Meet Wally Sparks (1997),Comedy,1439,1997.0,Meet Wally Sparks,2.1666666666666665,3
1440,Amos & Andrew (1993),Comedy,1440,1993.0,Amos & Andrew,1.5,2
1441,Benny & Joon (1993),Comedy|Romance,1441,1993.0,Benny & Joon,3.473684210526316,19
1442,Prefontaine (1997),Drama,1442,1997.0,Prefontaine,3.5,5
1445,McHale's Navy (1997),Comedy|War,1445,1997.0,McHale's Navy,2.142857142857143,7
1446,Kolya (Kolja) (1996),Comedy|Drama,1446,1996.0,Kolya (Kolja),4.428571428571429,7
1447,Gridlock'd (1997),Crime,1447,1997.0,Gridlock'd,3.375,4
1449,Waiting for Guffman (1996),Comedy,1449,1996.0,Waiting for Guffman,3.875,24
1453,"Beautician and the Beast, The (1997)",Comedy|Romance,1453,1997.0,"Beautician and the Beast, The",1.8333333333333333,3
1454,SubUrbia (1997),Comedy|Drama,1454,1997.0,SubUrbia,3.75,6
1456,"Pest, The (1997)",Comedy,1456,1997.0,"Pest, The",2.0,1
1457,Fools Rush In (1997),Comedy|Drama|Romance,1457,1997.0,Fools Rush In,3.0833333333333335,12
1458,Touch (1997),Drama|Fantasy|Romance,1458,1997.0,Touch,4.0,1
1459,Absolute Power (1997),Mystery|Thriller,1459,1997.0,Absolute Power,2.6666666666666665,12
1460,That Darn Cat (1997),Children|Comedy|Mystery,1460,1997.0,That Darn Cat,3.25,2
1461,Vegas Vacation (National Lampoon's Las Vegas Vacation) (1997),Comedy,1461,1997.0,Vegas Vacation (National Lampoon's Las Vegas Vacation),2.3125,8
1464,Lost Highway (1997),Crime|Drama|Fantasy|Film-Noir|Mystery|Romance,1464,1997.0,Lost Highway,3.264705882352941,17
1465,Rosewood (1997),Action|Drama,1465,1997.0,Rosewood,3.3333333333333335,3
1466,Donnie Brasco (1997),Crime|Drama,1466,1997.0,Donnie Brasco,3.7403846153846154,52
1468,Booty Call (1997),Comedy|Romance,1468,1997.0,Booty Call,2.6,5
1473,Best Men (1997),Action|Comedy|Crime|Drama,1473,1997.0,Best Men,4.0,1
1474,Jungle2Jungle (a.k.a. Jungle 2 Jungle) (1997),Children|Comedy,1474,1997.0,Jungle2Jungle (a.k.a. Jungle 2 Jungle),2.1363636363636362,11
1475,Kama Sutra: A Tale of Love (1996),Romance,1475,1996.0,Kama Sutra: A Tale of Love,4.0,1
1476,Private Parts (1997),Comedy|Drama,1476,1997.0,Private Parts,3.5384615384615383,26
1477,Love Jones (1997),Romance,1477,1997.0,Love Jones,4.0,1
1479,"Saint, The (1997)",Action|Romance|Sci-Fi|Thriller,1479,1997.0,"Saint, The",3.216666666666667,30
1480,Smilla's Sense of Snow (1997),Drama|Thriller,1480,1997.0,Smilla's Sense of Snow,3.3636363636363638,11
1483,Crash (1996),Drama|Thriller,1483,1996.0,Crash,3.090909090909091,11
1484,"Daytrippers, The (1996)",Comedy|Drama|Mystery|Romance,1484,1996.0,"Daytrippers, The",3.6666666666666665,3
1485,Liar Liar (1997),Comedy,1485,1997.0,Liar Liar,3.0337837837837838,74
1487,Selena (1997),Drama|Musical,1487,1997.0,Selena,3.0,5
1488,"Devil's Own, The (1997)",Action|Drama|Thriller,1488,1997.0,"Devil's Own, The",2.8333333333333335,15
1489,Cats Don't Dance (1997),Animation|Children|Musical,1489,1997.0,Cats Don't Dance,3.0,2
1490,B*A*P*S (1997),Comedy,1490,1997.0,B*A*P*S,1.5,2
1493,Love and Other Catastrophes (1996),Romance,1493,1996.0,Love and Other Catastrophes,3.5,1
1495,Turbo: A Power Rangers Movie (1997),Action|Adventure|Children,1495,1997.0,Turbo: A Power Rangers Movie,2.0,2
1496,Anna Karenina (1997),Drama|Romance,1496,1997.0,Anna Karenina,4.0,1
1497,Double Team (1997),Action,1497,1997.0,Double Team,4.0,3
1498,Inventing the Abbotts (1997),Drama|Romance,1498,1997.0,Inventing the Abbotts,3.0,5
1499,Anaconda (1997),Action|Adventure|Thriller,1499,1997.0,Anaconda,1.9259259259259258,27
1500,Grosse Pointe Blank (1997),Comedy|Crime|Romance,1500,1997.0,Grosse Pointe Blank,3.610169491525424,59
1502,Kissed (1996),Drama|Romance,1502,1996.0,Kissed,2.5,2
1503,8 Heads in a Duffel Bag (1997),Comedy,1503,1997.0,8 Heads in a Duffel Bag,3.0,4
1507,Paradise Road (1997),Drama|War,1507,1997.0,Paradise Road,3.5,1
1513,Romy and Michele's High School Reunion (1997),Comedy,1513,1997.0,Romy and Michele's High School Reunion,2.9655172413793105,29
1514,Temptress Moon (Feng Yue) (1996),Romance,1514,1996.0,Temptress Moon (Feng Yue),3.0,1
1515,Volcano (1997),Action|Drama|Thriller,1515,1997.0,Volcano,2.1,15
1516,Children of the Revolution (1996),Comedy,1516,1996.0,Children of the Revolution,3.0,1
1517,Austin Powers: International Man of Mystery (1997),Action|Adventure|Comedy,1517,1997.0,Austin Powers: International Man of Mystery,3.535,100
1518,Breakdown (1997),Action|Thriller,1518,1997.0,Breakdown,3.3461538461538463,13
1519,Broken English (1996),Drama,1519,1996.0,Broken English,1.0,1
1526,Fathers' Day (1997),Comedy,1526,1997.0,Fathers' Day,1.0,3
1527,"Fifth Element, The (1997)",Action|Adventure|Comedy|Sci-Fi,1527,1997.0,"Fifth Element, The",3.7456896551724137,116
1529,Nowhere (1997),Comedy|Drama,1529,1997.0,Nowhere,3.3333333333333335,3
1533,"Promise, The (La promesse) (1996)",Drama,1533,1996.0,"Promise, The (La promesse)",4.5,2
1537,Shall We Dance? (Shall We Dansu?) (1996),Comedy|Drama|Romance,1537,1996.0,Shall We Dance? (Shall We Dansu?),3.8076923076923075,13
1541,Addicted to Love (1997),Comedy|Romance,1541,1997.0,Addicted to Love,2.7,10
1542,Brassed Off (1996),Comedy|Drama|Romance,1542,1996.0,Brassed Off,3.7142857142857144,7
1544,"Lost World: Jurassic Park, The (1997)",Action|Adventure|Sci-Fi|Thriller,1544,1997.0,"Lost World: Jurassic Park, The",2.753731343283582,67
1545,Ponette (1996),Drama,1545,1996.0,Ponette,4.5,2
1546,Schizopolis (1996),Comedy,1546,1996.0,Schizopolis,3.5,1
1547,Shiloh (1997),Children|Drama,1547,1997.0,Shiloh,3.25,2
1549,Rough Magic (1995),Drama|Romance,1549,1995.0,Rough Magic,4.0,1
1550,Trial and Error (1997),Comedy|Romance,1550,1997.0,Trial and Error,2.25,4
1551,Buddy (1997),Adventure|Children|Drama,1551,1997.0,Buddy,2.1666666666666665,3
1552,Con Air (1997),Action|Adventure|Thriller,1552,1997.0,Con Air,3.0338983050847457,59
1554,"Pillow Book, The (1996)",Drama|Romance,1554,1996.0,"Pillow Book, The",2.4,5
1556,Speed 2: Cruise Control (1997),Action|Romance|Thriller,1556,1997.0,Speed 2: Cruise Control,1.605263157894737,19
1562,Batman & Robin (1997),Action|Adventure|Fantasy|Thriller,1562,1997.0,Batman & Robin,2.2142857142857144,42
1564,For Roseanna (Roseanna's Grave) (1997),Comedy|Drama|Romance,1564,1997.0,For Roseanna (Roseanna's Grave),4.0,2
1565,Head Above Water (1996),Comedy|Thriller,1565,1996.0,Head Above Water,4.0,1
1566,Hercules (1997),Adventure|Animation|Children|Comedy|Musical,1566,1997.0,Hercules,3.4516129032258065,31
1569,My Best Friend's Wedding (1997),Comedy|Romance,1569,1997.0,My Best Friend's Wedding,3.5,40
1571,When the Cat's Away (Chacun cherche son chat) (1996),Comedy|Romance,1571,1996.0,When the Cat's Away (Chacun cherche son chat),4.5,2
1572,"Contempt (Mépris, Le) (1963)",Drama,1572,1963.0,"Contempt (Mépris, Le)",3.0,2
1573,Face/Off (1997),Action|Crime|Drama|Thriller,1573,1997.0,Face/Off,3.3701298701298703,77
1574,Fall (1997),Romance,1574,1997.0,Fall,1.0,1
1580,Men in Black (a.k.a. MIB) (1997),Action|Comedy|Sci-Fi,1580,1997.0,Men in Black (a.k.a. MIB),3.487878787878788,165
1581,Out to Sea (1997),Comedy,1581,1997.0,Out to Sea,2.1666666666666665,3
1582,Wild America (1997),Adventure|Children,1582,1997.0,Wild America,2.6,5
1583,"Simple Wish, A (1997)",Children|Fantasy,1583,1997.0,"Simple Wish, A",3.0,2
1584,Contact (1997),Drama|Sci-Fi,1584,1997.0,Contact,3.652439024390244,82
1585,Love Serenade (1996),Comedy,1585,1996.0,Love Serenade,3.0,1
1586,G.I. Jane (1997),Action|Drama,1586,1997.0,G.I. Jane,2.7954545454545454,22
1587,Conan the Barbarian (1982),Action|Adventure|Fantasy,1587,1982.0,Conan the Barbarian,3.2580645161290325,31
1588,George of the Jungle (1997),Children|Comedy,1588,1997.0,George of the Jungle,3.075,20
1589,Cop Land (1997),Action|Crime|Drama|Thriller,1589,1997.0,Cop Land,3.28125,16
1590,Event Horizon (1997),Horror|Sci-Fi|Thriller,1590,1997.0,Event Horizon,2.94,25
1591,Spawn (1997),Action|Adventure|Sci-Fi|Thriller,1591,1997.0,Spawn,2.6346153846153846,26
1592,Air Bud (1997),Children|Comedy,1592,1997.0,Air Bud,2.375,4
1593,Picture Perfect (1997),Comedy|Romance,1593,1997.0,Picture Perfect,2.8333333333333335,6
1594,In the Company of Men (1997),Comedy|Drama,1594,1997.0,In the Company of Men,4.083333333333333,6
1596,Career Girls (1997),Drama,1596,1997.0,Career Girls,4.333333333333333,3
1597,Conspiracy Theory (1997),Drama|Mystery|Romance|Thriller,1597,1997.0,Conspiracy Theory,2.941860465116279,43
1598,Desperate Measures (1998),Crime|Drama|Thriller,1598,1998.0,Desperate Measures,2.5,4
1599,Steel (1997),Action,1599,1997.0,Steel,2.3333333333333335,3
1600,She's So Lovely (1997),Drama|Romance,1600,1997.0,She's So Lovely,3.5,2
1601,Hoodlum (1997),Crime|Drama|Film-Noir,1601,1997.0,Hoodlum,2.3333333333333335,3
1602,Leave It to Beaver (1997),Comedy,1602,1997.0,Leave It to Beaver,1.75,4
1603,Mimic (1997),Horror|Sci-Fi|Thriller,1603,1997.0,Mimic,2.4615384615384617,13
1604,Money Talks (1997),Action|Comedy,1604,1997.0,Money Talks,3.3333333333333335,3
1605,Excess Baggage (1997),Adventure|Romance,1605,1997.0,Excess Baggage,2.75,4
1606,Kull the Conqueror (1997),Action|Adventure,1606,1997.0,Kull the Conqueror,2.3333333333333335,3
1608,Air Force One (1997),Action|Thriller,1608,1997.0,Air Force One,3.3448275862068964,58
1609,187 (One Eight Seven) (1997),Drama|Thriller,1609,1997.0,187 (One Eight Seven),2.6666666666666665,3
1610,"Hunt for Red October, The (1990)",Action|Adventure|Thriller,1610,1990.0,"Hunt for Red October, The",3.8722222222222222,90
1611,My Own Private Idaho (1991),Drama|Romance,1611,1991.0,My Own Private Idaho,4.1,5
1612,"Kiss Me, Guido (1997)",Comedy,1612,1997.0,"Kiss Me, Guido",3.0,2
1613,Star Maps (1997),Drama,1613,1997.0,Star Maps,4.0,1
1614,In & Out (1997),Comedy,1614,1997.0,In & Out,2.7884615384615383,26
1615,"Edge, The (1997)",Adventure|Drama,1615,1997.0,"Edge, The",3.0,11
1616,"Peacemaker, The (1997)",Action|Thriller|War,1616,1997.0,"Peacemaker, The",3.025,20
1617,L.A. Confidential (1997),Crime|Film-Noir|Mystery|Thriller,1617,1997.0,L.A. Confidential,4.061855670103093,97
1619,Seven Years in Tibet (1997),Adventure|Drama|War,1619,1997.0,Seven Years in Tibet,3.4285714285714284,14
1620,Kiss the Girls (1997),Crime|Drama|Mystery|Thriller,1620,1997.0,Kiss the Girls,3.1153846153846154,13
1621,Soul Food (1997),Drama,1621,1997.0,Soul Food,3.25,2
1623,Wishmaster (1997),Horror,1623,1997.0,Wishmaster,2.25,2
1624,"Thousand Acres, A (1997)",Drama,1624,1997.0,"Thousand Acres, A",1.75,2
1625,"Game, The (1997)",Drama|Mystery|Thriller,1625,1997.0,"Game, The",3.7012987012987013,77
1626,Fire Down Below (1997),Action|Drama|Thriller,1626,1997.0,Fire Down Below,2.6666666666666665,3
1627,U Turn (1997),Crime|Drama|Mystery,1627,1997.0,U Turn,3.357142857142857,7
1629,"MatchMaker, The (1997)",Comedy|Romance,1629,1997.0,"MatchMaker, The",3.3333333333333335,3
1631,"Assignment, The (1997)",Action|Thriller,1631,1997.0,"Assignment, The",5.0,1
1633,Ulee's Gold (1997),Drama,1633,1997.0,Ulee's Gold,4.0,5
1635,"Ice Storm, The (1997)",Drama,1635,1997.0,"Ice Storm, The",3.8823529411764706,17
1639,Chasing Amy (1997),Comedy|Drama|Romance,1639,1997.0,Chasing Amy,3.576923076923077,52
1641,"Full Monty, The (1997)",Comedy|Drama,1641,1997.0,"Full Monty, The",3.7589285714285716,56
1642,Indian Summer (a.k.a. Alive & Kicking) (1996),Comedy|Drama,1642,1996.0,Indian Summer (a.k.a. Alive & Kicking),1.75,2
1643,"Mrs. Brown (a.k.a. Her Majesty, Mrs. Brown) (1997)",Drama|Romance,1643,1997.0,"Mrs. Brown (a.k.a. Her Majesty, Mrs. Brown)",3.8,5
1644,I Know What You Did Last Summer (1997),Horror|Mystery|Thriller,1644,1997.0,I Know What You Did Last Summer,2.109375,32
1645,The Devil's Advocate (1997),Drama|Mystery|Thriller,1645,1997.0,The Devil's Advocate,3.411764705882353,51
1646,RocketMan (a.k.a. Rocket Man) (1997),Children|Comedy|Romance|Sci-Fi,1646,1997.0,RocketMan (a.k.a. Rocket Man),2.142857142857143,7
1647,Playing God (1997),Crime|Drama|Thriller,1647,1997.0,Playing God,2.5,3
1648,"House of Yes, The (1997)",Comedy|Drama,1648,1997.0,"House of Yes, The",3.5,4
1649,"Fast, Cheap & Out of Control (1997)",Documentary,1649,1997.0,"Fast, Cheap & Out of Control",2.5,3
1650,Washington Square (1997),Drama,1650,1997.0,Washington Square,3.75,2
1652,Year of the Horse (1997),Documentary,1652,1997.0,Year of the Horse,4.5,1
1653,Gattaca (1997),Drama|Sci-Fi|Thriller,1653,1997.0,Gattaca,3.953488372093023,86
1654,FairyTale: A True Story (1997),Children|Drama|Fantasy,1654,1997.0,FairyTale: A True Story,3.5,1
1655,Phantoms (1998),Drama|Horror|Thriller,1655,1998.0,Phantoms,4.0,1
1656,Swept from the Sea (1997),Drama|Romance,1656,1997.0,Swept from the Sea,4.0,1
1658,"Life Less Ordinary, A (1997)",Romance|Thriller,1658,1997.0,"Life Less Ordinary, A",3.0625,8
1659,Hurricane Streets (1997),Drama,1659,1997.0,Hurricane Streets,4.0,1
1660,Eve's Bayou (1997),Drama,1660,1997.0,Eve's Bayou,3.0,1
1661,Switchback (1997),Crime|Mystery|Thriller,1661,1997.0,Switchback,3.0,1
1662,Gang Related (1997),Crime,1662,1997.0,Gang Related,3.0,2
1663,Stripes (1981),Comedy|War,1663,1981.0,Stripes,3.7941176470588234,34
1665,Bean (1997),Comedy,1665,1997.0,Bean,2.96875,16
1667,Mad City (1997),Action|Drama,1667,1997.0,Mad City,2.1,5
1670,Welcome to Sarajevo (1997),Drama|War,1670,1997.0,Welcome to Sarajevo,3.0,3
1671,Deceiver (1997),Crime|Drama|Thriller,1671,1997.0,Deceiver,3.0,1
1672,"Rainmaker, The (1997)",Drama,1672,1997.0,"Rainmaker, The",3.375,12
1673,Boogie Nights (1997),Drama,1673,1997.0,Boogie Nights,4.076923076923077,39
1674,Witness (1985),Drama|Romance|Thriller,1674,1985.0,Witness,3.65,40
1675,Incognito (1997),Crime|Thriller,1675,1997.0,Incognito,3.5,1
1676,Starship Troopers (1997),Action|Sci-Fi,1676,1997.0,Starship Troopers,3.33125,80
1677,Critical Care (1997),Comedy|Drama,1677,1997.0,Critical Care,2.0,1
1678,"Joy Luck Club, The (1993)",Drama|Romance,1678,1993.0,"Joy Luck Club, The",3.5,10
1679,Chairman of the Board (1998),Comedy,1679,1998.0,Chairman of the Board,2.0,1
1680,Sliding Doors (1998),Drama|Romance,1680,1998.0,Sliding Doors,3.6,25
1681,Mortal Kombat: Annihilation (1997),Action|Adventure|Fantasy,1681,1997.0,Mortal Kombat: Annihilation,1.9285714285714286,7
1682,"Truman Show, The (1998)",Comedy|Drama|Sci-Fi,1682,1998.0,"Truman Show, The",3.812,125
1683,"Wings of the Dove, The (1997)",Drama|Romance,1683,1997.0,"Wings of the Dove, The",4.416666666666667,6
1684,Mrs. Dalloway (1997),Drama|Romance,1684,1997.0,Mrs. Dalloway,3.5,4
1685,"I Love You, I Love You Not (1996)",Drama|Romance,1685,1996.0,"I Love You, I Love You Not",3.0,1
1686,Red Corner (1997),Crime|Thriller,1686,1997.0,Red Corner,3.6666666666666665,3
1687,"Jackal, The (1997)",Action|Thriller,1687,1997.0,"Jackal, The",3.2222222222222223,18
1688,Anastasia (1997),Adventure|Animation|Children|Drama|Musical,1688,1997.0,Anastasia,3.35,20
1689,"Man Who Knew Too Little, The (1997)",Comedy|Crime|Thriller,1689,1997.0,"Man Who Knew Too Little, The",2.2142857142857144,7
1690,Alien: Resurrection (1997),Action|Horror|Sci-Fi,1690,1997.0,Alien: Resurrection,2.922222222222222,45
1693,Amistad (1997),Drama|Mystery,1693,1997.0,Amistad,3.5,19
1694,"Apostle, The (1997)",Drama,1694,1997.0,"Apostle, The",3.0,7
1695,Artemisia (1997),Drama,1695,1997.0,Artemisia,4.0,2
1696,Bent (1997),Drama|War,1696,1997.0,Bent,3.5,2
1699,"Butcher Boy, The (1997)",Comedy|Drama,1699,1997.0,"Butcher Boy, The",4.0,2
1701,Deconstructing Harry (1997),Comedy|Drama,1701,1997.0,Deconstructing Harry,3.875,8
1702,Flubber (1997),Children|Comedy|Fantasy,1702,1997.0,Flubber,3.0,16
1703,For Richer or Poorer (1997),Comedy,1703,1997.0,For Richer or Poorer,2.9,5
1704,Good Will Hunting (1997),Drama|Romance,1704,1997.0,Good Will Hunting,4.078014184397163,141
1707,Home Alone 3 (1997),Children|Comedy,1707,1997.0,Home Alone 3,1.875,8
1711,Midnight in the Garden of Good and Evil (1997),Crime|Drama|Mystery,1711,1997.0,Midnight in the Garden of Good and Evil,3.1041666666666665,24
1713,Mouse Hunt (1997),Children|Comedy,1713,1997.0,Mouse Hunt,3.0714285714285716,7
1717,Scream 2 (1997),Comedy|Horror|Mystery|Thriller,1717,1997.0,Scream 2,2.9193548387096775,31
1718,Stranger in the House (1997),Thriller,1718,1997.0,Stranger in the House,3.25,2
1719,"Sweet Hereafter, The (1997)",Drama,1719,1997.0,"Sweet Hereafter, The",4.25,16
1721,Titanic (1997),Drama|Romance,1721,1997.0,Titanic,3.414285714285714,140
1722,Tomorrow Never Dies (1997),Action|Adventure|Thriller,1722,1997.0,Tomorrow Never Dies,3.066666666666667,45
1726,"Postman, The (1997)",Action|Adventure|Drama|Sci-Fi,1726,1997.0,"Postman, The",2.6923076923076925,13
1727,"Horse Whisperer, The (1998)",Drama|Romance,1727,1998.0,"Horse Whisperer, The",3.75,4
1729,Jackie Brown (1997),Crime|Drama|Thriller,1729,1997.0,Jackie Brown,3.6979166666666665,48
1730,Kundun (1997),Drama,1730,1997.0,Kundun,3.25,4
1731,Mr. Magoo (1997),Comedy,1731,1997.0,Mr. Magoo,1.75,4
1732,"Big Lebowski, The (1998)",Comedy|Crime,1732,1998.0,"Big Lebowski, The",3.9245283018867925,106
1733,Afterglow (1997),Drama|Romance,1733,1997.0,Afterglow,4.5,4
1734,My Life in Pink (Ma vie en rose) (1997),Comedy|Drama,1734,1997.0,My Life in Pink (Ma vie en rose),4.055555555555555,9
1735,Great Expectations (1998),Drama|Romance,1735,1998.0,Great Expectations,3.3181818181818183,11
1739,3 Ninjas: High Noon On Mega Mountain (1998),Action|Children|Comedy,1739,1998.0,3 Ninjas: High Noon On Mega Mountain,4.0,1
1746,Senseless (1998),Comedy,1746,1998.0,Senseless,2.0,1
1747,Wag the Dog (1997),Comedy,1747,1997.0,Wag the Dog,3.338709677419355,31
1748,Dark City (1998),Adventure|Film-Noir|Sci-Fi|Thriller,1748,1998.0,Dark City,3.8229166666666665,48
1752,Hard Rain (1998),Action|Crime|Thriller,1752,1998.0,Hard Rain,2.5,4
1753,Half Baked (1998),Comedy,1753,1998.0,Half Baked,3.59375,16
1754,Fallen (1998),Crime|Drama|Fantasy|Thriller,1754,1998.0,Fallen,3.5,15
1755,Shooting Fish (1997),Comedy|Romance,1755,1997.0,Shooting Fish,4.1,5
1757,Fallen Angels (Duo luo tian shi) (1995),Drama|Romance,1757,1995.0,Fallen Angels (Duo luo tian shi),2.0,1
1759,"Four Days in September (O Que É Isso, Companheiro?) (1997)",Drama,1759,1997.0,"Four Days in September (O Que É Isso, Companheiro?)",5.0,1
1760,Spice World (1997),Comedy,1760,1997.0,Spice World,1.35,10
1762,Deep Rising (1998),Action|Horror|Sci-Fi,1762,1998.0,Deep Rising,2.3,5
1767,Music From Another Room (1998),Drama|Romance,1767,1998.0,Music From Another Room,3.0,2
1769,"Replacement Killers, The (1998)",Action|Crime|Thriller,1769,1998.0,"Replacement Killers, The",2.9285714285714284,14
1770,B. Monkey (1998),Crime|Romance|Thriller,1770,1998.0,B. Monkey,2.5,2
1771,Night Flier (1997),Horror,1771,1997.0,Night Flier,4.0,1
1772,Blues Brothers 2000 (1998),Action|Comedy|Musical,1772,1998.0,Blues Brothers 2000,2.7083333333333335,12
1777,"Wedding Singer, The (1998)",Comedy|Romance,1777,1998.0,"Wedding Singer, The",3.419642857142857,56
1779,Sphere (1998),Sci-Fi|Thriller,1779,1998.0,Sphere,2.760869565217391,23
1783,Palmetto (1998),Crime|Drama|Mystery|Romance|Thriller,1783,1998.0,Palmetto,2.8,5
1784,As Good as It Gets (1997),Comedy|Drama|Romance,1784,1997.0,As Good as It Gets,3.6979166666666665,96
1785,King of New York (1990),Crime|Thriller,1785,1990.0,King of New York,3.9,5
1791,Twilight (1998),Crime|Drama|Thriller,1791,1998.0,Twilight,2.3333333333333335,3
1792,U.S. Marshals (1998),Action|Crime|Thriller,1792,1998.0,U.S. Marshals,3.0217391304347827,23
1793,Welcome to Woop-Woop (1997),Comedy,1793,1997.0,Welcome to Woop-Woop,4.0,2
1794,Love and Death on Long Island (1997),Comedy|Drama,1794,1997.0,Love and Death on Long Island,3.0,1
1797,Everest (1998),Documentary|IMAX,1797,1998.0,Everest,4.25,6
1798,Hush (1998),Thriller,1798,1998.0,Hush,2.0,2
1799,Suicide Kings (1997),Comedy|Crime|Drama|Mystery|Thriller,1799,1997.0,Suicide Kings,3.423076923076923,13
1801,"Man in the Iron Mask, The (1998)",Action|Adventure|Drama,1801,1998.0,"Man in the Iron Mask, The",3.5,25
1804,"Newton Boys, The (1998)",Crime|Drama,1804,1998.0,"Newton Boys, The",3.0,3
1805,Wild Things (1998),Crime|Drama|Mystery|Thriller,1805,1998.0,Wild Things,3.0161290322580645,31
1806,Paulie (1998),Adventure|Children|Comedy,1806,1998.0,Paulie,2.3125,8
1807,"Cool, Dry Place, A (1998)",Drama,1807,1998.0,"Cool, Dry Place, A",3.0,1
1809,Fireworks (Hana-bi) (1997),Crime|Drama,1809,1997.0,Fireworks (Hana-bi),4.0,6
1810,Primary Colors (1998),Comedy|Drama,1810,1998.0,Primary Colors,3.5,11
1812,Wide Awake (1998),Children|Comedy|Drama,1812,1998.0,Wide Awake,3.6666666666666665,3
1816,Two Girls and a Guy (1997),Comedy|Drama,1816,1997.0,Two Girls and a Guy,2.0,3
1821,"Object of My Affection, The (1998)",Comedy|Romance,1821,1998.0,"Object of My Affection, The",2.6666666666666665,6
1824,Homegrown (1998),Comedy|Thriller,1824,1998.0,Homegrown,1.0,1
1825,The Players Club (1998),Comedy|Drama,1825,1998.0,The Players Club,3.5,1
1826,Barney's Great Adventure (1998),Adventure|Children,1826,1998.0,Barney's Great Adventure,2.0,1
1827,"Big One, The (1997)",Comedy|Documentary,1827,1997.0,"Big One, The",3.3333333333333335,3
1829,Chinese Box (1997),Drama|Romance,1829,1997.0,Chinese Box,3.25,2
1831,Lost in Space (1998),Action|Adventure|Sci-Fi,1831,1998.0,Lost in Space,2.4482758620689653,29
1833,Mercury Rising (1998),Action|Drama|Thriller,1833,1998.0,Mercury Rising,3.0,13
1834,"Spanish Prisoner, The (1997)",Crime|Drama|Mystery|Thriller,1834,1997.0,"Spanish Prisoner, The",4.0,11
1835,City of Angels (1998),Drama|Fantasy|Romance,1835,1998.0,City of Angels,3.3823529411764706,17
1836,"Last Days of Disco, The (1998)",Comedy|Drama,1836,1998.0,"Last Days of Disco, The",4.5,3
1837,"Odd Couple II, The (1998)",Comedy,1837,1998.0,"Odd Couple II, The",2.25,4
1839,My Giant (1998),Comedy,1839,1998.0,My Giant,3.0,1
1840,He Got Game (1998),Drama,1840,1998.0,He Got Game,3.2142857142857144,7
1841,"Gingerbread Man, The (1998)",Drama|Thriller,1841,1998.0,"Gingerbread Man, The",3.0,1
1844,Live Flesh (Carne trémula) (1997),Drama|Romance,1844,1997.0,Live Flesh (Carne trémula),3.875,4
1845,Zero Effect (1998),Comedy|Mystery|Thriller,1845,1998.0,Zero Effect,3.966666666666667,15
1848,"Borrowers, The (1997)",Adventure|Children|Comedy|Fantasy,1848,1997.0,"Borrowers, The",3.0416666666666665,12
1855,Krippendorf's Tribe (1998),Comedy,1855,1998.0,Krippendorf's Tribe,2.5714285714285716,7
1856,Kurt & Courtney (1998),Documentary,1856,1998.0,Kurt & Courtney,4.0,3
1857,"Real Blonde, The (1997)",Comedy,1857,1997.0,"Real Blonde, The",3.5,1
1858,Mr. Nice Guy (Yat goh ho yan) (1997),Action|Comedy,1858,1997.0,Mr. Nice Guy (Yat goh ho yan),2.5625,8
1859,Taste of Cherry (Ta'm e guilass) (1997),Drama,1859,1997.0,Taste of Cherry (Ta'm e guilass),3.6666666666666665,3
1860,Character (Karakter) (1997),Drama,1860,1997.0,Character (Karakter),2.625,4
1862,Species II (1998),Horror|Sci-Fi,1862,1998.0,Species II,1.9444444444444444,9
1863,Major League: Back to the Minors (1998),Comedy,1863,1998.0,Major League: Back to the Minors,2.4285714285714284,7
1866,"Big Hit, The (1998)",Action|Comedy|Crime,1866,1998.0,"Big Hit, The",2.9285714285714284,7
1867,Tarzan and the Lost City (1998),Action|Adventure,1867,1998.0,Tarzan and the Lost City,2.0,1
1870,"Dancer, Texas Pop. 81 (1998)",Comedy|Drama,1870,1998.0,"Dancer, Texas Pop. 81",3.0,1
1873,"Misérables, Les (1998)",Crime|Drama|Romance|War,1873,1998.0,"Misérables, Les",3.75,10
1875,Clockwatchers (1997),Comedy,1875,1997.0,Clockwatchers,3.9166666666666665,6
1876,Deep Impact (1998),Drama|Sci-Fi|Thriller,1876,1998.0,Deep Impact,3.0697674418604652,43
1881,Quest for Camelot (1998),Adventure|Animation|Children|Fantasy|Musical,1881,1998.0,Quest for Camelot,2.0,2
1882,Godzilla (1998),Action|Sci-Fi|Thriller,1882,1998.0,Godzilla,1.9545454545454546,33
1883,Bulworth (1998),Comedy|Drama|Romance,1883,1998.0,Bulworth,3.2708333333333335,24
1884,Fear and Loathing in Las Vegas (1998),Adventure|Comedy|Drama,1884,1998.0,Fear and Loathing in Las Vegas,3.967391304347826,46
1885,"Opposite of Sex, The (1998)",Comedy|Drama|Romance,1885,1998.0,"Opposite of Sex, The",3.125,12
1887,Almost Heroes (1998),Adventure|Comedy|Western,1887,1998.0,Almost Heroes,2.0,2
1888,Hope Floats (1998),Comedy|Drama|Romance,1888,1998.0,Hope Floats,2.6666666666666665,3
1889,Insomnia (1997),Drama|Mystery|Thriller,1889,1997.0,Insomnia,3.75,8
1891,"Ugly, The (1997)",Horror|Thriller,1891,1997.0,"Ugly, The",2.0,1
1892,"Perfect Murder, A (1998)",Thriller,1892,1998.0,"Perfect Murder, A",3.28125,16
1893,Beyond Silence (Jenseits der Stille) (1996),Drama,1893,1996.0,Beyond Silence (Jenseits der Stille),4.5,1
1894,Six Days Seven Nights (1998),Adventure|Comedy|Romance,1894,1998.0,Six Days Seven Nights,2.84375,16
1895,Can't Hardly Wait (1998),Comedy|Drama|Romance,1895,1998.0,Can't Hardly Wait,3.3333333333333335,15
1897,High Art (1998),Drama|Romance,1897,1998.0,High Art,3.5,2
1900,"Children of Heaven, The (Bacheha-Ye Aseman) (1997)",Comedy|Drama,1900,1997.0,"Children of Heaven, The (Bacheha-Ye Aseman)",4.0,1
1902,Dream for an Insomniac (1996),Drama|Romance,1902,1996.0,Dream for an Insomniac,4.0,1
1904,Henry Fool (1997),Comedy|Drama,1904,1997.0,Henry Fool,3.3333333333333335,3
1906,Mr. Jealousy (1997),Comedy|Romance,1906,1997.0,Mr. Jealousy,2.5,2
1907,Mulan (1998),Adventure|Animation|Children|Comedy|Drama|Musical|Romance,1907,1998.0,Mulan,3.566666666666667,45
1909,"X-Files: Fight the Future, The (1998)",Action|Crime|Mystery|Sci-Fi|Thriller,1909,1998.0,"X-Files: Fight the Future, The",3.4404761904761907,42
1910,I Went Down (1997),Comedy|Crime|Drama,1910,1997.0,I Went Down,2.0,2
1911,Dr. Dolittle (1998),Comedy,1911,1998.0,Dr. Dolittle,2.609375,32
1912,Out of Sight (1998),Comedy|Crime|Drama|Romance|Thriller,1912,1998.0,Out of Sight,3.859375,32
1913,Picnic at Hanging Rock (1975),Drama|Mystery,1913,1975.0,Picnic at Hanging Rock,4.0,3
1914,Smoke Signals (1998),Comedy|Drama,1914,1998.0,Smoke Signals,3.388888888888889,9
1916,Buffalo '66 (a.k.a. Buffalo 66) (1998),Drama|Romance,1916,1998.0,Buffalo '66 (a.k.a. Buffalo 66),3.4166666666666665,12
1917,Armageddon (1998),Action|Romance|Sci-Fi|Thriller,1917,1998.0,Armageddon,3.0543478260869565,92
1918,Lethal Weapon 4 (1998),Action|Comedy|Crime|Thriller,1918,1998.0,Lethal Weapon 4,2.8484848484848486,33
1919,Madeline (1998),Children|Comedy,1919,1998.0,Madeline,2.5,5
1920,Small Soldiers (1998),Animation|Children|Fantasy|War,1920,1998.0,Small Soldiers,2.8333333333333335,18
1921,Pi (1998),Drama|Sci-Fi|Thriller,1921,1998.0,Pi,3.851063829787234,47
1922,Whatever (1998),Drama,1922,1998.0,Whatever,3.5,2
1923,There's Something About Mary (1998),Comedy|Romance,1923,1998.0,There's Something About Mary,3.676190476190476,105
1924,Plan 9 from Outer Space (1959),Horror|Sci-Fi,1924,1959.0,Plan 9 from Outer Space,3.1875,8
1926,"Broadway Melody, The (1929)",Musical,1926,1929.0,"Broadway Melody, The",3.0,1
1927,All Quiet on the Western Front (1930),Action|Drama|War,1927,1930.0,All Quiet on the Western Front,4.35,10
1928,Cimarron (1931),Drama|Western,1928,1931.0,Cimarron,3.5,1
1929,Grand Hotel (1932),Drama|Romance,1929,1932.0,Grand Hotel,4.0,2
1931,Mutiny on the Bounty (1935),Adventure|Drama,1931,1935.0,Mutiny on the Bounty,4.166666666666667,6
1932,"Great Ziegfeld, The (1936)",Drama|Musical,1932,1936.0,"Great Ziegfeld, The",3.5,1
1933,"Life of Emile Zola, The (1937)",Drama,1933,1937.0,"Life of Emile Zola, The",3.0,1
1934,You Can't Take It with You (1938),Comedy|Romance,1934,1938.0,You Can't Take It with You,3.8333333333333335,3
1936,Mrs. Miniver (1942),Drama|War,1936,1942.0,Mrs. Miniver,4.0,3
1937,Going My Way (1944),Comedy|Drama|Musical,1937,1944.0,Going My Way,3.25,2
1938,"Lost Weekend, The (1945)",Drama,1938,1945.0,"Lost Weekend, The",4.0,3
1939,"Best Years of Our Lives, The (1946)",Drama|War,1939,1946.0,"Best Years of Our Lives, The",4.0625,8
1940,Gentleman's Agreement (1947),Drama,1940,1947.0,Gentleman's Agreement,4.0,1
1941,Hamlet (1948),Drama,1941,1948.0,Hamlet,3.5,2
1942,All the King's Men (1949),Drama,1942,1949.0,All the King's Men,4.25,4
1944,From Here to Eternity (1953),Drama|Romance|War,1944,1953.0,From Here to Eternity,3.9545454545454546,11
1945,On the Waterfront (1954),Crime|Drama,1945,1954.0,On the Waterfront,4.1875,24
1946,Marty (1955),Drama|Romance,1946,1955.0,Marty,3.8333333333333335,3
1947,West Side Story (1961),Drama|Musical|Romance,1947,1961.0,West Side Story,3.6029411764705883,34
1948,Tom Jones (1963),Adventure|Comedy|Romance,1948,1963.0,Tom Jones,3.642857142857143,7
1949,"Man for All Seasons, A (1966)",Drama,1949,1966.0,"Man for All Seasons, A",4.333333333333333,6
1950,In the Heat of the Night (1967),Drama|Mystery,1950,1967.0,In the Heat of the Night,4.181818181818182,11
1951,Oliver! (1968),Drama|Musical,1951,1968.0,Oliver!,3.5714285714285716,7
1952,Midnight Cowboy (1969),Drama,1952,1969.0,Midnight Cowboy,3.9545454545454546,22
1953,"French Connection, The (1971)",Action|Crime|Thriller,1953,1971.0,"French Connection, The",3.871794871794872,39
1954,Rocky (1976),Drama,1954,1976.0,Rocky,3.828125,64
1955,Kramer vs. Kramer (1979),Drama,1955,1979.0,Kramer vs. Kramer,3.892857142857143,14
1956,Ordinary People (1980),Drama,1956,1980.0,Ordinary People,4.0,12
1957,Chariots of Fire (1981),Drama,1957,1981.0,Chariots of Fire,4.038461538461538,13
1958,Terms of Endearment (1983),Comedy|Drama,1958,1983.0,Terms of Endearment,3.7954545454545454,22
1959,Out of Africa (1985),Drama|Romance,1959,1985.0,Out of Africa,3.6666666666666665,15
1960,"Last Emperor, The (1987)",Drama,1960,1987.0,"Last Emperor, The",3.6923076923076925,26
1961,Rain Man (1988),Drama,1961,1988.0,Rain Man,3.8072916666666665,96
1962,Driving Miss Daisy (1989),Drama,1962,1989.0,Driving Miss Daisy,3.739130434782609,23
1963,Take the Money and Run (1969),Comedy|Crime,1963,1969.0,Take the Money and Run,3.3636363636363638,11
1964,Klute (1971),Drama|Mystery,1964,1971.0,Klute,4.083333333333333,6
1965,Repo Man (1984),Comedy|Sci-Fi,1965,1984.0,Repo Man,3.380952380952381,21
1966,Metropolitan (1990),Comedy,1966,1990.0,Metropolitan,3.625,8
1967,Labyrinth (1986),Adventure|Fantasy|Musical,1967,1986.0,Labyrinth,3.8214285714285716,42
1968,"Breakfast Club, The (1985)",Comedy|Drama,1968,1985.0,"Breakfast Club, The",3.7787610619469025,113
1969,"Nightmare on Elm Street 2: Freddy's Revenge, A (1985)",Horror,1969,1985.0,"Nightmare on Elm Street 2: Freddy's Revenge, A",2.35,10
1970,"Nightmare on Elm Street 3: Dream Warriors, A (1987)",Horror|Thriller,1970,1987.0,"Nightmare on Elm Street 3: Dream Warriors, A",2.9166666666666665,12
1971,"Nightmare on Elm Street 4: The Dream Master, A (1988)",Horror|Thriller,1971,1988.0,"Nightmare on Elm Street 4: The Dream Master, A",2.4285714285714284,7
1972,"Nightmare on Elm Street 5: The Dream Child, A (1989)",Horror,1972,1989.0,"Nightmare on Elm Street 5: The Dream Child, A",2.142857142857143,7
1973,"Freddy's Dead: The Final Nightmare (Nightmare on Elm Street Part 6: Freddy's Dead, A) (1991)",Horror,1973,1991.0,"Freddy's Dead: The Final Nightmare (Nightmare on Elm Street Part 6: Freddy's Dead, A)",2.2,5
1974,Friday the 13th (1980),Horror|Mystery|Thriller,1974,1980.0,Friday the 13th,2.875,16
1975,Friday the 13th Part 2 (1981),Horror,1975,1981.0,Friday the 13th Part 2,2.5,7
1976,Friday the 13th Part 3: 3D (1982),Horror,1976,1982.0,Friday the 13th Part 3: 3D,2.2142857142857144,7
1977,Friday the 13th Part IV: The Final Chapter (1984),Horror,1977,1984.0,Friday the 13th Part IV: The Final Chapter,2.5833333333333335,6
1978,Friday the 13th Part V: A New Beginning (1985),Horror,1978,1985.0,Friday the 13th Part V: A New Beginning,2.5,2
1979,Friday the 13th Part VI: Jason Lives (1986),Horror,1979,1986.0,Friday the 13th Part VI: Jason Lives,3.25,4
1980,Friday the 13th Part VII: The New Blood (1988),Horror,1980,1988.0,Friday the 13th Part VII: The New Blood,2.0,1
1981,Friday the 13th Part VIII: Jason Takes Manhattan (1989),Horror,1981,1989.0,Friday the 13th Part VIII: Jason Takes Manhattan,2.0,3
1982,Halloween (1978),Horror,1982,1978.0,Halloween,3.7222222222222223,27
1983,Halloween II (1981),Horror,1983,1981.0,Halloween II,2.4,5
1984,Halloween III: Season of the Witch (1982),Horror,1984,1982.0,Halloween III: Season of the Witch,2.1666666666666665,3
1985,Halloween 4: The Return of Michael Myers (1988),Horror,1985,1988.0,Halloween 4: The Return of Michael Myers,2.0,1
1986,Halloween 5: The Revenge of Michael Myers (1989),Horror,1986,1989.0,Halloween 5: The Revenge of Michael Myers,1.5,2
1987,Prom Night (1980),Horror,1987,1980.0,Prom Night,2.5,2
1990,Prom Night IV: Deliver Us From Evil (1992),Horror,1990,1992.0,Prom Night IV: Deliver Us From Evil,4.0,1
1991,Child's Play (1988),Horror|Thriller,1991,1988.0,Child's Play,2.7083333333333335,12
1992,Child's Play 2 (1990),Horror|Thriller,1992,1990.0,Child's Play 2,2.375,4
1993,Child's Play 3 (1991),Comedy|Horror|Thriller,1993,1991.0,Child's Play 3,1.8,5
1994,Poltergeist (1982),Horror|Thriller,1994,1982.0,Poltergeist,3.425531914893617,47
1995,Poltergeist II: The Other Side (1986),Horror|Thriller,1995,1986.0,Poltergeist II: The Other Side,1.6666666666666667,6
1996,Poltergeist III (1988),Horror|Thriller,1996,1988.0,Poltergeist III,1.875,4
1997,"Exorcist, The (1973)",Horror|Mystery,1997,1973.0,"Exorcist, The",3.80188679245283,53
1998,Exorcist II: The Heretic (1977),Horror,1998,1977.0,Exorcist II: The Heretic,1.5,4
1999,"Exorcist III, The (1990)",Horror,1999,1990.0,"Exorcist III, The",2.0,4
2000,Lethal Weapon (1987),Action|Comedy|Crime|Drama,2000,1987.0,Lethal Weapon,3.6733333333333333,75
2001,Lethal Weapon 2 (1989),Action|Comedy|Crime|Drama,2001,1989.0,Lethal Weapon 2,3.1808510638297873,47
2002,Lethal Weapon 3 (1992),Action|Comedy|Crime|Drama,2002,1992.0,Lethal Weapon 3,2.9347826086956523,46
2003,Gremlins (1984),Comedy|Horror,2003,1984.0,Gremlins,3.3780487804878048,41
2004,Gremlins 2: The New Batch (1990),Comedy|Horror,2004,1990.0,Gremlins 2: The New Batch,3.3333333333333335,15
2005,"Goonies, The (1985)",Action|Adventure|Children|Comedy|Fantasy,2005,1985.0,"Goonies, The",3.5701754385964914,57
2006,"Mask of Zorro, The (1998)",Action|Comedy|Romance,2006,1998.0,"Mask of Zorro, The",3.1,60
2007,Polish Wedding (1998),Comedy,2007,1998.0,Polish Wedding,3.5,2
2008,"This World, Then the Fireworks (1997)",Crime|Drama|Film-Noir,2008,1997.0,"This World, Then the Fireworks",3.0,1
2009,Soylent Green (1973),Drama|Mystery|Sci-Fi|Thriller,2009,1973.0,Soylent Green,3.473684210526316,19
2010,Metropolis (1927),Drama|Sci-Fi,2010,1927.0,Metropolis,3.857142857142857,21
2011,Back to the Future Part II (1989),Adventure|Comedy|Sci-Fi,2011,1989.0,Back to the Future Part II,3.5057471264367814,87
2012,Back to the Future Part III (1990),Adventure|Comedy|Sci-Fi|Western,2012,1990.0,Back to the Future Part III,3.3693181818181817,88
2013,"Poseidon Adventure, The (1972)",Action|Adventure|Drama,2013,1972.0,"Poseidon Adventure, The",3.0952380952380953,21
2014,Freaky Friday (1977),Children|Comedy|Fantasy,2014,1977.0,Freaky Friday,2.625,8
2015,"Absent-Minded Professor, The (1961)",Children|Comedy|Fantasy,2015,1961.0,"Absent-Minded Professor, The",3.388888888888889,9
2016,"Apple Dumpling Gang Rides Again, The (1979)",Children|Comedy|Western,2016,1979.0,"Apple Dumpling Gang Rides Again, The",2.875,4
2017,Babes in Toyland (1961),Children|Fantasy|Musical,2017,1961.0,Babes in Toyland,3.1,5
2018,Bambi (1942),Animation|Children|Drama,2018,1942.0,Bambi,3.3684210526315788,38
2019,Seven Samurai (Shichinin no samurai) (1954),Action|Adventure|Drama,2019,1954.0,Seven Samurai (Shichinin no samurai),4.1875,48
2020,Dangerous Liaisons (1988),Drama|Romance,2020,1988.0,Dangerous Liaisons,4.0,25
2021,Dune (1984),Adventure|Sci-Fi,2021,1984.0,Dune,3.4324324324324325,37
2022,"Last Temptation of Christ, The (1988)",Drama,2022,1988.0,"Last Temptation of Christ, The",3.6875,8
2023,"Godfather: Part III, The (1990)",Crime|Drama|Mystery|Thriller,2023,1990.0,"Godfather: Part III, The",3.3555555555555556,45
2024,"Rapture, The (1991)",Drama|Mystery,2024,1991.0,"Rapture, The",3.3333333333333335,3
2025,Lolita (1997),Drama|Romance,2025,1997.0,Lolita,3.9285714285714284,7
2026,Disturbing Behavior (1998),Horror|Thriller,2026,1998.0,Disturbing Behavior,2.0,3
2027,Jane Austen's Mafia! (1998),Comedy|Crime,2027,1998.0,Jane Austen's Mafia!,1.8333333333333333,9
2028,Saving Private Ryan (1998),Action|Drama|War,2028,1998.0,Saving Private Ryan,4.1462765957446805,188
2032,"Barefoot Executive, The (1971)",Children|Comedy,2032,1971.0,"Barefoot Executive, The",2.0,1
2033,"Black Cauldron, The (1985)",Adventure|Animation|Children|Fantasy,2033,1985.0,"Black Cauldron, The",3.75,8
2034,"Black Hole, The (1979)",Children|Sci-Fi,2034,1979.0,"Black Hole, The",2.611111111111111,9
2035,Blackbeard's Ghost (1968),Children|Comedy,2035,1968.0,Blackbeard's Ghost,3.6666666666666665,3
2036,Blank Check (1994),Children|Comedy,2036,1994.0,Blank Check,2.25,6
2037,Candleshoe (1977),Adventure|Children|Comedy,2037,1977.0,Candleshoe,4.0,1
2038,"Cat from Outer Space, The (1978)",Children|Comedy|Sci-Fi,2038,1978.0,"Cat from Outer Space, The",2.3333333333333335,3
2040,"Computer Wore Tennis Shoes, The (1969)",Children|Comedy,2040,1969.0,"Computer Wore Tennis Shoes, The",2.857142857142857,7
2041,Condorman (1981),Action|Adventure|Children|Comedy,2041,1981.0,Condorman,3.3333333333333335,3
2042,D2: The Mighty Ducks (1994),Children|Comedy,2042,1994.0,D2: The Mighty Ducks,2.5833333333333335,6
2043,Darby O'Gill and the Little People (1959),Adventure|Children|Fantasy,2043,1959.0,Darby O'Gill and the Little People,2.75,4
2044,"Devil and Max Devlin, The (1981)",Comedy|Fantasy,2044,1981.0,"Devil and Max Devlin, The",2.5,2
2046,Flight of the Navigator (1986),Adventure|Children|Sci-Fi,2046,1986.0,Flight of the Navigator,3.2083333333333335,24
2048,"Great Mouse Detective, The (1986)",Action|Animation|Children|Crime,2048,1986.0,"Great Mouse Detective, The",3.5625,8
2050,Herbie Goes Bananas (1980),Adventure|Children|Comedy,2050,1980.0,Herbie Goes Bananas,2.875,4
2051,Herbie Goes to Monte Carlo (1977),Adventure|Children|Comedy,2051,1977.0,Herbie Goes to Monte Carlo,2.3333333333333335,3
2052,Hocus Pocus (1993),Children|Comedy|Fantasy|Horror,2052,1993.0,Hocus Pocus,2.760869565217391,23
2053,"Honey, I Blew Up the Kid (1992)",Children|Comedy|Sci-Fi,2053,1992.0,"Honey, I Blew Up the Kid",2.05,20
2054,"Honey, I Shrunk the Kids (1989)",Adventure|Children|Comedy|Fantasy|Sci-Fi,2054,1989.0,"Honey, I Shrunk the Kids",2.7573529411764706,68
2055,Hot Lead and Cold Feet (1978),Action|Comedy|Western,2055,1978.0,Hot Lead and Cold Feet,3.0,1
2056,In Search of the Castaways (1962),Adventure|Children,2056,1962.0,In Search of the Castaways,3.0,1
2057,"Incredible Journey, The (1963)",Adventure|Children,2057,1963.0,"Incredible Journey, The",3.375,4
2058,"Negotiator, The (1998)",Action|Crime|Drama|Mystery|Thriller,2058,1998.0,"Negotiator, The",3.35,30
2059,"Parent Trap, The (1998)",Children|Comedy|Romance,2059,1998.0,"Parent Trap, The",3.0,15
2060,BASEketball (1998),Comedy,2060,1998.0,BASEketball,3.0714285714285716,14
2064,Roger & Me (1989),Documentary,2064,1989.0,Roger & Me,3.838709677419355,31
2065,"Purple Rose of Cairo, The (1985)",Comedy|Drama|Fantasy|Romance,2065,1985.0,"Purple Rose of Cairo, The",3.730769230769231,13
2066,Out of the Past (1947),Film-Noir,2066,1947.0,Out of the Past,4.125,4
2067,Doctor Zhivago (1965),Drama|Romance|War,2067,1965.0,Doctor Zhivago,4.142857142857143,21
2068,Fanny and Alexander (Fanny och Alexander) (1982),Drama|Fantasy|Mystery,2068,1982.0,Fanny and Alexander (Fanny och Alexander),2.75,2
2069,"Trip to Bountiful, The (1985)",Drama,2069,1985.0,"Trip to Bountiful, The",4.25,2
2070,Tender Mercies (1983),Drama|Romance|Western,2070,1983.0,Tender Mercies,3.4,5
2071,And the Band Played On (1993),Drama,2071,1993.0,And the Band Played On,3.25,2
2072,"'burbs, The (1989)",Comedy,2072,1989.0,"'burbs, The",3.176470588235294,17
2073,Fandango (1985),Comedy,2073,1985.0,Fandango,3.6,5
2074,"Night Porter, The (Portiere di notte, Il) (1974)",Crime|Drama|Romance,2074,1974.0,"Night Porter, The (Portiere di notte, Il)",3.6666666666666665,3
2075,Mephisto (1981),Drama|War,2075,1981.0,Mephisto,5.0,1
2076,Blue Velvet (1986),Drama|Mystery|Thriller,2076,1986.0,Blue Velvet,3.9456521739130435,46
2077,"Journey of Natty Gann, The (1985)",Adventure|Children,2077,1985.0,"Journey of Natty Gann, The",3.4,5
2078,"Jungle Book, The (1967)",Animation|Children|Comedy|Musical,2078,1967.0,"Jungle Book, The",3.830188679245283,53
2080,Lady and the Tramp (1955),Animation|Children|Comedy|Romance,2080,1955.0,Lady and the Tramp,3.4,55
2081,"Little Mermaid, The (1989)",Animation|Children|Comedy|Musical|Romance,2081,1989.0,"Little Mermaid, The",3.425373134328358,67
2082,"Mighty Ducks, The (1992)",Children|Comedy,2082,1992.0,"Mighty Ducks, The",2.6538461538461537,26
2083,"Muppet Christmas Carol, The (1992)",Children|Comedy|Musical,2083,1992.0,"Muppet Christmas Carol, The",3.736842105263158,19
2084,Newsies (1992),Children|Musical,2084,1992.0,Newsies,2.7,5
2085,101 Dalmatians (One Hundred and One Dalmatians) (1961),Adventure|Animation|Children,2085,1961.0,101 Dalmatians (One Hundred and One Dalmatians),3.4318181818181817,44
2087,Peter Pan (1953),Animation|Children|Fantasy|Musical,2087,1953.0,Peter Pan,3.573170731707317,41
2088,Popeye (1980),Adventure|Comedy|Musical,2088,1980.0,Popeye,2.5,18
2089,"Rescuers Down Under, The (1990)",Adventure|Animation|Children,2089,1990.0,"Rescuers Down Under, The",3.5,10
2090,"Rescuers, The (1977)",Adventure|Animation|Children|Crime|Drama,2090,1977.0,"Rescuers, The",3.1923076923076925,13
2091,Return from Witch Mountain (1978),Children|Sci-Fi,2091,1978.0,Return from Witch Mountain,2.25,4
2092,"Return of Jafar, The (1994)",Adventure|Animation|Children|Fantasy|Musical|Romance,2092,1994.0,"Return of Jafar, The",2.4166666666666665,6
2093,Return to Oz (1985),Adventure|Children|Fantasy,2093,1985.0,Return to Oz,3.0,6
2094,"Rocketeer, The (1991)",Action|Adventure|Sci-Fi,2094,1991.0,"Rocketeer, The",3.2564102564102564,39
2095,"Shaggy D.A., The (1976)",Children|Comedy,2095,1976.0,"Shaggy D.A., The",2.8333333333333335,3
2096,Sleeping Beauty (1959),Animation|Children|Musical,2096,1959.0,Sleeping Beauty,3.409090909090909,22
2097,Something Wicked This Way Comes (1983),Children|Drama|Fantasy|Mystery|Thriller,2097,1983.0,Something Wicked This Way Comes,2.9,10
2098,Son of Flubber (1963),Children|Comedy,2098,1963.0,Son of Flubber,2.5,2
2099,Song of the South (1946),Adventure|Animation|Children|Musical,2099,1946.0,Song of the South,3.4166666666666665,6
2100,Splash (1984),Comedy|Fantasy|Romance,2100,1984.0,Splash,3.1176470588235294,51
2102,Steamboat Willie (1928),Animation|Children|Comedy|Musical,2102,1928.0,Steamboat Willie,2.3333333333333335,3
2103,Tall Tale (1995),Adventure|Children|Fantasy|Western,2103,1995.0,Tall Tale,2.5,3
2104,Tex (1982),Drama,2104,1982.0,Tex,4.0,1
2105,Tron (1982),Action|Adventure|Sci-Fi,2105,1982.0,Tron,3.34,50
2106,Swing Kids (1993),Drama|War,2106,1993.0,Swing Kids,3.7,5
2107,Halloween H20: 20 Years Later (Halloween 7: The Revenge of Laurie Strode) (1998),Horror|Thriller,2107,1998.0,Halloween H20: 20 Years Later (Halloween 7: The Revenge of Laurie Strode),3.0,3
2108,L.A. Story (1991),Comedy|Romance,2108,1991.0,L.A. Story,3.4791666666666665,24
2109,"Jerk, The (1979)",Comedy,2109,1979.0,"Jerk, The",3.3703703703703702,27
2110,Dead Men Don't Wear Plaid (1982),Comedy|Crime|Thriller,2110,1982.0,Dead Men Don't Wear Plaid,3.3055555555555554,18
2111,"Man with Two Brains, The (1983)",Comedy,2111,1983.0,"Man with Two Brains, The",3.25,10
2112,Grand Canyon (1991),Crime|Drama,2112,1991.0,Grand Canyon,3.1875,8
2114,"Outsiders, The (1983)",Drama,2114,1983.0,"Outsiders, The",3.71875,16
2115,Indiana Jones and the Temple of Doom (1984),Action|Adventure|Fantasy,2115,1984.0,Indiana Jones and the Temple of Doom,3.638888888888889,108
2116,"Lord of the Rings, The (1978)",Adventure|Animation|Children|Fantasy,2116,1978.0,"Lord of the Rings, The",3.1333333333333333,15
2117,1984 (Nineteen Eighty-Four) (1984),Drama|Sci-Fi,2117,1984.0,1984 (Nineteen Eighty-Four),3.7142857142857144,14
2118,"Dead Zone, The (1983)",Thriller,2118,1983.0,"Dead Zone, The",3.7333333333333334,15
2119,Maximum Overdrive (1986),Horror,2119,1986.0,Maximum Overdrive,1.3333333333333333,3
2120,Needful Things (1993),Drama|Horror,2120,1993.0,Needful Things,2.0,4
2121,Cujo (1983),Horror|Thriller,2121,1983.0,Cujo,2.2142857142857144,7
2122,Children of the Corn (1984),Horror|Thriller,2122,1984.0,Children of the Corn,2.4545454545454546,11
2123,All Dogs Go to Heaven (1989),Animation|Children|Comedy|Drama|Fantasy,2123,1989.0,All Dogs Go to Heaven,2.7,15
2124,"Addams Family, The (1991)",Children|Comedy|Fantasy,2124,1991.0,"Addams Family, The",3.289473684210526,38
2125,Ever After: A Cinderella Story (1998),Comedy|Drama|Romance,2125,1998.0,Ever After: A Cinderella Story,3.619047619047619,21
2126,Snake Eyes (1998),Action|Crime|Mystery|Thriller,2126,1998.0,Snake Eyes,2.7666666666666666,15
2130,Atlantic City (1980),Crime|Drama|Romance,2130,1980.0,Atlantic City,3.6875,8
2131,Autumn Sonata (Höstsonaten) (1978),Drama,2131,1978.0,Autumn Sonata (Höstsonaten),4.625,4
2132,Who's Afraid of Virginia Woolf? (1966),Drama,2132,1966.0,Who's Afraid of Virginia Woolf?,4.142857142857143,7
2133,Adventures in Babysitting (1987),Adventure|Comedy,2133,1987.0,Adventures in Babysitting,3.325,20
2134,Weird Science (1985),Comedy|Fantasy|Sci-Fi,2134,1985.0,Weird Science,3.1136363636363638,22
2135,Doctor Dolittle (1967),Adventure|Children|Musical,2135,1967.0,Doctor Dolittle,3.772727272727273,11
2136,"Nutty Professor, The (1963)",Comedy|Sci-Fi,2136,1963.0,"Nutty Professor, The",2.4642857142857144,14
2137,Charlotte's Web (1973),Animation|Children,2137,1973.0,Charlotte's Web,3.5476190476190474,21
2138,Watership Down (1978),Adventure|Animation|Children|Drama|Fantasy,2138,1978.0,Watership Down,4.05,10
2139,"Secret of NIMH, The (1982)",Adventure|Animation|Children|Drama,2139,1982.0,"Secret of NIMH, The",3.4761904761904763,21
2140,"Dark Crystal, The (1982)",Adventure|Fantasy,2140,1982.0,"Dark Crystal, The",3.5441176470588234,34
2141,"American Tail, An (1986)",Adventure|Animation|Children|Comedy,2141,1986.0,"American Tail, An",3.1666666666666665,18
2142,"American Tail: Fievel Goes West, An (1991)",Adventure|Animation|Children|Musical|Western,2142,1991.0,"American Tail: Fievel Goes West, An",2.7,10
2143,Legend (1985),Adventure|Fantasy|Romance,2143,1985.0,Legend,3.076923076923077,13
2144,Sixteen Candles (1984),Comedy|Romance,2144,1984.0,Sixteen Candles,3.6020408163265305,49
2145,Pretty in Pink (1986),Comedy|Drama|Romance,2145,1986.0,Pretty in Pink,3.242424242424242,33
2146,St. Elmo's Fire (1985),Drama|Romance,2146,1985.0,St. Elmo's Fire,3.21875,16
2147,"Clan of the Cave Bear, The (1986)",Adventure|Drama|Fantasy,2147,1986.0,"Clan of the Cave Bear, The",2.6666666666666665,3
2148,House (1986),Comedy|Fantasy|Horror,2148,1986.0,House,3.0555555555555554,9
2149,House II: The Second Story (1987),Comedy|Fantasy|Horror,2149,1987.0,House II: The Second Story,1.75,4
2150,"Gods Must Be Crazy, The (1980)",Adventure|Comedy,2150,1980.0,"Gods Must Be Crazy, The",3.892857142857143,28
2151,"Gods Must Be Crazy II, The (1989)",Comedy,2151,1989.0,"Gods Must Be Crazy II, The",3.75,6
2152,Air Bud: Golden Receiver (1998),Children|Comedy,2152,1998.0,Air Bud: Golden Receiver,2.0,3
2153,"Avengers, The (1998)",Action|Adventure,2153,1998.0,"Avengers, The",2.3181818181818183,11
2154,How Stella Got Her Groove Back (1998),Drama|Romance,2154,1998.0,How Stella Got Her Groove Back,1.75,2
2155,"Slums of Beverly Hills, The (1998)",Comedy|Drama,2155,1998.0,"Slums of Beverly Hills, The",3.625,8
2156,"Best Man, The (Testimone dello sposo, Il) (1998)",Comedy|Drama|Romance,2156,1998.0,"Best Man, The (Testimone dello sposo, Il)",4.0,1
2159,Henry: Portrait of a Serial Killer (1986),Crime|Horror|Thriller,2159,1986.0,Henry: Portrait of a Serial Killer,3.9285714285714284,7
2160,Rosemary's Baby (1968),Drama|Horror|Thriller,2160,1968.0,Rosemary's Baby,4.171875,32
2161,"NeverEnding Story, The (1984)",Adventure|Children|Fantasy,2161,1984.0,"NeverEnding Story, The",3.5813953488372094,43
2162,"NeverEnding Story II: The Next Chapter, The (1990)",Adventure|Children|Fantasy,2162,1990.0,"NeverEnding Story II: The Next Chapter, The",2.5,8
2163,Attack of the Killer Tomatoes! (1978),Comedy|Horror,2163,1978.0,Attack of the Killer Tomatoes!,2.2,5
2164,Surf Nazis Must Die (1987),Action|Comedy|Drama|Horror,2164,1987.0,Surf Nazis Must Die,1.0,1
2165,Your Friends and Neighbors (1998),Comedy|Drama,2165,1998.0,Your Friends and Neighbors,3.5,2
2166,Return to Paradise (1998),Crime|Drama|Romance|Thriller,2166,1998.0,Return to Paradise,2.5,4
2167,Blade (1998),Action|Horror|Thriller,2167,1998.0,Blade,3.3620689655172415,58
2169,Dead Man on Campus (1998),Comedy,2169,1998.0,Dead Man on Campus,2.2857142857142856,7
2170,Wrongfully Accused (1998),Action|Comedy,2170,1998.0,Wrongfully Accused,2.4,5
2171,Next Stop Wonderland (1998),Comedy|Drama|Romance,2171,1998.0,Next Stop Wonderland,3.3125,8
2172,"Strike! (a.k.a. All I Wanna Do, The Hairy Bird) (1998)",Comedy|Drama,2172,1998.0,"Strike! (a.k.a. All I Wanna Do, The Hairy Bird)",3.0,1
2174,Beetlejuice (1988),Comedy|Fantasy,2174,1988.0,Beetlejuice,3.4725274725274726,91
2175,Déjà Vu (1997),Drama|Romance,2175,1997.0,Déjà Vu,4.5,1
2176,Rope (1948),Crime|Drama|Thriller,2176,1948.0,Rope,3.9,10
2177,Family Plot (1976),Comedy|Thriller,2177,1976.0,Family Plot,3.1666666666666665,3
2178,Frenzy (1972),Thriller,2178,1972.0,Frenzy,3.5,2
2179,Topaz (1969),Thriller,2179,1969.0,Topaz,3.0,1
2180,Torn Curtain (1966),Thriller,2180,1966.0,Torn Curtain,3.5,1
2181,Marnie (1964),Drama|Mystery|Romance|Thriller,2181,1964.0,Marnie,3.625,4
2182,"Wrong Man, The (1956)",Drama|Film-Noir|Thriller,2182,1956.0,"Wrong Man, The",2.875,4
2183,"Man Who Knew Too Much, The (1956)",Adventure|Drama|Mystery|Thriller,2183,1956.0,"Man Who Knew Too Much, The",3.5555555555555554,9
2184,"Trouble with Harry, The (1955)",Comedy|Mystery,2184,1955.0,"Trouble with Harry, The",3.4166666666666665,6
2185,I Confess (1953),Thriller,2185,1953.0,I Confess,4.0,2
2186,Strangers on a Train (1951),Crime|Drama|Film-Noir|Thriller,2186,1951.0,Strangers on a Train,3.98,25
2187,Stage Fright (1950),Mystery|Romance|Thriller,2187,1950.0,Stage Fright,3.5,2
2188,54 (1998),Drama,2188,1998.0,54,2.0,5
2190,Why Do Fools Fall In Love? (1998),Drama,2190,1998.0,Why Do Fools Fall In Love?,2.0,1
2193,Willow (1988),Action|Adventure|Fantasy,2193,1988.0,Willow,3.3375,40
2194,"Untouchables, The (1987)",Action|Crime|Drama,2194,1987.0,"Untouchables, The",3.9384615384615387,65
2195,Dirty Work (1998),Comedy,2195,1998.0,Dirty Work,3.2142857142857144,7
2196,Knock Off (1998),Action,2196,1998.0,Knock Off,5.0,1
2201,"Paradine Case, The (1947)",Drama,2201,1947.0,"Paradine Case, The",3.5,2
2202,Lifeboat (1944),Drama|War,2202,1944.0,Lifeboat,4.357142857142857,7
2203,Shadow of a Doubt (1943),Crime|Drama|Thriller,2203,1943.0,Shadow of a Doubt,4.142857142857143,7
2204,Saboteur (1942),Mystery|Thriller,2204,1942.0,Saboteur,3.875,4
2205,Mr. & Mrs. Smith (1941),Comedy|Romance,2205,1941.0,Mr. & Mrs. Smith,2.875,4
2206,Suspicion (1941),Film-Noir|Mystery|Thriller,2206,1941.0,Suspicion,4.0,5
2207,Jamaica Inn (1939),Drama,2207,1939.0,Jamaica Inn,3.0,1
2208,"Lady Vanishes, The (1938)",Drama|Mystery|Thriller,2208,1938.0,"Lady Vanishes, The",3.9166666666666665,6
2210,Sabotage (1936),Thriller,2210,1936.0,Sabotage,3.25,2
2211,Secret Agent (1936),Thriller,2211,1936.0,Secret Agent,3.0,1
2212,"Man Who Knew Too Much, The (1934)",Drama|Thriller,2212,1934.0,"Man Who Knew Too Much, The",3.6666666666666665,3
2226,"Ring, The (1927)",Drama,2226,1927.0,"Ring, The",1.0,1
2227,"Lodger: A Story of the London Fog, The (1927)",Crime|Drama|Thriller,2227,1927.0,"Lodger: A Story of the London Fog, The",3.5,3
2231,Rounders (1998),Drama,2231,1998.0,Rounders,3.861111111111111,36
2232,Cube (1997),Horror|Mystery|Sci-Fi|Thriller,2232,1997.0,Cube,3.425925925925926,27
2236,Simon Birch (1998),Drama,2236,1998.0,Simon Birch,3.0,9
2239,Swept Away (Travolti da un insolito destino nell'azzurro mare d'Agosto) (1975),Comedy|Drama,2239,1975.0,Swept Away (Travolti da un insolito destino nell'azzurro mare d'Agosto),4.666666666666667,6
2240,My Bodyguard (1980),Drama,2240,1980.0,My Bodyguard,3.857142857142857,7
2241,Class (1983),Comedy,2241,1983.0,Class,3.5,4
2243,Broadcast News (1987),Comedy|Drama|Romance,2243,1987.0,Broadcast News,3.4285714285714284,28
2244,"Allnighter, The (1987)",Comedy|Romance,2244,1987.0,"Allnighter, The",1.5,2
2245,Working Girl (1988),Comedy|Drama|Romance,2245,1988.0,Working Girl,3.2045454545454546,22
2247,Married to the Mob (1988),Comedy,2247,1988.0,Married to the Mob,3.0,12
2248,Say Anything... (1989),Comedy|Drama|Romance,2248,1989.0,Say Anything...,3.923076923076923,39
2249,My Blue Heaven (1990),Comedy,2249,1990.0,My Blue Heaven,3.1818181818181817,11
2252,Hero (1992),Comedy|Drama,2252,1992.0,Hero,2.5,5
2253,Toys (1992),Comedy|Fantasy,2253,1992.0,Toys,2.375,20
2255,Young Doctors in Love (1982),Comedy,2255,1982.0,Young Doctors in Love,1.5,2
2256,Parasite (1982),Horror|Sci-Fi,2256,1982.0,Parasite,2.5,2
2257,No Small Affair (1984),Comedy|Romance,2257,1984.0,No Small Affair,4.0,1
2259,Blame It on Rio (1984),Comedy|Romance,2259,1984.0,Blame It on Rio,3.1875,8
2260,Wisdom (1986),Crime|Drama,2260,1986.0,Wisdom,2.5,2
2261,One Crazy Summer (1986),Comedy,2261,1986.0,One Crazy Summer,3.0,6
2262,About Last Night... (1986),Comedy|Drama|Romance,2262,1986.0,About Last Night...,3.0,9
2263,"Seventh Sign, The (1988)",Drama|Fantasy|Thriller,2263,1988.0,"Seventh Sign, The",2.8,5
2264,We're No Angels (1989),Comedy|Crime,2264,1989.0,We're No Angels,2.75,4
2265,Nothing But Trouble (1991),Adventure|Comedy,2265,1991.0,Nothing But Trouble,2.375,4
2266,"Butcher's Wife, The (1991)",Comedy|Romance,2266,1991.0,"Butcher's Wife, The",3.1,5
2267,Mortal Thoughts (1991),Mystery|Thriller,2267,1991.0,Mortal Thoughts,2.5,2
2268,"Few Good Men, A (1992)",Crime|Drama|Thriller,2268,1992.0,"Few Good Men, A",3.789473684210526,57
2269,Indecent Proposal (1993),Drama|Romance,2269,1993.0,Indecent Proposal,3.0,8
2271,Permanent Midnight (1998),Drama,2271,1998.0,Permanent Midnight,3.0,2
2272,One True Thing (1998),Drama,2272,1998.0,One True Thing,2.75,2
2273,Rush Hour (1998),Action|Comedy|Crime|Thriller,2273,1998.0,Rush Hour,3.261904761904762,42
2275,Six-String Samurai (1998),Action|Adventure|Sci-Fi,2275,1998.0,Six-String Samurai,3.6,5
2278,Ronin (1998),Action|Crime|Thriller,2278,1998.0,Ronin,3.5232558139534884,43
2279,Urban Legend (1998),Horror|Thriller,2279,1998.0,Urban Legend,2.4,10
2280,Clay Pigeons (1998),Crime,2280,1998.0,Clay Pigeons,3.0,2
2281,Monument Ave. (1998),Action|Crime|Drama,2281,1998.0,Monument Ave.,2.5,1
2282,Pecker (1998),Comedy|Drama,2282,1998.0,Pecker,3.4166666666666665,6
2283,"Sheltering Sky, The (1990)",Drama,2283,1990.0,"Sheltering Sky, The",3.5,2
2286,"Fiendish Plot of Dr. Fu Manchu, The (1980)",Comedy,2286,1980.0,"Fiendish Plot of Dr. Fu Manchu, The",2.0,1
2287,Them! (1954),Horror|Sci-Fi|Thriller,2287,1954.0,Them!,3.8,5
2288,"Thing, The (1982)",Action|Horror|Sci-Fi|Thriller,2288,1982.0,"Thing, The",3.933333333333333,45
2289,"Player, The (1992)",Comedy|Crime|Drama,2289,1992.0,"Player, The",3.9473684210526314,38
2290,Stardust Memories (1980),Comedy|Drama,2290,1980.0,Stardust Memories,3.6,5
2291,Edward Scissorhands (1990),Drama|Fantasy|Romance,2291,1990.0,Edward Scissorhands,3.7,80
2292,Overnight Delivery (1998),Comedy|Romance,2292,1998.0,Overnight Delivery,2.5,1
2294,Antz (1998),Adventure|Animation|Children|Comedy|Fantasy,2294,1998.0,Antz,3.2444444444444445,45
2295,"Impostors, The (1998)",Comedy,2295,1998.0,"Impostors, The",4.5,2
2296,"Night at the Roxbury, A (1998)",Comedy,2296,1998.0,"Night at the Roxbury, A",2.1,10
2297,What Dreams May Come (1998),Adventure|Drama|Fantasy|Romance,2297,1998.0,What Dreams May Come,3.642857142857143,14
2298,Strangeland (1998),Thriller,2298,1998.0,Strangeland,4.0,1
2300,"Producers, The (1968)",Comedy,2300,1968.0,"Producers, The",3.9696969696969697,33
2301,History of the World: Part I (1981),Comedy|Musical,2301,1981.0,History of the World: Part I,3.625,16
2302,My Cousin Vinny (1992),Comedy,2302,1992.0,My Cousin Vinny,3.26271186440678,59
2303,Nashville (1975),Drama|Musical,2303,1975.0,Nashville,3.6,5
2304,Love Is the Devil (1998),Drama,2304,1998.0,Love Is the Devil,4.0,1
2306,Holy Man (1998),Comedy,2306,1998.0,Holy Man,2.5833333333333335,6
2307,One Tough Cop (1998),Action|Crime,2307,1998.0,One Tough Cop,3.0,1
2310,"Mighty, The (1998)",Drama,2310,1998.0,"Mighty, The",3.6666666666666665,3
2311,2010: The Year We Make Contact (1984),Sci-Fi,2311,1984.0,2010: The Year We Make Contact,3.588235294117647,17
2312,Children of a Lesser God (1986),Drama,2312,1986.0,Children of a Lesser God,3.8333333333333335,12
2313,"Elephant Man, The (1980)",Drama,2313,1980.0,"Elephant Man, The",4.029411764705882,17
2314,Beloved (1998),Drama,2314,1998.0,Beloved,4.5,2
2315,Bride of Chucky (Child's Play 4) (1998),Comedy|Horror|Thriller,2315,1998.0,Bride of Chucky (Child's Play 4),2.1666666666666665,6
2316,Practical Magic (1998),Drama|Fantasy|Mystery|Romance,2316,1998.0,Practical Magic,3.2142857142857144,7
2318,Happiness (1998),Comedy|Drama,2318,1998.0,Happiness,4.125,16
2320,Apt Pupil (1998),Drama|Thriller,2320,1998.0,Apt Pupil,3.0,9
2321,Pleasantville (1998),Comedy|Drama|Fantasy,2321,1998.0,Pleasantville,3.4836065573770494,61
2322,Soldier (1998),Action|Sci-Fi|War,2322,1998.0,Soldier,3.0625,8
2323,"Cruise, The (1998)",Documentary,2323,1998.0,"Cruise, The",4.25,2
2324,Life Is Beautiful (La Vita è bella) (1997),Comedy|Drama|Romance|War,2324,1997.0,Life Is Beautiful (La Vita è bella),4.1477272727272725,88
2325,Orgazmo (1997),Comedy,2325,1997.0,Orgazmo,3.1153846153846154,13
2327,Tales from the Darkside: The Movie (1990),Fantasy|Horror|Thriller,2327,1990.0,Tales from the Darkside: The Movie,3.6666666666666665,3
2328,Vampires (1998),Horror|Western,2328,1998.0,Vampires,2.4285714285714284,7
2329,American History X (1998),Crime|Drama,2329,1998.0,American History X,4.217054263565892,129
2330,Hands on a Hard Body (1996),Comedy|Documentary,2330,1996.0,Hands on a Hard Body,4.5,2
2331,Living Out Loud (1998),Comedy|Drama|Romance,2331,1998.0,Living Out Loud,3.0,3
2332,Belly (1998),Crime|Drama,2332,1998.0,Belly,1.25,2
2333,Gods and Monsters (1998),Drama,2333,1998.0,Gods and Monsters,4.125,4
2334,"Siege, The (1998)",Action|Thriller,2334,1998.0,"Siege, The",2.8076923076923075,13
2335,"Waterboy, The (1998)",Comedy,2335,1998.0,"Waterboy, The",3.1785714285714284,28
2336,Elizabeth (1998),Drama,2336,1998.0,Elizabeth,3.6739130434782608,23
2337,Velvet Goldmine (1998),Drama,2337,1998.0,Velvet Goldmine,3.375,4
2338,I Still Know What You Did Last Summer (1998),Horror|Mystery|Thriller,2338,1998.0,I Still Know What You Did Last Summer,2.0555555555555554,18
2339,I'll Be Home For Christmas (1998),Comedy|Romance,2339,1998.0,I'll Be Home For Christmas,1.5,1
2340,Meet Joe Black (1998),Romance,2340,1998.0,Meet Joe Black,3.05,20
2342,Hard Core Logo (1996),Comedy|Drama,2342,1996.0,Hard Core Logo,4.0,2
2344,Runaway Train (1985),Action|Adventure|Drama|Thriller,2344,1985.0,Runaway Train,3.25,8
2346,"Stepford Wives, The (1975)",Mystery|Sci-Fi|Thriller,2346,1975.0,"Stepford Wives, The",3.1818181818181817,11
2347,"Pope of Greenwich Village, The (1984)",Drama,2347,1984.0,"Pope of Greenwich Village, The",2.3333333333333335,3
2348,Sid and Nancy (1986),Drama,2348,1986.0,Sid and Nancy,3.4375,8
2349,Mona Lisa (1986),Comedy|Thriller,2349,1986.0,Mona Lisa,3.5,7
2350,Heart Condition (1990),Comedy,2350,1990.0,Heart Condition,3.5,2
2351,"Nights of Cabiria (Notti di Cabiria, Le) (1957)",Drama,2351,1957.0,"Nights of Cabiria (Notti di Cabiria, Le)",4.285714285714286,7
2352,"Big Chill, The (1983)",Comedy|Drama,2352,1983.0,"Big Chill, The",3.84,25
2353,Enemy of the State (1998),Action|Thriller,2353,1998.0,Enemy of the State,3.4925373134328357,67
2354,"Rugrats Movie, The (1998)",Animation|Children|Comedy,2354,1998.0,"Rugrats Movie, The",2.5,7
2355,"Bug's Life, A (1998)",Adventure|Animation|Children|Comedy,2355,1998.0,"Bug's Life, A",3.516304347826087,92
2356,Celebrity (1998),Comedy,2356,1998.0,Celebrity,2.6,5
2357,Central Station (Central do Brasil) (1998),Drama,2357,1998.0,Central Station (Central do Brasil),4.416666666666667,6
2358,Savior (1998),Drama|War,2358,1998.0,Savior,4.0,1
2359,Waking Ned Devine (a.k.a. Waking Ned) (1998),Comedy,2359,1998.0,Waking Ned Devine (a.k.a. Waking Ned),3.673076923076923,26
2360,"Celebration, The (Festen) (1998)",Drama,2360,1998.0,"Celebration, The (Festen)",4.458333333333333,12
2361,Pink Flamingos (1972),Comedy,2361,1972.0,Pink Flamingos,2.75,10
2362,Glen or Glenda (1953),Drama,2362,1953.0,Glen or Glenda,4.0,1
2363,Godzilla (Gojira) (1954),Drama|Horror|Sci-Fi,2363,1954.0,Godzilla (Gojira),2.1666666666666665,3
2364,"Godzilla 1985: The Legend Is Reborn (Gojira) (Godzilla) (Return of Godzilla, The) (1984)",Action|Horror|Sci-Fi|Thriller,2364,1984.0,"Godzilla 1985: The Legend Is Reborn (Gojira) (Godzilla) (Return of Godzilla, The)",1.5,2
2365,King Kong vs. Godzilla (Kingukongu tai Gojira) (1962),Action|Sci-Fi,2365,1962.0,King Kong vs. Godzilla (Kingukongu tai Gojira),2.5,2
2366,King Kong (1933),Action|Adventure|Fantasy|Horror,2366,1933.0,King Kong,3.64,25
2367,King Kong (1976),Adventure|Fantasy|Romance|Sci-Fi|Thriller,2367,1976.0,King Kong,2.7142857142857144,14
2368,King Kong Lives (1986),Adventure|Sci-Fi,2368,1986.0,King Kong Lives,2.0,1
2369,Desperately Seeking Susan (1985),Comedy|Drama|Romance,2369,1985.0,Desperately Seeking Susan,2.6666666666666665,24
2370,"Emerald Forest, The (1985)",Action|Adventure|Drama,2370,1985.0,"Emerald Forest, The",3.0,1
2371,Fletch (1985),Comedy|Crime|Mystery,2371,1985.0,Fletch,3.0833333333333335,24
2372,Fletch Lives (1989),Comedy,2372,1989.0,Fletch Lives,2.2222222222222223,9
2373,Red Sonja (1985),Action|Adventure|Fantasy,2373,1985.0,Red Sonja,2.2777777777777777,9
2374,Gung Ho (1986),Comedy|Drama,2374,1986.0,Gung Ho,3.1666666666666665,9
2375,"Money Pit, The (1986)",Comedy,2375,1986.0,"Money Pit, The",2.9285714285714284,21
2376,"View to a Kill, A (1985)",Action|Adventure|Thriller,2376,1985.0,"View to a Kill, A",3.2142857142857144,21
2377,Lifeforce (1985),Horror|Sci-Fi,2377,1985.0,Lifeforce,2.5,5
2378,Police Academy (1984),Comedy|Crime,2378,1984.0,Police Academy,3.022727272727273,22
2379,Police Academy 2: Their First Assignment (1985),Comedy|Crime,2379,1985.0,Police Academy 2: Their First Assignment,2.4583333333333335,12
2380,Police Academy 3: Back in Training (1986),Comedy|Crime,2380,1986.0,Police Academy 3: Back in Training,2.3,10
2381,Police Academy 4: Citizens on Patrol (1987),Comedy|Crime,2381,1987.0,Police Academy 4: Citizens on Patrol,2.142857142857143,7
2382,Police Academy 5: Assignment: Miami Beach (1988),Comedy|Crime,2382,1988.0,Police Academy 5: Assignment: Miami Beach,2.5,5
2383,Police Academy 6: City Under Siege (1989),Comedy|Crime,2383,1989.0,Police Academy 6: City Under Siege,1.5,4
2384,Babe: Pig in the City (1998),Adventure|Children|Drama,2384,1998.0,Babe: Pig in the City,2.7758620689655173,29
2385,Home Fries (1998),Comedy|Romance,2385,1998.0,Home Fries,2.3333333333333335,3
2387,Very Bad Things (1998),Comedy|Crime,2387,1998.0,Very Bad Things,3.4375,16
2388,Steam: The Turkish Bath (Hamam) (1997),Drama|Romance,2388,1997.0,Steam: The Turkish Bath (Hamam),4.0,1
2389,Psycho (1998),Crime|Horror|Thriller,2389,1998.0,Psycho,1.8888888888888888,9
2390,Little Voice (1998),Comedy,2390,1998.0,Little Voice,3.9285714285714284,7
2391,"Simple Plan, A (1998)",Crime|Drama|Thriller,2391,1998.0,"Simple Plan, A",3.7954545454545454,22
2392,Jack Frost (1998),Children|Comedy|Drama,2392,1998.0,Jack Frost,1.9375,8
2393,Star Trek: Insurrection (1998),Action|Drama|Romance|Sci-Fi,2393,1998.0,Star Trek: Insurrection,3.1515151515151514,33
2394,"Prince of Egypt, The (1998)",Animation|Musical,2394,1998.0,"Prince of Egypt, The",3.5,25
2395,Rushmore (1998),Comedy|Drama,2395,1998.0,Rushmore,3.544642857142857,56
2396,Shakespeare in Love (1998),Comedy|Drama|Romance,2396,1998.0,Shakespeare in Love,3.777173913043478,92
2398,Miracle on 34th Street (1947),Comedy|Drama,2398,1947.0,Miracle on 34th Street,4.0588235294117645,17
2399,Santa Claus: The Movie (1985),Adventure|Children|Fantasy,2399,1985.0,Santa Claus: The Movie,2.25,4
2400,Prancer (1989),Children|Drama|Fantasy,2400,1989.0,Prancer,3.0,2
2401,Pale Rider (1985),Western,2401,1985.0,Pale Rider,3.8125,8
2402,Rambo: First Blood Part II (1985),Action|Adventure|Thriller,2402,1985.0,Rambo: First Blood Part II,2.6578947368421053,19
2403,First Blood (Rambo: First Blood) (1982),Action|Adventure|Drama|Thriller,2403,1982.0,First Blood (Rambo: First Blood),3.55,30
2404,Rambo III (1988),Action|Adventure|Thriller|War,2404,1988.0,Rambo III,1.9166666666666667,12
2405,"Jewel of the Nile, The (1985)",Action|Adventure|Comedy|Romance,2405,1985.0,"Jewel of the Nile, The",2.8095238095238093,21
2406,Romancing the Stone (1984),Action|Adventure|Comedy|Romance,2406,1984.0,Romancing the Stone,3.4537037037037037,54
2407,Cocoon (1985),Comedy|Sci-Fi,2407,1985.0,Cocoon,3.2674418604651163,43
2408,Cocoon: The Return (1988),Comedy|Sci-Fi,2408,1988.0,Cocoon: The Return,2.3333333333333335,9
2409,Rocky II (1979),Action|Drama,2409,1979.0,Rocky II,3.1923076923076925,26
2410,Rocky III (1982),Action|Drama,2410,1982.0,Rocky III,2.7291666666666665,24
2411,Rocky IV (1985),Action|Drama,2411,1985.0,Rocky IV,2.706896551724138,29
2412,Rocky V (1990),Action|Drama,2412,1990.0,Rocky V,1.9411764705882353,17
2413,Clue (1985),Comedy|Crime|Mystery|Thriller,2413,1985.0,Clue,3.388888888888889,18
2414,Young Sherlock Holmes (1985),Action|Adventure|Children|Fantasy|Mystery|Thriller,2414,1985.0,Young Sherlock Holmes,3.3636363636363638,11
2415,Violets Are Blue... (1986),Drama|Romance,2415,1986.0,Violets Are Blue...,3.0,1
2416,Back to School (1986),Comedy,2416,1986.0,Back to School,2.90625,16
2417,Heartburn (1986),Comedy|Drama,2417,1986.0,Heartburn,1.0,1
2418,Nothing in Common (1986),Comedy,2418,1986.0,Nothing in Common,2.75,6
2419,Extremities (1986),Drama|Thriller,2419,1986.0,Extremities,3.75,2
2420,"Karate Kid, The (1984)",Drama,2420,1984.0,"Karate Kid, The",3.5657894736842106,38
2421,"Karate Kid, Part II, The (1986)",Action|Adventure|Drama,2421,1986.0,"Karate Kid, Part II, The",2.7758620689655173,29
2422,"Karate Kid, Part III, The (1989)",Action|Adventure|Children|Drama,2422,1989.0,"Karate Kid, Part III, The",1.75,14
2423,Christmas Vacation (National Lampoon's Christmas Vacation) (1989),Comedy,2423,1989.0,Christmas Vacation (National Lampoon's Christmas Vacation),3.566666666666667,30
2424,You've Got Mail (1998),Comedy|Romance,2424,1998.0,You've Got Mail,3.12,50
2425,"General, The (1998)",Crime,2425,1998.0,"General, The",4.0,2
2427,"Thin Red Line, The (1998)",Action|Drama|War,2427,1998.0,"Thin Red Line, The",3.3,35
2428,"Faculty, The (1998)",Horror|Sci-Fi,2428,1998.0,"Faculty, The",2.4782608695652173,23
2429,Mighty Joe Young (1998),Action|Adventure|Drama|Fantasy|Thriller,2429,1998.0,Mighty Joe Young,2.8,5
2430,Mighty Joe Young (1949),Adventure|Children|Drama,2430,1949.0,Mighty Joe Young,2.8333333333333335,6
2431,Patch Adams (1998),Comedy|Drama,2431,1998.0,Patch Adams,3.3703703703703702,27
2432,Stepmom (1998),Drama,2432,1998.0,Stepmom,3.0833333333333335,6
2433,"Civil Action, A (1998)",Drama,2433,1998.0,"Civil Action, A",3.0454545454545454,11
2435,Hurlyburly (1998),Drama,2435,1998.0,Hurlyburly,4.0,1
2436,Tea with Mussolini (1999),Comedy|Drama|War,2436,1999.0,Tea with Mussolini,4.25,6
2439,Affliction (1997),Drama,2439,1997.0,Affliction,3.1666666666666665,3
2442,Hilary and Jackie (1998),Drama,2442,1998.0,Hilary and Jackie,3.8333333333333335,3
2443,Playing by Heart (1998),Drama|Romance,2443,1998.0,Playing by Heart,3.375,8
2445,At First Sight (1999),Drama,2445,1999.0,At First Sight,2.6875,8
2446,In Dreams (1999),Horror|Thriller,2446,1999.0,In Dreams,2.0,2
2447,Varsity Blues (1999),Comedy|Drama,2447,1999.0,Varsity Blues,3.2666666666666666,15
2448,Virus (1999),Horror|Sci-Fi,2448,1999.0,Virus,2.6666666666666665,3
2450,Howard the Duck (1986),Adventure|Comedy|Sci-Fi,2450,1986.0,Howard the Duck,2.15625,16
2451,"Gate, The (1987)",Horror,2451,1987.0,"Gate, The",3.0,1
2453,"Boy Who Could Fly, The (1986)",Drama|Fantasy,2453,1986.0,"Boy Who Could Fly, The",2.1666666666666665,3
2454,"Fly, The (1958)",Horror|Mystery|Sci-Fi,2454,1958.0,"Fly, The",3.3846153846153846,13
2455,"Fly, The (1986)",Drama|Horror|Sci-Fi|Thriller,2455,1986.0,"Fly, The",3.383720930232558,43
2456,"Fly II, The (1989)",Horror|Sci-Fi,2456,1989.0,"Fly II, The",2.2777777777777777,9
2457,Running Scared (1986),Action|Comedy,2457,1986.0,Running Scared,3.5625,8
2458,Armed and Dangerous (1986),Comedy|Crime,2458,1986.0,Armed and Dangerous,2.75,8
2459,"Texas Chainsaw Massacre, The (1974)",Horror,2459,1974.0,"Texas Chainsaw Massacre, The",3.269230769230769,13
2460,"Texas Chainsaw Massacre 2, The (1986)",Horror,2460,1986.0,"Texas Chainsaw Massacre 2, The",2.0,3
2462,Texas Chainsaw Massacre: The Next Generation (a.k.a. The Return of the Texas Chainsaw Massacre) (1994),Horror,2462,1994.0,Texas Chainsaw Massacre: The Next Generation (a.k.a. The Return of the Texas Chainsaw Massacre),3.0,1
2463,Ruthless People (1986),Comedy,2463,1986.0,Ruthless People,3.3214285714285716,14
2465,Deadly Friend (1986),Horror,2465,1986.0,Deadly Friend,1.5,3
2467,"Name of the Rose, The (Name der Rose, Der) (1986)",Crime|Drama|Mystery|Thriller,2467,1986.0,"Name of the Rose, The (Name der Rose, Der)",3.75,18
2468,Jumpin' Jack Flash (1986),Action|Comedy|Romance|Thriller,2468,1986.0,Jumpin' Jack Flash,2.5,15
2469,Peggy Sue Got Married (1986),Comedy|Drama,2469,1986.0,Peggy Sue Got Married,3.2142857142857144,7
2470,Crocodile Dundee (1986),Adventure|Comedy,2470,1986.0,Crocodile Dundee,3.175438596491228,57
2471,Crocodile Dundee II (1988),Action|Adventure|Comedy,2471,1988.0,Crocodile Dundee II,2.4791666666666665,24
2472,Tough Guys (1986),Comedy,2472,1986.0,Tough Guys,3.0,3
2473,Soul Man (1986),Comedy,2473,1986.0,Soul Man,2.5625,8
2474,"Color of Money, The (1986)",Drama,2474,1986.0,"Color of Money, The",3.5,13
2475,52 Pick-Up (1986),Action|Mystery|Thriller,2475,1986.0,52 Pick-Up,3.6666666666666665,3
2476,Heartbreak Ridge (1986),Action|War,2476,1986.0,Heartbreak Ridge,3.75,12
2477,Firewalker (1986),Adventure,2477,1986.0,Firewalker,3.3333333333333335,3
2478,¡Three Amigos! (1986),Comedy|Western,2478,1986.0,¡Three Amigos!,3.1346153846153846,26
2481,My Name Is Joe (1998),Drama|Romance,2481,1998.0,My Name Is Joe,4.0,1
2482,Still Crazy (1998),Comedy|Romance,2482,1998.0,Still Crazy,3.0,2
2483,"Day of the Beast, The (Día de la Bestia, El) (1995)",Adventure|Comedy|Thriller,2483,1995.0,"Day of the Beast, The (Día de la Bestia, El)",3.5,1
2485,She's All That (1999),Comedy|Romance,2485,1999.0,She's All That,2.8448275862068964,29
2488,Peeping Tom (1960),Drama|Horror|Thriller,2488,1960.0,Peeping Tom,3.0,3
2490,Payback (1999),Action|Thriller,2490,1999.0,Payback,3.422222222222222,45
2491,Simply Irresistible (1999),Comedy|Romance,2491,1999.0,Simply Irresistible,3.6,5
2492,20 Dates (1998),Comedy|Romance,2492,1998.0,20 Dates,3.0,7
2493,"Harmonists, The (1997)",Drama,2493,1997.0,"Harmonists, The",4.0,1
2494,"Last Days, The (1998)",Documentary,2494,1998.0,"Last Days, The",4.0,2
2495,"Fantastic Planet, The (Planète sauvage, La) (1973)",Animation|Sci-Fi,2495,1973.0,"Fantastic Planet, The (Planète sauvage, La)",4.0,3
2496,Blast from the Past (1999),Comedy|Romance,2496,1999.0,Blast from the Past,3.108695652173913,23
2497,Message in a Bottle (1999),Romance,2497,1999.0,Message in a Bottle,2.9166666666666665,6
2498,My Favorite Martian (1999),Comedy|Sci-Fi,2498,1999.0,My Favorite Martian,2.1,5
2500,Jawbreaker (1999),Comedy,2500,1999.0,Jawbreaker,2.0,7
2501,October Sky (1999),Drama,2501,1999.0,October Sky,3.75,30
2502,Office Space (1999),Comedy|Crime,2502,1999.0,Office Space,4.090425531914893,94
2503,"Apple, The (Sib) (1998)",Drama,2503,1998.0,"Apple, The (Sib)",4.0,1
2504,200 Cigarettes (1999),Comedy|Drama,2504,1999.0,200 Cigarettes,3.1666666666666665,6
2505,8MM (1999),Drama|Mystery|Thriller,2505,1999.0,8MM,2.9444444444444446,18
2506,"Other Sister, The (1999)",Comedy|Drama|Romance,2506,1999.0,"Other Sister, The",3.3333333333333335,6
2511,"Long Goodbye, The (1973)",Crime|Film-Noir,2511,1973.0,"Long Goodbye, The",4.666666666666667,3
2512,"Ballad of Narayama, The (Narayama bushiko) (1983)",Drama,2512,1983.0,"Ballad of Narayama, The (Narayama bushiko)",5.0,1
2513,Pet Sematary (1989),Horror,2513,1989.0,Pet Sematary,2.85,10
2514,Pet Sematary II (1992),Comedy|Horror,2514,1992.0,Pet Sematary II,1.8333333333333333,3
2515,Children of the Corn II: The Final Sacrifice (1993),Horror,2515,1993.0,Children of the Corn II: The Final Sacrifice,1.75,2
2516,Children of the Corn III (1994),Horror,2516,1994.0,Children of the Corn III,1.0,1
2517,Christine (1983),Horror,2517,1983.0,Christine,2.95,10
2518,Night Shift (1982),Comedy,2518,1982.0,Night Shift,3.05,10
2520,Airport (1970),Drama,2520,1970.0,Airport,2.1666666666666665,3
2521,Airport 1975 (1974),Action|Drama|Thriller,2521,1974.0,Airport 1975,3.5,2
2522,Airport '77 (1977),Drama,2522,1977.0,Airport '77,3.25,4
2523,Rollercoaster (1977),Drama|Thriller,2523,1977.0,Rollercoaster,2.5,2
2524,"Towering Inferno, The (1974)",Action|Adventure|Drama|Thriller,2524,1974.0,"Towering Inferno, The",3.2222222222222223,9
2525,Alligator (1980),Action|Horror|Sci-Fi,2525,1980.0,Alligator,2.0,3
2526,Meteor (1979),Sci-Fi,2526,1979.0,Meteor,1.8333333333333333,3
2527,Westworld (1973),Action|Sci-Fi|Thriller|Western,2527,1973.0,Westworld,3.4166666666666665,18
2528,Logan's Run (1976),Action|Adventure|Sci-Fi,2528,1976.0,Logan's Run,3.2291666666666665,24
2529,Planet of the Apes (1968),Action|Drama|Sci-Fi,2529,1968.0,Planet of the Apes,3.8035714285714284,56
2530,Beneath the Planet of the Apes (1970),Action|Sci-Fi,2530,1970.0,Beneath the Planet of the Apes,2.7777777777777777,18
2531,Battle for the Planet of the Apes (1973),Action|Sci-Fi,2531,1973.0,Battle for the Planet of the Apes,2.7777777777777777,9
2532,Conquest of the Planet of the Apes (1972),Action|Sci-Fi,2532,1972.0,Conquest of the Planet of the Apes,2.7916666666666665,12
2533,Escape from the Planet of the Apes (1971),Action|Sci-Fi,2533,1971.0,Escape from the Planet of the Apes,3.0,15
2534,Avalanche (1978),Action,2534,1978.0,Avalanche,2.5,3
2535,Earthquake (1974),Action|Drama|Thriller,2535,1974.0,Earthquake,2.6666666666666665,3
2537,Beyond the Poseidon Adventure (1979),Adventure,2537,1979.0,Beyond the Poseidon Adventure,2.0,3
2538,Dancemaker (1998),Documentary,2538,1998.0,Dancemaker,1.0,1
2539,Analyze This (1999),Comedy,2539,1999.0,Analyze This,3.095744680851064,47
2540,"Corruptor, The (1999)",Action|Crime|Drama|Thriller,2540,1999.0,"Corruptor, The",2.5,3
2541,Cruel Intentions (1999),Drama,2541,1999.0,Cruel Intentions,3.225,40
2542,"Lock, Stock & Two Smoking Barrels (1998)",Comedy|Crime|Thriller,2542,1998.0,"Lock, Stock & Two Smoking Barrels",4.052238805970149,67
2544,"School of Flesh, The (École de la chair, L') (1998)",Drama|Romance,2544,1998.0,"School of Flesh, The (École de la chair, L')",3.0,1
2546,"Deep End of the Ocean, The (1999)",Drama,2546,1999.0,"Deep End of the Ocean, The",3.25,2
2548,"Rage: Carrie 2, The (1999)",Horror,2548,1999.0,"Rage: Carrie 2, The",1.8333333333333333,6
2549,Wing Commander (1999),Action|Sci-Fi,2549,1999.0,Wing Commander,2.9166666666666665,6
2550,"Haunting, The (1963)",Horror|Thriller,2550,1963.0,"Haunting, The",4.0,7
2551,Dead Ringers (1988),Drama|Horror|Thriller,2551,1988.0,Dead Ringers,3.6875,8
2552,My Boyfriend's Back (1993),Comedy,2552,1993.0,My Boyfriend's Back,1.5,2
2553,Village of the Damned (1960),Horror|Sci-Fi|Thriller,2553,1960.0,Village of the Damned,3.0833333333333335,6
2554,Children of the Damned (1963),Horror|Sci-Fi|Thriller,2554,1963.0,Children of the Damned,3.1666666666666665,3
2555,Baby Geniuses (1999),Comedy,2555,1999.0,Baby Geniuses,1.6666666666666667,3
2557,I Stand Alone (Seul contre tous) (1998),Drama|Thriller,2557,1998.0,I Stand Alone (Seul contre tous),4.5,1
2558,Forces of Nature (1999),Comedy|Romance,2558,1999.0,Forces of Nature,2.3333333333333335,9
2559,"King and I, The (1999)",Animation|Children,2559,1999.0,"King and I, The",3.0,1
2560,Ravenous (1999),Horror|Thriller,2560,1999.0,Ravenous,3.0,8
2561,True Crime (1999),Crime|Thriller,2561,1999.0,True Crime,2.75,4
2563,Dangerous Beauty (1998),Drama,2563,1998.0,Dangerous Beauty,4.166666666666667,3
2565,"King and I, The (1956)",Drama|Musical|Romance,2565,1956.0,"King and I, The",4.166666666666667,12
2566,Doug's 1st Movie (1999),Animation|Children,2566,1999.0,Doug's 1st Movie,2.0,2
2567,EDtv (1999),Comedy,2567,1999.0,EDtv,2.973684210526316,19
2568,"Mod Squad, The (1999)",Action|Crime,2568,1999.0,"Mod Squad, The",3.1875,8
2570,"Walk on the Moon, A (1999)",Drama|Romance,2570,1999.0,"Walk on the Moon, A",3.2,5
2571,"Matrix, The (1999)",Action|Sci-Fi|Thriller,2571,1999.0,"Matrix, The",4.192446043165468,278
2572,10 Things I Hate About You (1999),Comedy|Romance,2572,1999.0,10 Things I Hate About You,3.5277777777777777,54
2573,Tango (1998),Drama|Musical,2573,1998.0,Tango,1.0,1
2574,"Out-of-Towners, The (1999)",Comedy,2574,1999.0,"Out-of-Towners, The",2.0,6
2575,"Dreamlife of Angels, The (Vie rêvée des anges, La) (1998)",Drama,2575,1998.0,"Dreamlife of Angels, The (Vie rêvée des anges, La)",3.75,4
2577,Metroland (1997),Comedy|Drama,2577,1997.0,Metroland,3.0,1
2579,Following (1998),Crime|Mystery|Thriller,2579,1998.0,Following,3.8333333333333335,6
2580,Go (1999),Comedy|Crime,2580,1999.0,Go,3.9615384615384617,39
2581,Never Been Kissed (1999),Comedy|Romance,2581,1999.0,Never Been Kissed,2.9583333333333335,36
2582,Twin Dragons (Shuang long hui) (1992),Action|Comedy,2582,1992.0,Twin Dragons (Shuang long hui),3.0,3
2583,Cookie's Fortune (1999),Comedy|Drama,2583,1999.0,Cookie's Fortune,3.875,12
2585,"Lovers of the Arctic Circle, The (Los Amantes del Círculo Polar) (1998)",Drama|Romance,2585,1998.0,"Lovers of the Arctic Circle, The (Los Amantes del Círculo Polar)",4.25,2
2586,Goodbye Lover (1999),Comedy|Crime|Thriller,2586,1999.0,Goodbye Lover,1.75,2
2587,Life (1999),Comedy|Crime|Drama,2587,1999.0,Life,3.25,4
2589,Friends & Lovers (1999),Comedy|Drama|Romance,2589,1999.0,Friends & Lovers,3.5,1
2590,Hideous Kinky (1998),Drama,2590,1998.0,Hideous Kinky,2.5,1
2593,"Monster, The (Mostro, Il) (1994)",Comedy,2593,1994.0,"Monster, The (Mostro, Il)",3.375,4
2594,Open Your Eyes (Abre los ojos) (1997),Drama|Romance|Sci-Fi|Thriller,2594,1997.0,Open Your Eyes (Abre los ojos),3.75,10
2596,SLC Punk! (1998),Comedy|Drama,2596,1998.0,SLC Punk!,3.7916666666666665,12
2597,Lost & Found (1999),Comedy|Romance,2597,1999.0,Lost & Found,2.75,2
2598,Pushing Tin (1999),Comedy,2598,1999.0,Pushing Tin,2.84,25
2599,Election (1999),Comedy,2599,1999.0,Election,3.6607142857142856,56
2600,eXistenZ (1999),Action|Sci-Fi|Thriller,2600,1999.0,eXistenZ,3.8636363636363638,22
2605,Entrapment (1999),Crime|Thriller,2605,1999.0,Entrapment,2.988372093023256,43
2606,Idle Hands (1999),Comedy|Horror,2606,1999.0,Idle Hands,2.566666666666667,15
2607,Get Real (1998),Drama|Romance,2607,1998.0,Get Real,4.0,2
2609,"King of Masks, The (Bian Lian) (1996)",Drama,2609,1996.0,"King of Masks, The (Bian Lian)",4.0,1
2611,"Winslow Boy, The (1999)",Drama,2611,1999.0,"Winslow Boy, The",3.0,1
2612,Mildred Pierce (1945),Drama|Film-Noir,2612,1945.0,Mildred Pierce,4.0,1
2613,Night of the Comet (1984),Comedy|Horror|Sci-Fi,2613,1984.0,Night of the Comet,2.875,8
2614,Chopping Mall (a.k.a. Killbots) (1986),Action|Horror|Sci-Fi,2614,1986.0,Chopping Mall (a.k.a. Killbots),1.0,2
2615,My Science Project (1985),Adventure|Sci-Fi,2615,1985.0,My Science Project,2.875,4
2616,Dick Tracy (1990),Action|Crime,2616,1990.0,Dick Tracy,2.8846153846153846,26
2617,"Mummy, The (1999)",Action|Adventure|Comedy|Fantasy|Horror|Thriller,2617,1999.0,"Mummy, The",3.1206896551724137,87
2618,"Castle, The (1997)",Comedy,2618,1997.0,"Castle, The",3.4,5
2620,This Is My Father (1998),Drama|Romance,2620,1998.0,This Is My Father,3.0,1
2622,William Shakespeare's A Midsummer Night's Dream (1999),Comedy|Fantasy,2622,1999.0,William Shakespeare's A Midsummer Night's Dream,3.1363636363636362,11
2623,Trippin' (1999),Comedy,2623,1999.0,Trippin',1.0,1
2624,After Life (Wandafuru raifu) (1998),Drama|Fantasy,2624,1998.0,After Life (Wandafuru raifu),4.25,2
2625,Black Mask (Hak hap) (1996),Action|Adventure|Crime|Sci-Fi|Thriller,2625,1996.0,Black Mask (Hak hap),2.5,2
2628,Star Wars: Episode I - The Phantom Menace (1999),Action|Adventure|Sci-Fi,2628,1999.0,Star Wars: Episode I - The Phantom Menace,3.107142857142857,140
2629,"Love Letter, The (1999)",Comedy|Romance,2629,1999.0,"Love Letter, The",2.5,2
2630,Besieged (a.k.a. L' Assedio) (1998),Drama,2630,1998.0,Besieged (a.k.a. L' Assedio),3.5,2
2632,"Saragossa Manuscript, The (Rekopis znaleziony w Saragossie) (1965)",Adventure|Drama|Mystery,2632,1965.0,"Saragossa Manuscript, The (Rekopis znaleziony w Saragossie)",4.0,1
2633,"Mummy, The (1932)",Horror|Romance,2633,1932.0,"Mummy, The",3.3333333333333335,3
2634,"Mummy, The (1959)",Horror,2634,1959.0,"Mummy, The",3.3333333333333335,3
2639,Mommie Dearest (1981),Drama,2639,1981.0,Mommie Dearest,3.125,4
2640,Superman (1978),Action|Adventure|Sci-Fi,2640,1978.0,Superman,3.6065573770491803,61
2641,Superman II (1980),Action|Sci-Fi,2641,1980.0,Superman II,3.020408163265306,49
2642,Superman III (1983),Action|Adventure|Sci-Fi,2642,1983.0,Superman III,2.25,22
2643,Superman IV: The Quest for Peace (1987),Action|Adventure|Sci-Fi,2643,1987.0,Superman IV: The Quest for Peace,1.6875,16
2644,Dracula (1931),Horror,2644,1931.0,Dracula,3.3333333333333335,9
2648,Frankenstein (1931),Drama|Horror|Sci-Fi,2648,1931.0,Frankenstein,3.909090909090909,11
2651,Frankenstein Meets the Wolf Man (1943),Horror,2651,1943.0,Frankenstein Meets the Wolf Man,1.0,1
2652,"Curse of Frankenstein, The (1957)",Horror,2652,1957.0,"Curse of Frankenstein, The",3.0,1
2654,"Wolf Man, The (1941)",Drama|Fantasy|Horror,2654,1941.0,"Wolf Man, The",3.6,5
2655,Howling II: Your Sister Is a Werewolf (1985),Horror,2655,1985.0,Howling II: Your Sister Is a Werewolf,2.0,1
2656,Tarantula (1955),Horror|Sci-Fi,2656,1955.0,Tarantula,3.0,1
2657,"Rocky Horror Picture Show, The (1975)",Comedy|Horror|Musical|Sci-Fi,2657,1975.0,"Rocky Horror Picture Show, The",3.3412698412698414,63
2659,It Came from Hollywood (1982),Comedy|Documentary,2659,1982.0,It Came from Hollywood,2.0,1
2660,"Thing from Another World, The (1951)",Horror|Sci-Fi,2660,1951.0,"Thing from Another World, The",3.5,4
2661,It Came from Outer Space (1953),Sci-Fi,2661,1953.0,It Came from Outer Space,3.0,1
2662,"War of the Worlds, The (1953)",Action|Drama|Sci-Fi,2662,1953.0,"War of the Worlds, The",3.1666666666666665,12
2664,Invasion of the Body Snatchers (1956),Horror|Sci-Fi|Thriller,2664,1956.0,Invasion of the Body Snatchers,3.769230769230769,13
2665,Earth vs. the Flying Saucers (1956),Sci-Fi,2665,1956.0,Earth vs. the Flying Saucers,1.0,1
2668,Swamp Thing (1982),Horror|Sci-Fi,2668,1982.0,Swamp Thing,2.9375,8
2669,Pork Chop Hill (1959),War,2669,1959.0,Pork Chop Hill,3.5,2
2670,Run Silent Run Deep (1958),War,2670,1958.0,Run Silent Run Deep,3.6,5
2671,Notting Hill (1999),Comedy|Romance,2671,1999.0,Notting Hill,3.455357142857143,56
2672,"Thirteenth Floor, The (1999)",Drama|Sci-Fi|Thriller,2672,1999.0,"Thirteenth Floor, The",2.9583333333333335,12
2674,"Loss of Sexual Innocence, The (1999)",Drama|Fantasy,2674,1999.0,"Loss of Sexual Innocence, The",2.25,2
2676,Instinct (1999),Drama|Thriller,2676,1999.0,Instinct,3.1666666666666665,6
2677,Buena Vista Social Club (1999),Documentary|Musical,2677,1999.0,Buena Vista Social Club,4.375,4
2681,Free Enterprise (1998),Comedy|Romance|Sci-Fi,2681,1998.0,Free Enterprise,3.0,3
2682,Limbo (1999),Drama,2682,1999.0,Limbo,4.0,3
2683,Austin Powers: The Spy Who Shagged Me (1999),Action|Adventure|Comedy,2683,1999.0,Austin Powers: The Spy Who Shagged Me,3.1983471074380163,121
2686,"Red Violin, The (Violon rouge, Le) (1998)",Drama|Mystery,2686,1998.0,"Red Violin, The (Violon rouge, Le)",4.026315789473684,19
2687,Tarzan (1999),Adventure|Animation|Children|Drama,2687,1999.0,Tarzan,3.4583333333333335,24
2688,"General's Daughter, The (1999)",Crime|Drama|Mystery|Thriller,2688,1999.0,"General's Daughter, The",2.933333333333333,15
2690,"Ideal Husband, An (1999)",Comedy|Romance,2690,1999.0,"Ideal Husband, An",3.7,10
2691,"Legend of 1900, The (a.k.a. The Legend of the Pianist on the Ocean) (Leggenda del pianista sull'oceano) (1998)",Drama,2691,1998.0,"Legend of 1900, The (a.k.a. The Legend of the Pianist on the Ocean) (Leggenda del pianista sull'oceano)",3.6666666666666665,3
2692,Run Lola Run (Lola rennt) (1998),Action|Crime,2692,1998.0,Run Lola Run (Lola rennt),4.0,75
2693,Trekkies (1997),Documentary,2693,1997.0,Trekkies,3.375,4
2694,Big Daddy (1999),Comedy,2694,1999.0,Big Daddy,3.1979166666666665,48
2695,"Boys, The (1998)",Drama,2695,1998.0,"Boys, The",2.0,1
2696,"Dinner Game, The (Dîner de cons, Le) (1998)",Comedy,2696,1998.0,"Dinner Game, The (Dîner de cons, Le)",4.333333333333333,3
2697,My Son the Fanatic (1997),Comedy|Drama|Romance,2697,1997.0,My Son the Fanatic,3.5,1
2698,Zone 39 (1997),Sci-Fi,2698,1997.0,Zone 39,2.0,1
2699,Arachnophobia (1990),Comedy|Horror,2699,1990.0,Arachnophobia,2.811320754716981,53
2700,"South Park: Bigger, Longer and Uncut (1999)",Animation|Comedy|Musical,2700,1999.0,"South Park: Bigger, Longer and Uncut",3.861842105263158,76
2701,Wild Wild West (1999),Action|Comedy|Sci-Fi|Western,2701,1999.0,Wild Wild West,2.207547169811321,53
2702,Summer of Sam (1999),Drama,2702,1999.0,Summer of Sam,3.4,15
2706,American Pie (1999),Comedy|Romance,2706,1999.0,American Pie,3.378640776699029,103
2707,Arlington Road (1999),Thriller,2707,1999.0,Arlington Road,3.272727272727273,22
2708,"Autumn Tale, An (Conte d'automne) (1998)",Romance,2708,1998.0,"Autumn Tale, An (Conte d'automne)",4.0,3
2709,Muppets From Space (1999),Children|Comedy,2709,1999.0,Muppets From Space,3.1666666666666665,9
2710,"Blair Witch Project, The (1999)",Drama|Horror|Thriller,2710,1999.0,"Blair Witch Project, The",2.796875,64
2712,Eyes Wide Shut (1999),Drama|Mystery|Thriller,2712,1999.0,Eyes Wide Shut,3.4622641509433962,53
2713,Lake Placid (1999),Horror|Thriller,2713,1999.0,Lake Placid,2.6666666666666665,12
2716,Ghostbusters (a.k.a. Ghost Busters) (1984),Action|Comedy|Sci-Fi,2716,1984.0,Ghostbusters (a.k.a. Ghost Busters),3.775,120
2717,Ghostbusters II (1989),Comedy|Fantasy|Sci-Fi,2717,1989.0,Ghostbusters II,3.0,47
2718,Drop Dead Gorgeous (1999),Comedy,2718,1999.0,Drop Dead Gorgeous,3.2,10
2719,"Haunting, The (1999)",Horror|Thriller,2719,1999.0,"Haunting, The",2.1153846153846154,13
2720,Inspector Gadget (1999),Action|Adventure|Children|Comedy,2720,1999.0,Inspector Gadget,2.0952380952380953,21
2722,Deep Blue Sea (1999),Action|Horror|Sci-Fi|Thriller,2722,1999.0,Deep Blue Sea,2.7758620689655173,29
2723,Mystery Men (1999),Action|Comedy|Fantasy,2723,1999.0,Mystery Men,3.08974358974359,39
2724,Runaway Bride (1999),Comedy|Romance,2724,1999.0,Runaway Bride,2.8333333333333335,42
2725,Twin Falls Idaho (1999),Drama,2725,1999.0,Twin Falls Idaho,2.0,1
2726,"Killing, The (1956)",Crime|Film-Noir,2726,1956.0,"Killing, The",4.055555555555555,9
2727,Killer's Kiss (1955),Crime|Film-Noir,2727,1955.0,Killer's Kiss,3.0,1
2728,Spartacus (1960),Action|Drama|Romance|War,2728,1960.0,Spartacus,3.576923076923077,13
2729,Lolita (1962),Drama|Romance,2729,1962.0,Lolita,3.5,7
2730,Barry Lyndon (1975),Drama|Romance|War,2730,1975.0,Barry Lyndon,3.7142857142857144,7
2731,"400 Blows, The (Les quatre cents coups) (1959)",Crime|Drama,2731,1959.0,"400 Blows, The (Les quatre cents coups)",4.0,12
2732,Jules and Jim (Jules et Jim) (1961),Drama|Romance,2732,1961.0,Jules and Jim (Jules et Jim),4.5,5
2733,Vibes (1988),Adventure|Comedy|Romance,2733,1988.0,Vibes,2.0,2
2734,"Mosquito Coast, The (1986)",Adventure|Drama|Thriller,2734,1986.0,"Mosquito Coast, The",3.25,10
2735,"Golden Child, The (1986)",Action|Adventure|Comedy|Fantasy|Mystery,2735,1986.0,"Golden Child, The",2.71875,16
2736,Brighton Beach Memoirs (1986),Comedy,2736,1986.0,Brighton Beach Memoirs,3.6,5
2737,Assassination (1987),Action|Drama|Thriller,2737,1987.0,Assassination,4.0,1
2738,Crimes of the Heart (1986),Comedy|Drama,2738,1986.0,Crimes of the Heart,4.0,1
2739,"Color Purple, The (1985)",Drama,2739,1985.0,"Color Purple, The",3.9166666666666665,12
2740,"Kindred, The (1986)",Horror|Sci-Fi,2740,1986.0,"Kindred, The",1.0,1
2741,No Mercy (1986),Action|Crime|Thriller,2741,1986.0,No Mercy,2.0,2
2742,Ménage (Tenue de soirée) (1986),Comedy|Drama,2742,1986.0,Ménage (Tenue de soirée),1.0,1
2743,Native Son (1986),Drama,2743,1986.0,Native Son,3.0,1
2744,Otello (1986),Drama,2744,1986.0,Otello,4.0,1
2745,"Mission, The (1986)",Drama,2745,1986.0,"Mission, The",3.5,9
2746,Little Shop of Horrors (1986),Comedy|Horror|Musical,2746,1986.0,Little Shop of Horrors,3.3333333333333335,39
2747,"Little Shop of Horrors, The (1960)",Comedy|Horror,2747,1960.0,"Little Shop of Horrors, The",3.0,9
2748,Allan Quatermain and the Lost City of Gold (1987),Action|Adventure|Comedy,2748,1987.0,Allan Quatermain and the Lost City of Gold,1.8333333333333333,6
2749,"Morning After, The (1986)",Drama|Mystery,2749,1986.0,"Morning After, The",4.0,2
2750,Radio Days (1987),Comedy|Drama,2750,1987.0,Radio Days,3.142857142857143,7
2751,From the Hip (1987),Comedy|Drama,2751,1987.0,From the Hip,4.0,1
2752,Outrageous Fortune (1987),Comedy|Mystery,2752,1987.0,Outrageous Fortune,2.8125,8
2754,Deadtime Stories (1987),Horror,2754,1987.0,Deadtime Stories,1.0,1
2757,Frances (1982),Drama,2757,1982.0,Frances,3.5,1
2759,Dick (1999),Comedy,2759,1999.0,Dick,3.5,8
2761,"Iron Giant, The (1999)",Adventure|Animation|Children|Drama|Sci-Fi,2761,1999.0,"Iron Giant, The",4.051282051282051,39
2762,"Sixth Sense, The (1999)",Drama|Horror|Mystery,2762,1999.0,"Sixth Sense, The",3.893854748603352,179
2763,"Thomas Crown Affair, The (1999)",Action|Mystery,2763,1999.0,"Thomas Crown Affair, The",3.6458333333333335,48
2764,"Thomas Crown Affair, The (1968)",Crime|Drama|Romance|Thriller,2764,1968.0,"Thomas Crown Affair, The",4.0,7
2765,"Acid House, The (1998)",Comedy|Drama,2765,1998.0,"Acid House, The",3.5,1
2766,"Adventures of Sebastian Cole, The (1998)",Comedy|Drama,2766,1998.0,"Adventures of Sebastian Cole, The",3.25,2
2769,"Yards, The (2000)",Crime|Drama,2769,2000.0,"Yards, The",3.4,5
2770,Bowfinger (1999),Comedy,2770,1999.0,Bowfinger,2.960526315789474,38
2771,Brokedown Palace (1999),Drama,2771,1999.0,Brokedown Palace,3.25,4
2772,Detroit Rock City (1999),Comedy,2772,1999.0,Detroit Rock City,2.85,10
2774,Better Than Chocolate (1999),Comedy|Romance,2774,1999.0,Better Than Chocolate,3.0,1
2775,Head On (1998),Drama,2775,1998.0,Head On,1.0,1
2779,Heaven Can Wait (1978),Comedy,2779,1978.0,Heaven Can Wait,3.269230769230769,13
2782,Pit and the Pendulum (1961),Horror,2782,1961.0,Pit and the Pendulum,3.3333333333333335,3
2784,"Masque of the Red Death, The (1964)",Horror,2784,1964.0,"Masque of the Red Death, The",3.25,2
2786,Haunted Honeymoon (1986),Comedy,2786,1986.0,Haunted Honeymoon,1.75,4
2787,Cat's Eye (1985),Horror,2787,1985.0,Cat's Eye,2.4166666666666665,6
2788,Monty Python's And Now for Something Completely Different (1971),Comedy,2788,1971.0,Monty Python's And Now for Something Completely Different,4.053571428571429,28
2789,Damien: Omen II (1978),Horror,2789,1978.0,Damien: Omen II,2.875,4
2790,"Final Conflict, The (a.k.a. Omen III: The Final Conflict) (1981)",Horror|Thriller,2790,1981.0,"Final Conflict, The (a.k.a. Omen III: The Final Conflict)",2.0,2
2791,Airplane! (1980),Comedy,2791,1980.0,Airplane!,3.8563218390804597,87
2792,Airplane II: The Sequel (1982),Comedy,2792,1982.0,Airplane II: The Sequel,3.1842105263157894,19
2793,"American Werewolf in Paris, An (1997)",Comedy|Horror|Romance|Thriller,2793,1997.0,"American Werewolf in Paris, An",2.3,10
2794,European Vacation (aka National Lampoon's European Vacation) (1985),Adventure|Comedy|Romance,2794,1985.0,European Vacation (aka National Lampoon's European Vacation),2.6333333333333333,15
2795,National Lampoon's Vacation (1983),Comedy,2795,1983.0,National Lampoon's Vacation,3.6538461538461537,26
2796,Funny Farm (1988),Comedy,2796,1988.0,Funny Farm,2.590909090909091,11
2797,Big (1988),Comedy|Drama|Fantasy|Romance,2797,1988.0,Big,3.71978021978022,91
2798,Problem Child (1990),Children|Comedy,2798,1990.0,Problem Child,1.5833333333333333,12
2799,Problem Child 2 (1991),Comedy,2799,1991.0,Problem Child 2,1.3125,8
2800,Little Nemo: Adventures in Slumberland (1992),Adventure|Animation|Children|Drama|Fantasy,2800,1992.0,Little Nemo: Adventures in Slumberland,2.5,1
2801,Oscar and Lucinda (a.k.a. Oscar & Lucinda) (1997),Drama|Romance,2801,1997.0,Oscar and Lucinda (a.k.a. Oscar & Lucinda),4.5,1
2802,Tequila Sunrise (1988),Action|Drama|Romance|Thriller,2802,1988.0,Tequila Sunrise,3.0384615384615383,13
2803,"Pelican Brief, The (1993)",Crime|Drama|Mystery|Romance|Thriller,2803,1993.0,"Pelican Brief, The",2.923076923076923,13
2804,"Christmas Story, A (1983)",Children|Comedy,2804,1983.0,"Christmas Story, A",3.9727272727272727,55
2805,Mickey Blue Eyes (1999),Comedy|Romance,2805,1999.0,Mickey Blue Eyes,3.0,23
2806,Teaching Mrs. Tingle (1999),Comedy|Thriller,2806,1999.0,Teaching Mrs. Tingle,2.3333333333333335,9
2807,Universal Soldier: The Return (1999),Action|Sci-Fi,2807,1999.0,Universal Soldier: The Return,2.625,4
2808,Universal Soldier (1992),Action|Sci-Fi,2808,1992.0,Universal Soldier,2.2058823529411766,17
2810,Perfect Blue (1997),Animation|Horror|Mystery|Thriller,2810,1997.0,Perfect Blue,4.2,5
2812,In Too Deep (1999),Action|Thriller,2812,1999.0,In Too Deep,3.0,1
2813,"Source, The (1999)",Documentary,2813,1999.0,"Source, The",1.0,1
2815,Iron Eagle (1986),Action|War,2815,1986.0,Iron Eagle,2.2857142857142856,7
2816,Iron Eagle II (1988),Action|War,2816,1988.0,Iron Eagle II,1.6666666666666667,3
2817,Aces: Iron Eagle III (1992),Action,2817,1992.0,Aces: Iron Eagle III,2.0,3
2818,Iron Eagle IV (1995),Action|War,2818,1995.0,Iron Eagle IV,1.0,3
2819,Three Days of the Condor (3 Days of the Condor) (1975),Drama|Mystery|Romance|Thriller,2819,1975.0,Three Days of the Condor (3 Days of the Condor),3.75,16
2820,Hamlet (1964),Drama,2820,1964.0,Hamlet,4.0,1
2822,Medicine Man (1992),Adventure|Romance,2822,1992.0,Medicine Man,3.1363636363636362,11
2824,On the Ropes (1999),Documentary|Drama,2824,1999.0,On the Ropes,5.0,1
2826,"13th Warrior, The (1999)",Action|Adventure|Fantasy,2826,1999.0,"13th Warrior, The",2.9038461538461537,26
2827,"Astronaut's Wife, The (1999)",Horror|Sci-Fi|Thriller,2827,1999.0,"Astronaut's Wife, The",2.272727272727273,11
2828,Dudley Do-Right (1999),Children|Comedy,2828,1999.0,Dudley Do-Right,1.5,2
2829,"Muse, The (1999)",Comedy,2829,1999.0,"Muse, The",3.0714285714285716,7
2835,Chill Factor (1999),Action|Adventure|Comedy|Thriller,2835,1999.0,Chill Factor,1.0,1
2836,Outside Providence (1999),Comedy,2836,1999.0,Outside Providence,3.5,4
2837,Bedrooms & Hallways (1998),Comedy|Romance,2837,1998.0,Bedrooms & Hallways,3.0,1
2839,West Beirut (West Beyrouth) (1998),Drama,2839,1998.0,West Beirut (West Beyrouth),4.0,1
2840,Stigmata (1999),Drama|Thriller,2840,1999.0,Stigmata,2.869565217391304,23
2841,Stir of Echoes (1999),Horror|Mystery|Thriller,2841,1999.0,Stir of Echoes,3.5277777777777777,18
2843,"Black Cat, White Cat (Crna macka, beli macor) (1998)",Comedy|Romance,2843,1998.0,"Black Cat, White Cat (Crna macka, beli macor)",3.9444444444444446,9
2844,"Minus Man, The (1999)",Drama|Mystery,2844,1999.0,"Minus Man, The",2.6666666666666665,3
2846,"Adventures of Milo and Otis, The (Koneko monogatari) (1986)",Adventure|Children|Comedy|Drama,2846,1986.0,"Adventures of Milo and Otis, The (Koneko monogatari)",3.857142857142857,7
2847,Only Angels Have Wings (1939),Adventure|Drama|Romance,2847,1939.0,Only Angels Have Wings,3.0,2
2848,"Othello (Tragedy of Othello: The Moor of Venice, The) (1952)",Drama,2848,1952.0,"Othello (Tragedy of Othello: The Moor of Venice, The)",4.0,1
2851,Saturn 3 (1980),Adventure|Sci-Fi|Thriller,2851,1980.0,Saturn 3,3.25,4
2852,"Soldier's Story, A (1984)",Drama,2852,1984.0,"Soldier's Story, A",4.0,1
2856,I Saw What You Did (1965),Thriller,2856,1965.0,I Saw What You Did,3.0,1
2857,Yellow Submarine (1968),Adventure|Animation|Comedy|Fantasy|Musical,2857,1968.0,Yellow Submarine,3.2857142857142856,14
2858,American Beauty (1999),Drama|Romance,2858,1999.0,American Beauty,4.056372549019608,204
2859,Stop Making Sense (1984),Documentary|Musical,2859,1984.0,Stop Making Sense,3.857142857142857,7
2860,Blue Streak (1999),Comedy,2860,1999.0,Blue Streak,2.611111111111111,9
2861,For Love of the Game (1999),Comedy|Drama,2861,1999.0,For Love of the Game,3.375,8
2862,Caligula (1979),Drama,2862,1979.0,Caligula,1.0,1
2863,"Hard Day's Night, A (1964)",Adventure|Comedy|Musical,2863,1964.0,"Hard Day's Night, A",3.473684210526316,19
2865,Sugar Town (1999),Comedy,2865,1999.0,Sugar Town,4.0,1
2866,"Buddy Holly Story, The (1978)",Drama,2866,1978.0,"Buddy Holly Story, The",3.6,5
2867,Fright Night (1985),Comedy|Horror|Thriller,2867,1985.0,Fright Night,3.5833333333333335,12
2868,Fright Night Part II (1988),Horror,2868,1988.0,Fright Night Part II,2.0,2
2870,Barefoot in the Park (1967),Comedy,2870,1967.0,Barefoot in the Park,3.3125,8
2871,Deliverance (1972),Adventure|Drama|Thriller,2871,1972.0,Deliverance,3.9,30
2872,Excalibur (1981),Adventure|Fantasy,2872,1981.0,Excalibur,3.64,25
2874,"Pajama Game, The (1957)",Comedy|Musical|Romance,2874,1957.0,"Pajama Game, The",3.6666666666666665,3
2875,Sommersby (1993),Drama|Mystery|Romance,2875,1993.0,Sommersby,2.95,10
2876,Thumbelina (1994),Animation|Children|Fantasy,2876,1994.0,Thumbelina,2.0,1
2877,Tommy (1975),Musical,2877,1975.0,Tommy,3.0,7
2878,Hell Night (1981),Horror,2878,1981.0,Hell Night,2.0,2
2879,Armour of God II: Operation Condor (Operation Condor) (Fei ying gai wak) (1991),Action|Adventure|Comedy,2879,1991.0,Armour of God II: Operation Condor (Operation Condor) (Fei ying gai wak),3.2142857142857144,7
2880,Armour of God (Long xiong hu di) (1987),Action|Adventure|Comedy,2880,1987.0,Armour of God (Long xiong hu di),3.0833333333333335,6
2881,Double Jeopardy (1999),Action|Crime|Drama|Thriller,2881,1999.0,Double Jeopardy,3.026315789473684,19
2882,Jakob the Liar (1999),Drama,2882,1999.0,Jakob the Liar,2.0,4
2883,Mumford (1999),Comedy|Drama,2883,1999.0,Mumford,3.2,5
2884,Dog Park (1998),Comedy|Romance,2884,1998.0,Dog Park,2.0,1
2885,Guinevere (1999),Drama|Romance,2885,1999.0,Guinevere,2.0,1
2886,"Adventures of Elmo in Grouchland, The (1999)",Children|Comedy,2886,1999.0,"Adventures of Elmo in Grouchland, The",1.5,2
2887,Simon Sez (1999),Action|Comedy,2887,1999.0,Simon Sez,1.0,1
2888,Drive Me Crazy (1999),Comedy|Romance,2888,1999.0,Drive Me Crazy,2.1,5
2889,"Mystery, Alaska (1999)",Comedy|Drama,2889,1999.0,"Mystery, Alaska",3.75,8
2890,Three Kings (1999),Action|Adventure|Comedy|Drama|War,2890,1999.0,Three Kings,3.7111111111111112,45
2891,"Happy, Texas (1999)",Comedy,2891,1999.0,"Happy, Texas",4.0,3
2892,New Rose Hotel (1998),Action|Drama,2892,1998.0,New Rose Hotel,1.0,1
2893,Plunkett & MaCleane (1999),Action|Adventure|Drama,2893,1999.0,Plunkett & MaCleane,3.0,1
2894,Romance (1999),Drama|Romance,2894,1999.0,Romance,4.0,1
2896,Alvarez Kelly (1966),Western,2896,1966.0,Alvarez Kelly,3.0,1
2897,And the Ship Sails On (E la nave va) (1983),Comedy|War,2897,1983.0,And the Ship Sails On (E la nave va),4.0,1
2898,"Dark Half, The (1993)",Horror|Mystery,2898,1993.0,"Dark Half, The",2.0,1
2899,Gulliver's Travels (1939),Adventure|Animation|Children,2899,1939.0,Gulliver's Travels,3.0,3
2900,Monkey Shines (1988),Horror|Sci-Fi,2900,1988.0,Monkey Shines,2.5,2
2901,Phantasm (1979),Horror|Sci-Fi,2901,1979.0,Phantasm,2.892857142857143,14
2902,Psycho II (1983),Horror|Mystery|Thriller,2902,1983.0,Psycho II,2.5,4
2903,Psycho III (1986),Horror|Thriller,2903,1986.0,Psycho III,2.5,2
2905,Sanjuro (Tsubaki Sanjûrô) (1962),Action|Adventure|Drama,2905,1962.0,Sanjuro (Tsubaki Sanjûrô),4.25,4
2906,Random Hearts (1999),Drama|Romance,2906,1999.0,Random Hearts,2.5714285714285716,7
2907,Superstar (1999),Comedy,2907,1999.0,Superstar,3.5714285714285716,7
2908,Boys Don't Cry (1999),Drama,2908,1999.0,Boys Don't Cry,3.551282051282051,39
2912,"Limey, The (1999)",Crime|Drama|Thriller,2912,1999.0,"Limey, The",3.892857142857143,14
2915,Risky Business (1983),Comedy,2915,1983.0,Risky Business,3.4404761904761907,42
2916,Total Recall (1990),Action|Adventure|Sci-Fi|Thriller,2916,1990.0,Total Recall,3.653409090909091,88
2917,Body Heat (1981),Crime|Thriller,2917,1981.0,Body Heat,4.0,10
2918,Ferris Bueller's Day Off (1986),Comedy,2918,1986.0,Ferris Bueller's Day Off,3.8394495412844036,109
2919,"Year of Living Dangerously, The (1982)",Drama|Romance|War,2919,1982.0,"Year of Living Dangerously, The",3.8125,8
2921,High Plains Drifter (1973),Western,2921,1973.0,High Plains Drifter,4.181818181818182,11
2922,Hang 'Em High (1968),Crime|Drama|Western,2922,1968.0,Hang 'Em High,3.6,5
2924,Drunken Master (Jui kuen) (1978),Action|Comedy,2924,1978.0,Drunken Master (Jui kuen),4.05,10
2925,"Conformist, The (Conformista, Il) (1970)",Drama,2925,1970.0,"Conformist, The (Conformista, Il)",4.1,5
2926,Hairspray (1988),Comedy|Drama,2926,1988.0,Hairspray,3.3181818181818183,11
2927,Brief Encounter (1946),Drama|Romance,2927,1946.0,Brief Encounter,3.5,2
2928,"Razor's Edge, The (1984)",Drama,2928,1984.0,"Razor's Edge, The",3.5,2
2929,Reds (1981),Drama|Romance,2929,1981.0,Reds,3.25,2
2930,Return with Honor (1998),Documentary,2930,1998.0,Return with Honor,3.5,1
2931,Time of the Gypsies (Dom za vesanje) (1989),Comedy|Crime|Drama|Fantasy,2931,1989.0,Time of the Gypsies (Dom za vesanje),4.166666666666667,3
2932,Days of Heaven (1978),Drama,2932,1978.0,Days of Heaven,3.6666666666666665,3
2935,"Lady Eve, The (1941)",Comedy|Romance,2935,1941.0,"Lady Eve, The",4.0,8
2936,Sullivan's Travels (1941),Adventure|Comedy|Romance,2936,1941.0,Sullivan's Travels,4.0,7
2937,"Palm Beach Story, The (1942)",Comedy,2937,1942.0,"Palm Beach Story, The",4.1,5
2939,Niagara (1953),Drama|Thriller,2939,1953.0,Niagara,0.0,0
2940,Gilda (1946),Drama|Film-Noir|Mystery|Romance,2940,1946.0,Gilda,4.0,6
2941,South Pacific (1958),Musical|Romance|War,2941,1958.0,South Pacific,3.7777777777777777,9
2942,Flashdance (1983),Drama|Romance,2942,1983.0,Flashdance,2.875,16
2943,Indochine (1992),Drama|Romance,2943,1992.0,Indochine,4.166666666666667,3
2944,"Dirty Dozen, The (1967)",Action|Drama|War,2944,1967.0,"Dirty Dozen, The",3.96875,32
2946,Help! (1965),Comedy|Musical,2946,1965.0,Help!,3.357142857142857,7
2947,Goldfinger (1964),Action|Adventure|Thriller,2947,1964.0,Goldfinger,3.839622641509434,53
2948,From Russia with Love (1963),Action|Adventure|Thriller,2948,1963.0,From Russia with Love,3.75,36
2949,Dr. No (1962),Action|Adventure|Thriller,2949,1962.0,Dr. No,3.712121212121212,33
2950,"Blue Lagoon, The (1980)",Adventure|Drama|Romance,2950,1980.0,"Blue Lagoon, The",2.4642857142857144,14
2951,"Fistful of Dollars, A (Per un pugno di dollari) (1964)",Action|Western,2951,1964.0,"Fistful of Dollars, A (Per un pugno di dollari)",3.9358974358974357,39
2952,Sydney (Hard Eight) (1996),Crime|Drama|Thriller,2952,1996.0,Sydney (Hard Eight),3.5416666666666665,12
2953,Home Alone 2: Lost in New York (1992),Children|Comedy,2953,1992.0,Home Alone 2: Lost in New York,2.5161290322580645,31
2956,Someone to Watch Over Me (1987),Action|Crime|Thriller,2956,1987.0,Someone to Watch Over Me,3.1666666666666665,6
2959,Fight Club (1999),Action|Crime|Drama|Thriller,2959,1999.0,Fight Club,4.272935779816514,218
2961,"Story of Us, The (1999)",Comedy|Drama,2961,1999.0,"Story of Us, The",2.4,5
2962,Fever Pitch (1997),Comedy|Romance,2962,1997.0,Fever Pitch,3.0,2
2964,Julien Donkey-Boy (1999),Drama,2964,1999.0,Julien Donkey-Boy,1.0,1
2965,"Omega Code, The (1999)",Action,2965,1999.0,"Omega Code, The",2.0,1
2966,"Straight Story, The (1999)",Adventure|Drama,2966,1999.0,"Straight Story, The",3.9285714285714284,14
2967,"Bad Seed, The (1956)",Drama|Thriller,2967,1956.0,"Bad Seed, The",4.0,4
2968,Time Bandits (1981),Adventure|Comedy|Fantasy|Sci-Fi,2968,1981.0,Time Bandits,3.731707317073171,41
2969,"Man and a Woman, A (Un homme et une femme) (1966)",Drama|Romance,2969,1966.0,"Man and a Woman, A (Un homme et une femme)",5.0,1
2970,Fitzcarraldo (1982),Adventure|Drama,2970,1982.0,Fitzcarraldo,3.375,4
2971,All That Jazz (1979),Drama|Fantasy|Musical,2971,1979.0,All That Jazz,4.083333333333333,6
2972,Red Sorghum (Hong gao liang) (1987),Drama|War,2972,1987.0,Red Sorghum (Hong gao liang),5.0,1
2973,Crimes and Misdemeanors (1989),Comedy|Crime|Drama,2973,1989.0,Crimes and Misdemeanors,3.9166666666666665,18
2974,Bats (1999),Horror|Thriller,2974,1999.0,Bats,2.5,1
2975,"Best Man, The (1999)",Comedy|Drama,2975,1999.0,"Best Man, The",3.0,1
2976,Bringing Out the Dead (1999),Drama,2976,1999.0,Bringing Out the Dead,3.4166666666666665,6
2977,Crazy in Alabama (1999),Comedy|Drama,2977,1999.0,Crazy in Alabama,3.0,2
2978,Three to Tango (1999),Comedy|Romance,2978,1999.0,Three to Tango,3.0,4
2979,Body Shots (1999),Drama,2979,1999.0,Body Shots,3.0,1
2982,"Guardian, The (1990)",Horror|Thriller,2982,1990.0,"Guardian, The",2.0,1
2983,"Ipcress File, The (1965)",Thriller,2983,1965.0,"Ipcress File, The",4.0,1
2984,On Any Sunday (1971),Documentary,2984,1971.0,On Any Sunday,4.5,1
2985,RoboCop (1987),Action|Crime|Drama|Sci-Fi|Thriller,2985,1987.0,RoboCop,3.3714285714285714,70
2986,RoboCop 2 (1990),Action|Crime|Sci-Fi|Thriller,2986,1990.0,RoboCop 2,2.64,25
2987,Who Framed Roger Rabbit? (1988),Adventure|Animation|Children|Comedy|Crime|Fantasy|Mystery,2987,1988.0,Who Framed Roger Rabbit?,3.5721649484536084,97
2988,Melvin and Howard (1980),Drama,2988,1980.0,Melvin and Howard,4.0,3
2989,For Your Eyes Only (1981),Action|Adventure|Thriller,2989,1981.0,For Your Eyes Only,3.5476190476190474,21
2990,Licence to Kill (1989),Action|Adventure|Thriller,2990,1989.0,Licence to Kill,3.325,20
2991,Live and Let Die (1973),Action|Adventure|Thriller,2991,1973.0,Live and Let Die,3.6956521739130435,23
2992,Rawhead Rex (1986),Horror|Thriller,2992,1986.0,Rawhead Rex,3.5,1
2993,Thunderball (1965),Action|Adventure|Thriller,2993,1965.0,Thunderball,3.4791666666666665,24
2995,House on Haunted Hill (1999),Horror|Thriller,2995,1999.0,House on Haunted Hill,2.4285714285714284,14
2996,Music of the Heart (1999),Drama,2996,1999.0,Music of the Heart,3.125,4
2997,Being John Malkovich (1999),Comedy|Drama|Fantasy,2997,1999.0,Being John Malkovich,3.9545454545454546,99
3000,Princess Mononoke (Mononoke-hime) (1997),Action|Adventure|Animation|Drama|Fantasy,3000,1997.0,Princess Mononoke (Mononoke-hime),3.9583333333333335,48
3002,My Best Fiend (Mein liebster Feind) (1999),Documentary,3002,1999.0,My Best Fiend (Mein liebster Feind),4.0,1
3003,Train of Life (Train de vie) (1998),Comedy|Drama|Romance|War,3003,1998.0,Train of Life (Train de vie),4.5,2
3004,"Bachelor, The (1999)",Comedy|Romance,3004,1999.0,"Bachelor, The",2.5454545454545454,11
3005,"Bone Collector, The (1999)",Thriller,3005,1999.0,"Bone Collector, The",2.84,25
3006,"Insider, The (1999)",Drama|Thriller,3006,1999.0,"Insider, The",3.7419354838709675,31
3007,American Movie (1999),Documentary,3007,1999.0,American Movie,3.75,6
3008,Last Night (1998),Drama|Sci-Fi,3008,1998.0,Last Night,4.0,1
3010,Rosetta (1999),Drama,3010,1999.0,Rosetta,4.0,1
3011,"They Shoot Horses, Don't They? (1969)",Drama,3011,1969.0,"They Shoot Horses, Don't They?",3.25,4
3013,Bride of Re-Animator (1990),Comedy|Horror,3013,1990.0,Bride of Re-Animator,4.0,1
3014,Bustin' Loose (1981),Comedy,3014,1981.0,Bustin' Loose,2.0,1
3015,Coma (1978),Thriller,3015,1978.0,Coma,3.6666666666666665,3
3016,Creepshow (1982),Horror,3016,1982.0,Creepshow,3.0714285714285716,14
3017,Creepshow 2 (1987),Horror,3017,1987.0,Creepshow 2,3.0,4
3018,Re-Animator (1985),Comedy|Horror|Sci-Fi,3018,1985.0,Re-Animator,3.45,10
3019,Drugstore Cowboy (1989),Crime|Drama,3019,1989.0,Drugstore Cowboy,4.15,10
3020,Falling Down (1993),Action|Drama,3020,1993.0,Falling Down,3.5294117647058822,17
3021,"Funhouse, The (1981)",Horror,3021,1981.0,"Funhouse, The",2.0,1
3022,"General, The (1926)",Comedy|War,3022,1926.0,"General, The",4.0,9
3024,Piranha (1978),Horror|Sci-Fi,3024,1978.0,Piranha,2.642857142857143,7
3028,"Taming of the Shrew, The (1967)",Comedy,3028,1967.0,"Taming of the Shrew, The",2.5,2
3029,Nighthawks (1981),Action|Drama,3029,1981.0,Nighthawks,3.25,6
3030,Yojimbo (1961),Action|Adventure,3030,1961.0,Yojimbo,4.230769230769231,13
3031,Repossessed (1990),Comedy,3031,1990.0,Repossessed,2.375,4
3032,"Omega Man, The (1971)",Action|Drama|Sci-Fi|Thriller,3032,1971.0,"Omega Man, The",3.6666666666666665,6
3033,Spaceballs (1987),Comedy|Sci-Fi,3033,1987.0,Spaceballs,3.483050847457627,59
3034,Robin Hood (1973),Adventure|Animation|Children|Comedy|Musical,3034,1973.0,Robin Hood,3.513888888888889,36
3035,Mister Roberts (1955),Comedy|Drama|War,3035,1955.0,Mister Roberts,3.8181818181818183,11
3036,"Quest for Fire (Guerre du feu, La) (1981)",Adventure|Drama,3036,1981.0,"Quest for Fire (Guerre du feu, La)",3.7857142857142856,7
3037,Little Big Man (1970),Western,3037,1970.0,Little Big Man,4.145833333333333,24
3038,"Face in the Crowd, A (1957)",Drama,3038,1957.0,"Face in the Crowd, A",4.2,5
3039,Trading Places (1983),Comedy,3039,1983.0,Trading Places,3.730769230769231,39
3040,Meatballs (1979),Comedy,3040,1979.0,Meatballs,3.2222222222222223,9
3041,Meatballs Part II (1984),Comedy,3041,1984.0,Meatballs Part II,2.0833333333333335,6
3042,Meatballs III (1987),Comedy,3042,1987.0,Meatballs III,2.5,2
3043,Meatballs 4 (1992),Comedy,3043,1992.0,Meatballs 4,1.0,1
3044,Dead Again (1991),Mystery|Romance|Thriller,3044,1991.0,Dead Again,3.769230769230769,13
3045,Peter's Friends (1992),Comedy|Drama,3045,1992.0,Peter's Friends,3.6,5
3046,"Incredibly True Adventure of Two Girls in Love, The (1995)",Comedy|Romance,3046,1995.0,"Incredibly True Adventure of Two Girls in Love, The",4.5,2
3048,Under the Rainbow (1981),Comedy,3048,1981.0,Under the Rainbow,2.0,3
3051,Anywhere But Here (1999),Comedy|Drama,3051,1999.0,Anywhere But Here,2.5,3
3052,Dogma (1999),Adventure|Comedy|Fantasy,3052,1999.0,Dogma,3.6455696202531644,79
3053,"Messenger: The Story of Joan of Arc, The (1999)",Drama|War,3053,1999.0,"Messenger: The Story of Joan of Arc, The",3.909090909090909,11
3054,Pokémon: The First Movie (1998),Adventure|Animation|Children|Fantasy|Sci-Fi,3054,1998.0,Pokémon: The First Movie,2.3125,8
3055,Felicia's Journey (1999),Thriller,3055,1999.0,Felicia's Journey,3.3333333333333335,3
3056,Oxygen (1999),Crime|Drama|Thriller,3056,1999.0,Oxygen,4.0,1
3057,Where's Marlowe? (1998),Comedy,3057,1998.0,Where's Marlowe?,4.0,1
3060,"Commitments, The (1991)",Comedy|Drama|Musical,3060,1991.0,"Commitments, The",3.8666666666666667,15
3061,Holiday Inn (1942),Comedy|Musical,3061,1942.0,Holiday Inn,3.625,8
3062,"Longest Day, The (1962)",Action|Drama|War,3062,1962.0,"Longest Day, The",4.0,11
3063,Poison Ivy (1992),Drama|Thriller,3063,1992.0,Poison Ivy,2.1666666666666665,6
3064,Poison Ivy: New Seduction (1997),Drama|Thriller,3064,1997.0,Poison Ivy: New Seduction,2.3333333333333335,3
3066,Tora! Tora! Tora! (1970),Action|Drama|War,3066,1970.0,Tora! Tora! Tora!,3.9285714285714284,7
3067,Women on the Verge of a Nervous Breakdown (Mujeres al borde de un ataque de nervios) (1988),Comedy|Drama,3067,1988.0,Women on the Verge of a Nervous Breakdown (Mujeres al borde de un ataque de nervios),3.55,10
3068,"Verdict, The (1982)",Drama|Mystery,3068,1982.0,"Verdict, The",4.357142857142857,7
3070,"Adventures of Buckaroo Banzai Across the 8th Dimension, The (1984)",Adventure|Comedy|Sci-Fi,3070,1984.0,"Adventures of Buckaroo Banzai Across the 8th Dimension, The",3.5476190476190474,21
3071,Stand and Deliver (1988),Comedy|Drama,3071,1988.0,Stand and Deliver,3.5,9
3072,Moonstruck (1987),Comedy|Romance,3072,1987.0,Moonstruck,3.5555555555555554,27
3073,"Sandpiper, The (1965)",Drama|Romance,3073,1965.0,"Sandpiper, The",5.0,1
3074,Jeremiah Johnson (1972),Western,3074,1972.0,Jeremiah Johnson,4.25,4
3075,Repulsion (1965),Drama|Horror,3075,1965.0,Repulsion,4.166666666666667,3
3076,Irma la Douce (1963),Comedy,3076,1963.0,Irma la Douce,3.625,4
3077,42 Up (1998),Documentary,3077,1998.0,42 Up,4.0,2
3078,Liberty Heights (1999),Drama,3078,1999.0,Liberty Heights,4.0,2
3079,Mansfield Park (1999),Comedy|Drama|Romance,3079,1999.0,Mansfield Park,3.0833333333333335,6
3081,Sleepy Hollow (1999),Fantasy|Horror|Mystery|Romance,3081,1999.0,Sleepy Hollow,3.475806451612903,62
3082,"World Is Not Enough, The (1999)",Action|Adventure|Thriller,3082,1999.0,"World Is Not Enough, The",3.3333333333333335,39
3083,All About My Mother (Todo sobre mi madre) (1999),Drama,3083,1999.0,All About My Mother (Todo sobre mi madre),4.157894736842105,19
3086,Babes in Toyland (1934),Children|Comedy|Fantasy|Musical,3086,1934.0,Babes in Toyland,5.0,1
3087,Scrooged (1988),Comedy|Fantasy|Romance,3087,1988.0,Scrooged,3.1666666666666665,24
3088,Harvey (1950),Comedy|Fantasy,3088,1950.0,Harvey,3.8333333333333335,12
3089,Bicycle Thieves (a.k.a. The Bicycle Thief) (a.k.a. The Bicycle Thieves) (Ladri di biciclette) (1948),Drama,3089,1948.0,Bicycle Thieves (a.k.a. The Bicycle Thief) (a.k.a. The Bicycle Thieves) (Ladri di biciclette),4.125,16
3090,Matewan (1987),Drama,3090,1987.0,Matewan,4.166666666666667,6
3091,Kagemusha (1980),Drama|War,3091,1980.0,Kagemusha,4.125,4
3093,McCabe & Mrs. Miller (1971),Drama|Western,3093,1971.0,McCabe & Mrs. Miller,3.75,4
3094,Maurice (1987),Drama|Romance,3094,1987.0,Maurice,4.0,2
3095,"Grapes of Wrath, The (1940)",Drama,3095,1940.0,"Grapes of Wrath, The",4.111111111111111,9
3096,My Man Godfrey (1957),Comedy,3096,1957.0,My Man Godfrey,5.0,1
3097,"Shop Around the Corner, The (1940)",Comedy|Drama|Romance,3097,1940.0,"Shop Around the Corner, The",3.6666666666666665,3
3098,"Natural, The (1984)",Drama,3098,1984.0,"Natural, The",3.6458333333333335,24
3099,Shampoo (1975),Comedy|Drama|Romance,3099,1975.0,Shampoo,3.0714285714285716,7
3100,"River Runs Through It, A (1992)",Drama,3100,1992.0,"River Runs Through It, A",3.9318181818181817,22
3101,Fatal Attraction (1987),Drama|Thriller,3101,1987.0,Fatal Attraction,3.0972222222222223,36
3102,Jagged Edge (1985),Crime|Romance|Thriller,3102,1985.0,Jagged Edge,3.5714285714285716,7
3103,Stanley & Iris (1990),Drama|Romance,3103,1990.0,Stanley & Iris,2.75,2
3104,Midnight Run (1988),Action|Comedy|Crime|Thriller,3104,1988.0,Midnight Run,3.6363636363636362,22
3105,Awakenings (1990),Drama|Mystery,3105,1990.0,Awakenings,3.6818181818181817,22
3106,Come See the Paradise (1990),Drama|Romance,3106,1990.0,Come See the Paradise,1.0,1
3107,Backdraft (1991),Action|Drama,3107,1991.0,Backdraft,3.3043478260869565,23
3108,"Fisher King, The (1991)",Comedy|Drama|Fantasy|Romance,3108,1991.0,"Fisher King, The",3.8055555555555554,36
3109,"River, The (1984)",Drama,3109,1984.0,"River, The",3.5,4
3111,Places in the Heart (1984),Drama,3111,1984.0,Places in the Heart,4.25,4
3112,'night Mother (1986),Drama,3112,1986.0,'night Mother,3.0,1
3113,End of Days (1999),Action|Fantasy|Horror|Mystery|Thriller,3113,1999.0,End of Days,2.7,15
3114,Toy Story 2 (1999),Adventure|Animation|Children|Comedy|Fantasy,3114,1999.0,Toy Story 2,3.8608247422680413,97
3115,Flawless (1999),Drama,3115,1999.0,Flawless,4.0,5
3117,Ride with the Devil (1999),Drama|Romance|War,3117,1999.0,Ride with the Devil,3.875,4
3120,"Distinguished Gentleman, The (1992)",Comedy,3120,1992.0,"Distinguished Gentleman, The",3.5,2
3125,"End of the Affair, The (1999)",Drama,3125,1999.0,"End of the Affair, The",4.0,1
3127,Holy Smoke (1999),Comedy|Drama,3127,1999.0,Holy Smoke,2.8333333333333335,3
3129,Sweet and Lowdown (1999),Comedy|Drama,3129,1999.0,Sweet and Lowdown,3.6666666666666665,3
3130,Bonfire of the Vanities (1990),Comedy|Crime|Drama,3130,1990.0,Bonfire of the Vanities,2.4,5
3132,Daddy Long Legs (1919),Comedy|Drama,3132,1919.0,Daddy Long Legs,2.0,1
3134,Grand Illusion (La grande illusion) (1937),Drama|War,3134,1937.0,Grand Illusion (La grande illusion),3.7142857142857144,7
3135,"Great Santini, The (1979)",Drama,3135,1979.0,"Great Santini, The",3.6666666666666665,3
3138,Stealing Home (1988),Drama,3138,1988.0,Stealing Home,3.0,2
3141,"Two Jakes, The (1990)",Drama,3141,1990.0,"Two Jakes, The",1.25,2
3142,U2: Rattle and Hum (1988),Documentary|Musical,3142,1988.0,U2: Rattle and Hum,3.25,4
3143,Hell in the Pacific (1968),Drama|War,3143,1968.0,Hell in the Pacific,3.0,1
3145,Cradle Will Rock (1999),Drama,3145,1999.0,Cradle Will Rock,3.1666666666666665,3
3146,Deuce Bigalow: Male Gigolo (1999),Comedy,3146,1999.0,Deuce Bigalow: Male Gigolo,2.323529411764706,17
3147,"Green Mile, The (1999)",Crime|Drama,3147,1999.0,"Green Mile, The",4.148648648648648,111
3148,"Cider House Rules, The (1999)",Drama,3148,1999.0,"Cider House Rules, The",3.75,26
3150,"War Zone, The (1999)",Drama|Thriller,3150,1999.0,"War Zone, The",3.25,2
3152,"Last Picture Show, The (1971)",Drama,3152,1971.0,"Last Picture Show, The",4.5,8
3153,"7th Voyage of Sinbad, The (1958)",Action|Adventure|Fantasy,3153,1958.0,"7th Voyage of Sinbad, The",4.4,5
3155,Anna and the King (1999),Drama|Romance,3155,1999.0,Anna and the King,3.6666666666666665,9
3156,Bicentennial Man (1999),Drama|Romance|Sci-Fi,3156,1999.0,Bicentennial Man,2.8,15
3157,Stuart Little (1999),Children|Comedy|Fantasy,3157,1999.0,Stuart Little,2.8421052631578947,19
3158,"Emperor and the Assassin, The (Jing ke ci qin wang) (1999)",Drama,3158,1999.0,"Emperor and the Assassin, The (Jing ke ci qin wang)",3.6666666666666665,3
3159,Fantasia 2000 (1999),Animation|Children|Musical|IMAX,3159,1999.0,Fantasia 2000,3.8333333333333335,15
3160,Magnolia (1999),Drama,3160,1999.0,Magnolia,3.7115384615384617,52
3161,Onegin (1999),Drama|Romance,3161,1999.0,Onegin,3.0,2
3162,Simpatico (1999),Comedy|Drama,3162,1999.0,Simpatico,3.0,1
3163,Topsy-Turvy (1999),Comedy|Drama|Musical,3163,1999.0,Topsy-Turvy,3.875,4
3165,Boiling Point (1993),Action|Drama,3165,1993.0,Boiling Point,3.0,2
3167,Carnal Knowledge (1971),Comedy|Drama,3167,1971.0,Carnal Knowledge,3.5,4
3168,Easy Rider (1969),Adventure|Drama,3168,1969.0,Easy Rider,3.603448275862069,29
3169,The Falcon and the Snowman (1985),Crime|Drama|Thriller,3169,1985.0,The Falcon and the Snowman,3.3,5
3171,Room at the Top (1959),Drama,3171,1959.0,Room at the Top,4.0,1
3173,Any Given Sunday (1999),Drama,3173,1999.0,Any Given Sunday,3.0,18
3174,Man on the Moon (1999),Comedy|Drama,3174,1999.0,Man on the Moon,3.4871794871794872,39
3175,Galaxy Quest (1999),Adventure|Comedy|Sci-Fi,3175,1999.0,Galaxy Quest,3.58,75
3176,"Talented Mr. Ripley, The (1999)",Drama|Mystery|Thriller,3176,1999.0,"Talented Mr. Ripley, The",3.336734693877551,49
3177,Next Friday (2000),Comedy,3177,2000.0,Next Friday,3.25,6
3178,"Hurricane, The (1999)",Drama,3178,1999.0,"Hurricane, The",3.53125,16
3179,Angela's Ashes (1999),Drama,3179,1999.0,Angela's Ashes,3.3333333333333335,3
3181,Titus (1999),Drama,3181,1999.0,Titus,3.9166666666666665,6
3182,"Mr. Death: The Rise and Fall of Fred A. Leuchter, Jr. (1999)",Documentary,3182,1999.0,"Mr. Death: The Rise and Fall of Fred A. Leuchter, Jr.",4.0,5
3183,"Third Miracle, The (1999)",Drama,3183,1999.0,"Third Miracle, The",3.0,1
3185,Snow Falling on Cedars (1999),Drama,3185,1999.0,Snow Falling on Cedars,3.3333333333333335,3
3186,"Girl, Interrupted (1999)",Drama,3186,1999.0,"Girl, Interrupted",3.4642857142857144,28
3189,My Dog Skip (1999),Children|Drama,3189,1999.0,My Dog Skip,3.5454545454545454,11
3190,Supernova (2000),Adventure|Sci-Fi|Thriller,3190,2000.0,Supernova,2.0,4
3192,"Terrorist, The (a.k.a. Malli) (Theeviravaathi) (1998)",Drama,3192,1998.0,"Terrorist, The (a.k.a. Malli) (Theeviravaathi)",3.0,1
3194,"Way We Were, The (1973)",Drama|Romance,3194,1973.0,"Way We Were, The",3.625,4
3196,Stalag 17 (1953),Drama|War,3196,1953.0,Stalag 17,3.7222222222222223,9
3197,"Presidio, The (1988)",Action|Crime|Romance|Thriller,3197,1988.0,"Presidio, The",2.857142857142857,7
3198,Papillon (1973),Crime|Drama,3198,1973.0,Papillon,3.9285714285714284,14
3200,"Last Detail, The (1973)",Comedy|Drama,3200,1973.0,"Last Detail, The",4.25,8
3201,Five Easy Pieces (1970),Drama,3201,1970.0,Five Easy Pieces,4.5,8
3203,Dead Calm (1989),Thriller,3203,1989.0,Dead Calm,3.1666666666666665,12
3204,"Boys from Brazil, The (1978)",Action|Mystery|Thriller,3204,1978.0,"Boys from Brazil, The",3.6875,8
3206,Against All Odds (1984),Romance,3206,1984.0,Against All Odds,2.3333333333333335,3
3208,Loaded Weapon 1 (National Lampoon's Loaded Weapon 1) (1993),Action|Comedy,3208,1993.0,Loaded Weapon 1 (National Lampoon's Loaded Weapon 1),2.1875,8
3210,Fast Times at Ridgemont High (1982),Comedy|Drama|Romance,3210,1982.0,Fast Times at Ridgemont High,3.4761904761904763,42
3211,"Cry in the Dark, A (1988)",Drama,3211,1988.0,"Cry in the Dark, A",3.75,2
3213,Batman: Mask of the Phantasm (1993),Animation|Children,3213,1993.0,Batman: Mask of the Phantasm,4.115384615384615,13
3214,American Flyers (1985),Drama,3214,1985.0,American Flyers,3.5,2
3217,"Star Is Born, A (1937)",Drama,3217,1937.0,"Star Is Born, A",3.5,3
3219,Pacific Heights (1990),Mystery|Thriller,3219,1990.0,Pacific Heights,3.1923076923076925,13
3221,"Draughtsman's Contract, The (1982)",Drama,3221,1982.0,"Draughtsman's Contract, The",3.7,5
3223,"Zed & Two Noughts, A (1985)",Drama,3223,1985.0,"Zed & Two Noughts, A",3.0,2
3224,Woman in the Dunes (Suna no onna) (1964),Drama,3224,1964.0,Woman in the Dunes (Suna no onna),4.75,4
3225,Down to You (2000),Comedy|Romance,3225,2000.0,Down to You,2.0,4
3230,"Odessa File, The (1974)",Thriller,3230,1974.0,"Odessa File, The",3.875,4
3235,Where the Buffalo Roam (1980),Comedy,3235,1980.0,Where the Buffalo Roam,3.6666666666666665,3
3238,Eye of the Beholder (1999),Thriller,3238,1999.0,Eye of the Beholder,1.5833333333333333,6
3240,"Big Tease, The (1999)",Comedy,3240,1999.0,"Big Tease, The",3.25,2
3241,"Cup, The (Phörpa) (1999)",Comedy,3241,1999.0,"Cup, The (Phörpa)",4.5,2
3243,Encino Man (1992),Comedy,3243,1992.0,Encino Man,2.4,15
3244,"Goodbye Girl, The (1977)",Comedy|Romance,3244,1977.0,"Goodbye Girl, The",3.7083333333333335,12
3246,Malcolm X (1992),Drama,3246,1992.0,Malcolm X,4.166666666666667,15
3247,Sister Act (1992),Comedy|Crime,3247,1992.0,Sister Act,3.0277777777777777,36
3248,Sister Act 2: Back in the Habit (1993),Comedy,3248,1993.0,Sister Act 2: Back in the Habit,1.8928571428571428,14
3249,"Hand That Rocks the Cradle, The (1992)",Drama|Thriller,3249,1992.0,"Hand That Rocks the Cradle, The",3.111111111111111,9
3250,Alive (1993),Drama,3250,1993.0,Alive,3.1666666666666665,9
3251,Agnes of God (1985),Drama|Mystery,3251,1985.0,Agnes of God,3.7,5
3252,Scent of a Woman (1992),Drama,3252,1992.0,Scent of a Woman,3.5925925925925926,27
3253,Wayne's World (1992),Comedy,3253,1992.0,Wayne's World,3.4754098360655736,61
3254,Wayne's World 2 (1993),Comedy,3254,1993.0,Wayne's World 2,3.2962962962962963,27
3255,"League of Their Own, A (1992)",Comedy|Drama,3255,1992.0,"League of Their Own, A",3.466666666666667,45
3256,Patriot Games (1992),Action|Crime|Drama|Thriller,3256,1992.0,Patriot Games,3.5161290322580645,31
3257,"Bodyguard, The (1992)",Drama|Romance|Thriller,3257,1992.0,"Bodyguard, The",2.859375,32
3258,Death Becomes Her (1992),Comedy|Fantasy,3258,1992.0,Death Becomes Her,2.8666666666666667,15
3259,Far and Away (1992),Adventure|Drama|Romance,3259,1992.0,Far and Away,3.1363636363636362,11
3260,Howards End (1992),Drama,3260,1992.0,Howards End,4.0,12
3261,Singles (1992),Comedy|Drama|Romance,3261,1992.0,Singles,3.1818181818181817,11
3262,Twin Peaks: Fire Walk with Me (1992),Crime|Drama|Mystery|Thriller,3262,1992.0,Twin Peaks: Fire Walk with Me,3.409090909090909,11
3263,White Men Can't Jump (1992),Comedy|Drama,3263,1992.0,White Men Can't Jump,3.0454545454545454,22
3264,Buffy the Vampire Slayer (1992),Action|Comedy|Horror,3264,1992.0,Buffy the Vampire Slayer,2.423076923076923,26
3265,Hard-Boiled (Lat sau san taam) (1992),Action|Crime|Drama|Thriller,3265,1992.0,Hard-Boiled (Lat sau san taam),4.0,9
3266,Man Bites Dog (C'est arrivé près de chez vous) (1992),Comedy|Crime|Drama|Thriller,3266,1992.0,Man Bites Dog (C'est arrivé près de chez vous),4.5,6
3267,"Mariachi, El (1992)",Action|Crime|Thriller|Western,3267,1992.0,"Mariachi, El",3.5555555555555554,18
3268,Stop! Or My Mom Will Shoot (1992),Action|Comedy,3268,1992.0,Stop! Or My Mom Will Shoot,1.7727272727272727,11
3269,Forever Young (1992),Drama|Romance|Sci-Fi,3269,1992.0,Forever Young,2.8518518518518516,27
3270,"Cutting Edge, The (1992)",Comedy|Drama|Romance,3270,1992.0,"Cutting Edge, The",2.7916666666666665,12
3271,Of Mice and Men (1992),Drama,3271,1992.0,Of Mice and Men,3.676470588235294,17
3272,Bad Lieutenant (1992),Crime|Drama,3272,1992.0,Bad Lieutenant,3.4375,8
3273,Scream 3 (2000),Comedy|Horror|Mystery|Thriller,3273,2000.0,Scream 3,2.6724137931034484,29
3274,Single White Female (1992),Drama|Thriller,3274,1992.0,Single White Female,3.375,12
3275,"Boondock Saints, The (2000)",Action|Crime|Drama|Thriller,3275,2000.0,"Boondock Saints, The",4.22093023255814,43
3276,Gun Shy (2000),Comedy,3276,2000.0,Gun Shy,1.0,1
3280,"Baby, The (1973)",Horror,3280,1973.0,"Baby, The",1.5,1
3281,"Brandon Teena Story, The (1998)",Documentary,3281,1998.0,"Brandon Teena Story, The",2.0,1
3283,Minnie and Moskowitz (1971),Action,3283,1971.0,Minnie and Moskowitz,3.25,2
3284,They Might Be Giants (1971),Comedy|Mystery|Romance,3284,1971.0,They Might Be Giants,3.0,1
3285,"Beach, The (2000)",Adventure|Drama,3285,2000.0,"Beach, The",3.0625,32
3286,Snow Day (2000),Comedy,3286,2000.0,Snow Day,2.3,5
3287,"Tigger Movie, The (2000)",Animation|Children,3287,2000.0,"Tigger Movie, The",3.1666666666666665,3
3289,Not One Less (Yi ge dou bu neng shao) (1999),Drama,3289,1999.0,Not One Less (Yi ge dou bu neng shao),4.5,1
3294,Eaten Alive (1977),Horror,3294,1977.0,Eaten Alive,1.5,1
3295,Raining Stones (1993),Drama,3295,1993.0,Raining Stones,4.0,1
3296,To Sir with Love (1967),Drama,3296,1967.0,To Sir with Love,4.071428571428571,7
3298,Boiler Room (2000),Crime|Drama|Thriller,3298,2000.0,Boiler Room,3.7142857142857144,21
3299,Hanging Up (2000),Comedy|Drama,3299,2000.0,Hanging Up,2.6666666666666665,3
3300,Pitch Black (2000),Horror|Sci-Fi|Thriller,3300,2000.0,Pitch Black,3.5641025641025643,39
3301,"Whole Nine Yards, The (2000)",Comedy|Crime,3301,2000.0,"Whole Nine Yards, The",3.5238095238095237,42
3302,Beautiful People (1999),Comedy,3302,1999.0,Beautiful People,4.75,2
3303,Black Tar Heroin: The Dark End of the Street (2000),Documentary,3303,2000.0,Black Tar Heroin: The Dark End of the Street,5.0,1
3306,"Circus, The (1928)",Comedy,3306,1928.0,"Circus, The",4.125,4
3307,City Lights (1931),Comedy|Drama|Romance,3307,1931.0,City Lights,3.8461538461538463,13
3308,"Flamingo Kid, The (1984)",Comedy|Drama,3308,1984.0,"Flamingo Kid, The",2.857142857142857,7
3310,"Kid, The (1921)",Comedy|Drama,3310,1921.0,"Kid, The",4.1,5
3313,Class Reunion (1982),Comedy,3313,1982.0,Class Reunion,1.5,2
3315,Happy Go Lovely (1951),Musical,3315,1951.0,Happy Go Lovely,4.5,1
3316,Reindeer Games (2000),Action|Thriller,3316,2000.0,Reindeer Games,2.4615384615384617,13
3317,Wonder Boys (2000),Comedy|Drama,3317,2000.0,Wonder Boys,3.659090909090909,22
3323,Chain of Fools (2000),Comedy|Crime,3323,2000.0,Chain of Fools,4.0,1
3324,Drowning Mona (2000),Comedy,3324,2000.0,Drowning Mona,1.3333333333333333,3
3325,"Next Best Thing, The (2000)",Comedy|Drama,3325,2000.0,"Next Best Thing, The",2.1666666666666665,3
3326,What Planet Are You From? (2000),Comedy|Sci-Fi,3326,2000.0,What Planet Are You From?,3.1666666666666665,3
3327,Beyond the Mat (1999),Documentary,3327,1999.0,Beyond the Mat,3.7,5
3328,Ghost Dog: The Way of the Samurai (1999),Crime|Drama,3328,1999.0,Ghost Dog: The Way of the Samurai,4.052631578947368,19
3329,The Year My Voice Broke (1987),Drama|Romance,3329,1987.0,The Year My Voice Broke,4.0,1
3330,Splendor in the Grass (1961),Drama|Romance,3330,1961.0,Splendor in the Grass,4.25,2
3331,My Tutor (1983),Drama,3331,1983.0,My Tutor,2.0,1
3334,Key Largo (1948),Crime|Drama|Film-Noir|Thriller,3334,1948.0,Key Largo,4.2,10
3338,For All Mankind (1989),Documentary,3338,1989.0,For All Mankind,0.0,0
3341,Born Yesterday (1950),Comedy,3341,1950.0,Born Yesterday,4.285714285714286,7
3342,Birdy (1984),Drama|War,3342,1984.0,Birdy,3.5,5
3344,Blood Feast (1963),Horror,3344,1963.0,Blood Feast,4.0,1
3345,"Charlie, the Lonesome Cougar (1967)",Adventure|Children,3345,1967.0,"Charlie, the Lonesome Cougar",3.0,1
3347,Never Cry Wolf (1983),Adventure|Drama,3347,1983.0,Never Cry Wolf,4.166666666666667,9
3350,"Raisin in the Sun, A (1961)",Drama,3350,1961.0,"Raisin in the Sun, A",3.8333333333333335,3
3353,"Closer You Get, The (2000)",Comedy|Romance,3353,2000.0,"Closer You Get, The",4.5,1
3354,Mission to Mars (2000),Sci-Fi,3354,2000.0,Mission to Mars,2.6904761904761907,21
3355,"Ninth Gate, The (1999)",Fantasy|Horror|Mystery|Thriller,3355,1999.0,"Ninth Gate, The",3.2,15
3357,East-West (Est-ouest) (1999),Drama|Romance,3357,1999.0,East-West (Est-ouest),4.0,1
3358,Defending Your Life (1991),Comedy|Drama|Fantasy|Romance,3358,1991.0,Defending Your Life,3.85,10
3359,Breaking Away (1979),Comedy|Drama,3359,1979.0,Breaking Away,4.090909090909091,11
3360,Hoosiers (a.k.a. Best Shot) (1986),Drama|Romance,3360,1986.0,Hoosiers (a.k.a. Best Shot),3.7045454545454546,22
3361,Bull Durham (1988),Comedy|Drama|Romance,3361,1988.0,Bull Durham,3.6714285714285713,35
3362,Dog Day Afternoon (1975),Crime|Drama,3362,1975.0,Dog Day Afternoon,3.9342105263157894,38
3363,American Graffiti (1973),Comedy|Drama,3363,1973.0,American Graffiti,3.8488372093023258,43
3364,"Asphalt Jungle, The (1950)",Crime|Film-Noir,3364,1950.0,"Asphalt Jungle, The",3.6666666666666665,3
3365,"Searchers, The (1956)",Drama|Western,3365,1956.0,"Searchers, The",4.071428571428571,7
3368,"Big Country, The (1958)",Romance|Western,3368,1958.0,"Big Country, The",3.25,2
3370,Betrayed (1988),Drama|Thriller,3370,1988.0,Betrayed,2.5,2
3372,"Bridge at Remagen, The (1969)",Action|War,3372,1969.0,"Bridge at Remagen, The",4.0,2
3374,Daughters of the Dust (1991),Drama,3374,1991.0,Daughters of the Dust,4.0,1
3378,"Ogre, The (Unhold, Der) (1996)",Drama,3378,1996.0,"Ogre, The (Unhold, Der)",4.0,1
3379,On the Beach (1959),Drama,3379,1959.0,On the Beach,4.5,1
3384,"Taking of Pelham One Two Three, The (1974)",Action|Crime,3384,1974.0,"Taking of Pelham One Two Three, The",4.5,4
3385,Volunteers (1985),Comedy,3385,1985.0,Volunteers,2.8125,8
3386,JFK (1991),Drama|Mystery|Thriller,3386,1991.0,JFK,3.5,31
3387,Who's Harry Crumb? (1989),Comedy|Mystery,3387,1989.0,Who's Harry Crumb?,2.857142857142857,7
3388,Harry and the Hendersons (1987),Children|Comedy,3388,1987.0,Harry and the Hendersons,2.5454545454545454,11
3389,Let's Get Harry (1986),Action|Adventure,3389,1986.0,Let's Get Harry,2.0,1
3390,Shanghai Surprise (1986),Adventure|Crime|Drama|Romance,3390,1986.0,Shanghai Surprise,2.0,1
3391,Who's That Girl? (1987),Comedy,3391,1987.0,Who's That Girl?,2.5,2
3392,She-Devil (1989),Comedy,3392,1989.0,She-Devil,2.3333333333333335,6
3393,Date with an Angel (1987),Comedy|Fantasy|Romance,3393,1987.0,Date with an Angel,1.3333333333333333,3
3394,Blind Date (1987),Comedy|Romance,3394,1987.0,Blind Date,2.357142857142857,7
3395,Nadine (1987),Comedy,3395,1987.0,Nadine,3.0,3
3396,"Muppet Movie, The (1979)",Adventure|Children|Comedy|Musical,3396,1979.0,"Muppet Movie, The",3.590909090909091,33
3397,"Great Muppet Caper, The (1981)",Children|Comedy,3397,1981.0,"Great Muppet Caper, The",3.4545454545454546,11
3398,"Muppets Take Manhattan, The (1984)",Children|Comedy|Musical,3398,1984.0,"Muppets Take Manhattan, The",3.3333333333333335,15
3400,We're Back! A Dinosaur's Story (1993),Adventure|Animation|Children|Fantasy,3400,1993.0,We're Back! A Dinosaur's Story,3.0,1
3401,Baby... Secret of the Lost Legend (1985),Adventure|Sci-Fi,3401,1985.0,Baby... Secret of the Lost Legend,2.2,5
3402,Turtle Diary (1985),Comedy|Drama|Romance,3402,1985.0,Turtle Diary,4.0,2
3403,Raise the Titanic (1980),Drama|Thriller,3403,1980.0,Raise the Titanic,4.0,1
3404,Titanic (1953),Action|Drama,3404,1953.0,Titanic,3.5833333333333335,6
3405,"Night to Remember, A (1958)",Action|Drama,3405,1958.0,"Night to Remember, A",3.0,1
3406,Captain Horatio Hornblower R.N. (1951),Action|Adventure|Drama|War,3406,1951.0,Captain Horatio Hornblower R.N.,3.0,3
3408,Erin Brockovich (2000),Drama,3408,2000.0,Erin Brockovich,3.5285714285714285,70
3409,Final Destination (2000),Drama|Thriller,3409,2000.0,Final Destination,2.9285714285714284,35
3410,Soft Fruit (1999),Comedy|Drama,3410,1999.0,Soft Fruit,4.0,1
3412,"Bear, The (Ours, L') (1988)",Adventure|Children|Drama,3412,1988.0,"Bear, The (Ours, L')",3.4166666666666665,6
3414,Love Is a Many-Splendored Thing (1955),Drama|Romance|War,3414,1955.0,Love Is a Many-Splendored Thing,4.0,1
3415,"Mirror, The (Zerkalo) (1975)",Drama,3415,1975.0,"Mirror, The (Zerkalo)",4.166666666666667,3
3417,"Crimson Pirate, The (1952)",Adventure|Comedy,3417,1952.0,"Crimson Pirate, The",3.0,1
3418,Thelma & Louise (1991),Adventure|Crime|Drama,3418,1991.0,Thelma & Louise,3.4634146341463414,41
3420,...And Justice for All (1979),Drama|Thriller,3420,1979.0,...And Justice for All,3.1666666666666665,3
3421,Animal House (1978),Comedy,3421,1978.0,Animal House,3.693548387096774,62
3422,She's Gotta Have It (1986),Comedy|Romance,3422,1986.0,She's Gotta Have It,3.3333333333333335,6
3423,School Daze (1988),Drama,3423,1988.0,School Daze,2.1666666666666665,3
3424,Do the Right Thing (1989),Drama,3424,1989.0,Do the Right Thing,4.037037037037037,27
3425,Mo' Better Blues (1990),Drama|Musical,3425,1990.0,Mo' Better Blues,3.4,5
3426,Jungle Fever (1991),Drama|Romance,3426,1991.0,Jungle Fever,3.0714285714285716,7
3428,"Champ, The (1979)",Drama,3428,1979.0,"Champ, The",3.0,1
3429,Creature Comforts (1989),Animation|Comedy,3429,1989.0,Creature Comforts,4.25,12
3430,Death Wish (1974),Action|Crime|Drama,3430,1974.0,Death Wish,3.0,4
3431,Death Wish 2 (1982),Action|Drama,3431,1982.0,Death Wish 2,1.6666666666666667,3
3432,Death Wish 3 (1985),Action|Drama,3432,1985.0,Death Wish 3,1.5,2
3433,Death Wish 4: The Crackdown (1987),Action|Drama,3433,1987.0,Death Wish 4: The Crackdown,1.0,1
3434,Death Wish 5: The Face of Death (1994),Action|Drama,3434,1994.0,Death Wish 5: The Face of Death,1.0,1
3435,Double Indemnity (1944),Crime|Drama|Film-Noir,3435,1944.0,Double Indemnity,4.323529411764706,17
3436,Dying Young (1991),Drama|Romance,3436,1991.0,Dying Young,3.75,4
3438,Teenage Mutant Ninja Turtles (1990),Action|Children|Comedy|Fantasy|Sci-Fi,3438,1990.0,Teenage Mutant Ninja Turtles,3.0,25
3439,Teenage Mutant Ninja Turtles II: The Secret of the Ooze (1991),Action|Children|Fantasy,3439,1991.0,Teenage Mutant Ninja Turtles II: The Secret of the Ooze,2.6923076923076925,13
3440,Teenage Mutant Ninja Turtles III (1993),Action|Adventure|Children|Comedy|Fantasy,3440,1993.0,Teenage Mutant Ninja Turtles III,2.0714285714285716,14
3441,Red Dawn (1984),Action|Drama|War,3441,1984.0,Red Dawn,3.4285714285714284,14
3442,Band of the Hand (1986),Action|Crime|Drama,3442,1986.0,Band of the Hand,1.0,1
3444,Bloodsport (1988),Action,3444,1988.0,Bloodsport,2.9444444444444446,9
3445,Eyes of Laura Mars (1978),Mystery|Thriller,3445,1978.0,Eyes of Laura Mars,3.5,4
3446,Funny Bones (1995),Comedy|Drama,3446,1995.0,Funny Bones,2.75,2
3447,"Good Earth, The (1937)",Drama,3447,1937.0,"Good Earth, The",4.0,2
3448,"Good Morning, Vietnam (1987)",Comedy|Drama|War,3448,1987.0,"Good Morning, Vietnam",3.802325581395349,43
3449,"Good Mother, The (1988)",Drama,3449,1988.0,"Good Mother, The",4.0,1
3450,Grumpy Old Men (1993),Comedy,3450,1993.0,Grumpy Old Men,3.293103448275862,29
3451,Guess Who's Coming to Dinner (1967),Drama,3451,1967.0,Guess Who's Coming to Dinner,4.545454545454546,11
3452,Romeo Must Die (2000),Action|Crime|Romance|Thriller,3452,2000.0,Romeo Must Die,3.0833333333333335,18
3453,Here on Earth (2000),Drama|Romance,3453,2000.0,Here on Earth,3.0,2
3454,Whatever It Takes (2000),Comedy|Romance,3454,2000.0,Whatever It Takes,2.25,2
3455,Buddy Boy (1999),Drama|Thriller,3455,1999.0,Buddy Boy,2.5,1
3456,"Color of Paradise, The (Rang-e khoda) (1999)",Drama,3456,1999.0,"Color of Paradise, The (Rang-e khoda)",0.0,0
3459,Gothic (1986),Drama|Horror,3459,1986.0,Gothic,4.0,1
3461,Lord of the Flies (1963),Adventure|Drama|Thriller,3461,1963.0,Lord of the Flies,3.0384615384615383,13
3462,Modern Times (1936),Comedy|Drama|Romance,3462,1936.0,Modern Times,3.72,25
3466,Heart and Souls (1993),Comedy|Fantasy,3466,1993.0,Heart and Souls,3.0,8
3467,Hud (1963),Drama|Western,3467,1963.0,Hud,3.75,4
3468,"Hustler, The (1961)",Drama,3468,1961.0,"Hustler, The",4.333333333333333,18
3469,Inherit the Wind (1960),Drama,3469,1960.0,Inherit the Wind,4.083333333333333,6
3470,Dersu Uzala (1975),Adventure|Drama,3470,1975.0,Dersu Uzala,4.3,5
3471,Close Encounters of the Third Kind (1977),Adventure|Drama|Sci-Fi,3471,1977.0,Close Encounters of the Third Kind,3.7416666666666667,60
3473,Jonah Who Will Be 25 in the Year 2000 (Jonas qui aura 25 ans en l'an 2000) (1976),Comedy,3473,1976.0,Jonah Who Will Be 25 in the Year 2000 (Jonas qui aura 25 ans en l'an 2000),5.0,2
3474,Retroactive (1997),Sci-Fi|Thriller,3474,1997.0,Retroactive,4.0,1
3475,"Place in the Sun, A (1951)",Drama|Romance,3475,1951.0,"Place in the Sun, A",4.5,2
3476,Jacob's Ladder (1990),Horror|Mystery,3476,1990.0,Jacob's Ladder,3.5576923076923075,26
3477,Empire Records (1995),Comedy|Drama,3477,1995.0,Empire Records,3.3846153846153846,13
3478,"Bamba, La (1987)",Drama,3478,1987.0,"Bamba, La",2.7857142857142856,7
3479,Ladyhawke (1985),Adventure|Fantasy|Romance,3479,1985.0,Ladyhawke,3.3333333333333335,18
3480,Lucas (1986),Drama|Romance,3480,1986.0,Lucas,3.3333333333333335,3
3481,High Fidelity (2000),Comedy|Drama|Romance,3481,2000.0,High Fidelity,3.6666666666666665,75
3483,"Road to El Dorado, The (2000)",Animation|Children,3483,2000.0,"Road to El Dorado, The",3.1153846153846154,13
3484,"Skulls, The (2000)",Thriller,3484,2000.0,"Skulls, The",2.75,10
3489,Hook (1991),Adventure|Comedy|Fantasy,3489,1991.0,Hook,3.358490566037736,53
3492,"Son of the Sheik, The (1926)",Adventure|Comedy|Romance,3492,1926.0,"Son of the Sheik, The",4.0,1
3494,True Grit (1969),Adventure|Drama|Western,3494,1969.0,True Grit,4.0,6
3496,Madame Sousatzka (1988),Drama,3496,1988.0,Madame Sousatzka,5.0,1
3497,Max Dugan Returns (1983),Comedy,3497,1983.0,Max Dugan Returns,2.5,4
3498,Midnight Express (1978),Drama,3498,1978.0,Midnight Express,4.0,8
3499,Misery (1990),Drama|Horror|Thriller,3499,1990.0,Misery,3.840909090909091,44
3500,Mr. Saturday Night (1992),Comedy|Drama,3500,1992.0,Mr. Saturday Night,3.0,4
3501,Murphy's Romance (1985),Comedy|Romance,3501,1985.0,Murphy's Romance,2.3,5
3502,My Life (1993),Drama,3502,1993.0,My Life,3.5,3
3503,Solaris (Solyaris) (1972),Drama|Mystery|Sci-Fi,3503,1972.0,Solaris (Solyaris),4.090909090909091,11
3504,Network (1976),Comedy|Drama,3504,1976.0,Network,4.0227272727272725,22
3505,No Way Out (1987),Drama|Mystery|Thriller,3505,1987.0,No Way Out,3.7222222222222223,9
3506,North Dallas Forty (1979),Comedy|Drama,3506,1979.0,North Dallas Forty,3.0,5
3507,"Odd Couple, The (1968)",Comedy,3507,1968.0,"Odd Couple, The",4.066666666666666,15
3508,"Outlaw Josey Wales, The (1976)",Action|Adventure|Drama|Thriller|Western,3508,1976.0,"Outlaw Josey Wales, The",4.25,18
3510,Frequency (2000),Drama|Thriller,3510,2000.0,Frequency,3.4166666666666665,36
3511,Ready to Rumble (2000),Comedy,3511,2000.0,Ready to Rumble,2.25,6
3512,Return to Me (2000),Drama|Romance,3512,2000.0,Return to Me,3.5625,8
3513,Rules of Engagement (2000),Drama|Thriller,3513,2000.0,Rules of Engagement,3.0714285714285716,7
3514,Joe Gould's Secret (2000),Drama,3514,2000.0,Joe Gould's Secret,3.0,1
3515,Me Myself I (2000),Comedy|Romance,3515,2000.0,Me Myself I,3.611111111111111,9
3516,"Bell, Book and Candle (1958)",Comedy|Fantasy|Romance,3516,1958.0,"Bell, Book and Candle",3.375,4
3519,Force 10 from Navarone (1978),Action|Drama|War,3519,1978.0,Force 10 from Navarone,2.9166666666666665,6
3521,Mystery Train (1989),Comedy|Drama,3521,1989.0,Mystery Train,3.4285714285714284,7
3524,Arthur (1981),Comedy|Romance,3524,1981.0,Arthur,2.8,10
3525,Bachelor Party (1984),Comedy,3525,1984.0,Bachelor Party,2.9,5
3526,Parenthood (1989),Comedy|Drama,3526,1989.0,Parenthood,3.7,15
3527,Predator (1987),Action|Sci-Fi|Thriller,3527,1987.0,Predator,3.581967213114754,61
3528,"Prince of Tides, The (1991)",Drama|Romance,3528,1991.0,"Prince of Tides, The",3.4,5
3529,"Postman Always Rings Twice, The (1981)",Crime|Thriller,3529,1981.0,"Postman Always Rings Twice, The",3.5,5
3531,All the Vermeers in New York (1990),Comedy|Drama|Romance,3531,1990.0,All the Vermeers in New York,5.0,1
3534,28 Days (2000),Drama,3534,2000.0,28 Days,3.3,25
3535,American Psycho (2000),Crime|Horror|Mystery|Thriller,3535,2000.0,American Psycho,3.788135593220339,59
3536,Keeping the Faith (2000),Comedy|Drama|Romance,3536,2000.0,Keeping the Faith,3.4523809523809526,21
3537,Where the Money Is (2000),Comedy|Drama,3537,2000.0,Where the Money Is,3.3333333333333335,3
3538,East is East (1999),Comedy,3538,1999.0,East is East,3.2,5
3539,"Filth and the Fury, The (2000)",Documentary,3539,2000.0,"Filth and the Fury, The",3.25,2
3543,Diner (1982),Comedy|Drama,3543,1982.0,Diner,3.75,14
3544,Shakes the Clown (1992),Comedy,3544,1992.0,Shakes the Clown,2.3333333333333335,3
3545,Cabaret (1972),Drama|Musical,3545,1972.0,Cabaret,3.0,5
3546,What Ever Happened to Baby Jane? (1962),Drama|Horror|Thriller,3546,1962.0,What Ever Happened to Baby Jane?,4.5,2
3548,Auntie Mame (1958),Comedy|Drama,3548,1958.0,Auntie Mame,3.7,5
3549,Guys and Dolls (1955),Comedy|Musical|Romance,3549,1955.0,Guys and Dolls,3.9375,8
3550,The Hunger (1983),Horror,3550,1983.0,The Hunger,3.6666666666666665,6
3551,Marathon Man (1976),Crime|Drama|Thriller,3551,1976.0,Marathon Man,3.4615384615384617,13
3552,Caddyshack (1980),Comedy,3552,1980.0,Caddyshack,3.826923076923077,52
3553,Gossip (2000),Drama|Thriller,3553,2000.0,Gossip,2.4,5
3554,Love and Basketball (2000),Drama|Romance,3554,2000.0,Love and Basketball,3.0,3
3555,U-571 (2000),Action|Thriller|War,3555,2000.0,U-571,3.4242424242424243,33
3556,"Virgin Suicides, The (1999)",Drama|Romance,3556,1999.0,"Virgin Suicides, The",3.769230769230769,26
3557,Jennifer 8 (1992),Mystery|Thriller,3557,1992.0,Jennifer 8,2.9,5
3559,Limelight (1952),Comedy|Drama|Romance,3559,1952.0,Limelight,3.6666666666666665,3
3563,"Crow: Salvation, The (2000)",Action|Horror,3563,2000.0,"Crow: Salvation, The",2.5,3
3564,"Flintstones in Viva Rock Vegas, The (2000)",Children|Comedy,3564,2000.0,"Flintstones in Viva Rock Vegas, The",1.625,12
3565,Where the Heart Is (2000),Comedy|Drama,3565,2000.0,Where the Heart Is,3.5,7
3566,"Big Kahuna, The (2000)",Comedy|Drama,3566,2000.0,"Big Kahuna, The",2.875,8
3567,Bossa Nova (2000),Comedy|Drama|Romance,3567,2000.0,Bossa Nova,5.0,1
3568,Smiling Fish and Goat on Fire (1999),Comedy|Romance,3568,1999.0,Smiling Fish and Goat on Fire,4.0,1
3569,"Idiots, The (Idioterne) (1998)",Comedy|Drama,3569,1998.0,"Idiots, The (Idioterne)",4.0,2
3571,Time Code (2000),Comedy|Drama,3571,2000.0,Time Code,3.0,2
3572,Carnosaur (1993),Horror|Sci-Fi,3572,1993.0,Carnosaur,2.0,4
3573,Carnosaur 2 (1995),Horror|Sci-Fi,3573,1995.0,Carnosaur 2,1.5,2
3574,Carnosaur 3: Primal Species (1996),Horror|Sci-Fi,3574,1996.0,Carnosaur 3: Primal Species,1.0,1
3576,"Hidden, The (1987)",Action|Horror|Sci-Fi,3576,1987.0,"Hidden, The",3.5,4
3577,Two Moon Junction (1988),Drama|Romance,3577,1988.0,Two Moon Junction,2.0,2
3578,Gladiator (2000),Action|Adventure|Drama,3578,2000.0,Gladiator,3.9382352941176473,170
3580,Up at the Villa (2000),Drama,3580,2000.0,Up at the Villa,3.5,2
3581,Human Traffic (1999),Comedy,3581,1999.0,Human Traffic,3.5,2
3584,Breathless (1983),Action|Drama|Romance|Thriller,3584,1983.0,Breathless,2.0,4
3586,The Idolmaker (1980),Drama|Romance,3586,1980.0,The Idolmaker,4.0,1
3587,Inferno (1980),Horror,3587,1980.0,Inferno,2.5,2
3590,"Lords of Flatbush, The (1974)",Comedy|Drama,3590,1974.0,"Lords of Flatbush, The",2.0,1
3591,Mr. Mom (1983),Comedy|Drama,3591,1983.0,Mr. Mom,2.7333333333333334,15
3592,"Time Masters (Maîtres du temps, Les) (1982)",Animation|Sci-Fi,3592,1982.0,"Time Masters (Maîtres du temps, Les)",4.5,1
3593,Battlefield Earth (2000),Action|Sci-Fi,3593,2000.0,Battlefield Earth,1.6578947368421053,19
3594,Center Stage (2000),Drama|Musical,3594,2000.0,Center Stage,3.25,6
3596,Screwed (2000),Comedy,3596,2000.0,Screwed,1.0,1
3597,Whipped (2000),Comedy,3597,2000.0,Whipped,2.0,2
3598,Hamlet (2000),Crime|Drama|Romance|Thriller,3598,2000.0,Hamlet,3.0,3
3599,Anchors Aweigh (1945),Comedy|Musical,3599,1945.0,Anchors Aweigh,3.2,5
3604,Gypsy (1962),Musical,3604,1962.0,Gypsy,0.5,1
3606,On the Town (1949),Comedy|Musical|Romance,3606,1949.0,On the Town,3.75,4
3608,Pee-wee's Big Adventure (1985),Adventure|Comedy,3608,1985.0,Pee-wee's Big Adventure,2.94,25
3609,Regret to Inform (1998),Documentary,3609,1998.0,Regret to Inform,3.5,1
3614,Honeymoon in Vegas (1992),Comedy|Romance,3614,1992.0,Honeymoon in Vegas,2.9375,8
3615,Dinosaur (2000),Adventure|Animation|Children,3615,2000.0,Dinosaur,3.107142857142857,14
3616,Loser (2000),Comedy|Romance,3616,2000.0,Loser,3.3,10
3617,Road Trip (2000),Comedy,3617,2000.0,Road Trip,3.0853658536585367,41
3618,Small Time Crooks (2000),Comedy|Crime,3618,2000.0,Small Time Crooks,3.5416666666666665,12
3619,"Hollywood Knights, The (1980)",Comedy,3619,1980.0,"Hollywood Knights, The",2.0,1
3622,"Twelve Chairs, The (1970)",Comedy,3622,1970.0,"Twelve Chairs, The",3.0,1
3623,Mission: Impossible II (2000),Action|Adventure|Thriller,3623,2000.0,Mission: Impossible II,2.7142857142857144,77
3624,Shanghai Noon (2000),Action|Adventure|Comedy|Western,3624,2000.0,Shanghai Noon,3.1511627906976742,43
3625,Better Living Through Circuitry (1999),Documentary,3625,1999.0,Better Living Through Circuitry,2.0,1
3626,8 ½ Women (a.k.a. 8 1/2 Women) (a.k.a. Eight and a Half Women) (1999),Comedy,3626,1999.0,8 ½ Women (a.k.a. 8 1/2 Women) (a.k.a. Eight and a Half Women),3.3333333333333335,3
3627,Carnival of Souls (1962),Horror|Thriller,3627,1962.0,Carnival of Souls,3.875,4
3628,Flying Tigers (1942),Action|Drama|Romance|War,3628,1942.0,Flying Tigers,3.0,2
3629,"Gold Rush, The (1925)",Adventure|Comedy|Romance,3629,1925.0,"Gold Rush, The",4.071428571428571,7
3632,Monsieur Verdoux (1947),Comedy|Crime,3632,1947.0,Monsieur Verdoux,4.0,5
3633,On Her Majesty's Secret Service (1969),Action|Adventure|Romance|Thriller,3633,1969.0,On Her Majesty's Secret Service,3.264705882352941,17
3634,Seven Days in May (1964),Thriller,3634,1964.0,Seven Days in May,4.0,1
3635,"Spy Who Loved Me, The (1977)",Action|Adventure|Thriller,3635,1977.0,"Spy Who Loved Me, The",3.4444444444444446,18
3637,Vagabond (Sans toit ni loi) (1985),Drama,3637,1985.0,Vagabond (Sans toit ni loi),5.0,1
3638,Moonraker (1979),Action|Adventure|Sci-Fi|Thriller,3638,1979.0,Moonraker,3.1346153846153846,26
3639,"Man with the Golden Gun, The (1974)",Action|Adventure|Thriller,3639,1974.0,"Man with the Golden Gun, The",3.5833333333333335,18
3640,"King in New York, A (1957)",Comedy|Drama,3640,1957.0,"King in New York, A",4.0,1
3641,"Woman of Paris, A (1923)",Drama,3641,1923.0,"Woman of Paris, A",4.0,2
3643,"Fighting Seabees, The (1944)",Action|Drama|War,3643,1944.0,"Fighting Seabees, The",3.5,2
3646,Big Momma's House (2000),Comedy,3646,2000.0,Big Momma's House,2.176470588235294,17
3648,"Abominable Snowman, The (Abominable Snowman of the Himalayas, The) (1957)",Horror|Sci-Fi,3648,1957.0,"Abominable Snowman, The (Abominable Snowman of the Himalayas, The)",4.0,1
3649,American Gigolo (1980),Drama,3649,1980.0,American Gigolo,2.6875,8
3652,"City of the Living Dead (a.k.a. Gates of Hell, The) (Paura nella città dei morti viventi) (1980)",Horror,3652,1980.0,"City of the Living Dead (a.k.a. Gates of Hell, The) (Paura nella città dei morti viventi)",3.0,1
3653,"Endless Summer, The (1966)",Documentary,3653,1966.0,"Endless Summer, The",4.166666666666667,3
3654,"Guns of Navarone, The (1961)",Action|Adventure|Drama|War,3654,1961.0,"Guns of Navarone, The",3.769230769230769,13
3655,Blow-Out (La grande bouffe) (1973),Drama,3655,1973.0,Blow-Out (La grande bouffe),4.25,2
3658,Quatermass and the Pit (1967),Horror|Sci-Fi,3658,1967.0,Quatermass and the Pit,3.0,1
3660,Puppet Master (1989),Horror|Sci-Fi|Thriller,3660,1989.0,Puppet Master,2.0,2
3661,Puppet Master II (1991),Horror|Sci-Fi|Thriller,3661,1991.0,Puppet Master II,3.0,1
3662,Puppet Master III: Toulon's Revenge (1991),Horror|Sci-Fi|Thriller,3662,1991.0,Puppet Master III: Toulon's Revenge,3.0,2
3663,Puppet Master 4 (1993),Horror|Sci-Fi|Thriller,3663,1993.0,Puppet Master 4,2.0,1
3664,Puppet Master 5: The Final Chapter (1994),Horror|Sci-Fi|Thriller,3664,1994.0,Puppet Master 5: The Final Chapter,2.0,1
3667,Rent-A-Cop (1988),Action|Comedy|Crime,3667,1988.0,Rent-A-Cop,1.0,1
3668,Romeo and Juliet (1968),Drama|Romance,3668,1968.0,Romeo and Juliet,3.6666666666666665,15
3669,Stay Tuned (1992),Comedy,3669,1992.0,Stay Tuned,2.5,1
3671,Blazing Saddles (1974),Comedy|Western,3671,1974.0,Blazing Saddles,3.935483870967742,62
3672,Benji (1974),Adventure|Children,3672,1974.0,Benji,3.8,5
3673,Benji the Hunted (1987),Adventure|Children,3673,1987.0,Benji the Hunted,4.5,2
3674,For the Love of Benji (1977),Adventure|Children|Comedy|Drama,3674,1977.0,For the Love of Benji,4.0,1
3675,White Christmas (1954),Comedy|Musical|Romance,3675,1954.0,White Christmas,4.1875,8
3676,Eraserhead (1977),Drama|Horror,3676,1977.0,Eraserhead,3.75,10
3677,Baraka (1992),Documentary,3677,1992.0,Baraka,4.125,4
3678,"Man with the Golden Arm, The (1955)",Drama,3678,1955.0,"Man with the Golden Arm, The",5.0,1
3679,"Decline of Western Civilization, The (1981)",Documentary|Musical,3679,1981.0,"Decline of Western Civilization, The",3.75,2
3680,"Decline of Western Civilization Part II: The Metal Years, The (1988)",Documentary,3680,1988.0,"Decline of Western Civilization Part II: The Metal Years, The",3.0,1
3681,For a Few Dollars More (Per qualche dollaro in più) (1965),Action|Drama|Thriller|Western,3681,1965.0,For a Few Dollars More (Per qualche dollaro in più),4.151515151515151,33
3682,Magnum Force (1973),Action|Crime|Drama|Thriller,3682,1973.0,Magnum Force,3.7,5
3683,Blood Simple (1984),Crime|Drama|Film-Noir,3683,1984.0,Blood Simple,4.0,19
3684,"Fabulous Baker Boys, The (1989)",Drama|Romance,3684,1989.0,"Fabulous Baker Boys, The",3.0714285714285716,7
3685,Prizzi's Honor (1985),Comedy|Drama|Romance,3685,1985.0,Prizzi's Honor,3.7777777777777777,9
3686,Flatliners (1990),Horror|Sci-Fi|Thriller,3686,1990.0,Flatliners,2.933333333333333,15
3687,Light Years (Gandahar) (1988),Adventure|Animation|Fantasy|Sci-Fi,3687,1988.0,Light Years (Gandahar),5.0,1
3688,Porky's (1982),Comedy,3688,1982.0,Porky's,2.1363636363636362,11
3689,Porky's II: The Next Day (1983),Comedy,3689,1983.0,Porky's II: The Next Day,1.75,4
3690,Porky's Revenge (1985),Comedy,3690,1985.0,Porky's Revenge,2.0,5
3691,Private School (1983),Comedy,3691,1983.0,Private School,3.0,1
3692,Class of Nuke 'Em High (1986),Comedy|Horror,3692,1986.0,Class of Nuke 'Em High,3.0,1
3693,"Toxic Avenger, The (1985)",Comedy|Horror,3693,1985.0,"Toxic Avenger, The",2.125,8
3694,"Toxic Avenger, Part II, The (1989)",Comedy|Horror,3694,1989.0,"Toxic Avenger, Part II, The",2.0,2
3695,"Toxic Avenger Part III: The Last Temptation of Toxie, The (1989)",Comedy|Horror,3695,1989.0,"Toxic Avenger Part III: The Last Temptation of Toxie, The",2.0,2
3696,Night of the Creeps (1986),Comedy|Horror|Sci-Fi|Thriller,3696,1986.0,Night of the Creeps,3.1666666666666665,3
3697,Predator 2 (1990),Action|Sci-Fi|Thriller,3697,1990.0,Predator 2,2.9047619047619047,21
3698,"Running Man, The (1987)",Action|Sci-Fi,3698,1987.0,"Running Man, The",3.2205882352941178,34
3699,Starman (1984),Adventure|Drama|Romance|Sci-Fi,3699,1984.0,Starman,3.1538461538461537,13
3700,"Brother from Another Planet, The (1984)",Drama|Sci-Fi,3700,1984.0,"Brother from Another Planet, The",2.5,1
3701,Alien Nation (1988),Crime|Drama|Sci-Fi|Thriller,3701,1988.0,Alien Nation,3.1153846153846154,13
3702,Mad Max (1979),Action|Adventure|Sci-Fi,3702,1979.0,Mad Max,3.486842105263158,38
3703,"Road Warrior, The (Mad Max 2) (1981)",Action|Adventure|Sci-Fi|Thriller,3703,1981.0,"Road Warrior, The (Mad Max 2)",4.0375,40
3704,Mad Max Beyond Thunderdome (1985),Action|Adventure|Sci-Fi,3704,1985.0,Mad Max Beyond Thunderdome,3.2708333333333335,24
3705,Bird on a Wire (1990),Action|Comedy|Romance,3705,1990.0,Bird on a Wire,2.3125,8
3706,Angel Heart (1987),Film-Noir|Horror|Mystery|Thriller,3706,1987.0,Angel Heart,3.0,8
3707,9 1/2 Weeks (Nine 1/2 Weeks) (1986),Drama|Romance,3707,1986.0,9 1/2 Weeks (Nine 1/2 Weeks),2.7,10
3708,Firestarter (1984),Horror|Thriller,3708,1984.0,Firestarter,3.05,10
3709,Sleepwalkers (1992),Horror,3709,1992.0,Sleepwalkers,2.0,1
3710,Action Jackson (1988),Action|Comedy|Crime|Thriller,3710,1988.0,Action Jackson,1.6666666666666667,3
3711,Sarafina! (1992),Drama,3711,1992.0,Sarafina!,4.0,1
3712,Soapdish (1991),Comedy,3712,1991.0,Soapdish,2.8333333333333335,3
3713,"Long Walk Home, The (1990)",Drama,3713,1990.0,"Long Walk Home, The",4.0,1
3714,Clara's Heart (1988),Drama,3714,1988.0,Clara's Heart,2.5,1
3715,Burglar (1987),Comedy|Crime,3715,1987.0,Burglar,2.75,2
3716,Fatal Beauty (1987),Action|Comedy|Crime|Drama,3716,1987.0,Fatal Beauty,1.0,1
3717,Gone in 60 Seconds (2000),Action|Crime,3717,2000.0,Gone in 60 Seconds,3.221311475409836,61
3719,Love's Labour's Lost (2000),Comedy|Romance,3719,2000.0,Love's Labour's Lost,3.0,2
3720,Sunshine (1999),Drama,3720,1999.0,Sunshine,4.0,1
3723,Hamlet (1990),Drama,3723,1990.0,Hamlet,3.8,5
3724,Coming Home (1978),Drama|War,3724,1978.0,Coming Home,3.3,5
3725,American Pop (1981),Animation|Musical,3725,1981.0,American Pop,3.5,2
3726,Assault on Precinct 13 (1976),Action|Thriller,3726,1976.0,Assault on Precinct 13,3.6,5
3727,Near Dark (1987),Horror|Western,3727,1987.0,Near Dark,4.3125,8
3728,One False Move (1992),Crime|Drama|Film-Noir|Thriller,3728,1992.0,One False Move,3.75,4
3729,Shaft (1971),Action|Crime|Drama|Thriller,3729,1971.0,Shaft,4.0,3
3730,"Conversation, The (1974)",Drama|Mystery,3730,1974.0,"Conversation, The",4.205882352941177,17
3731,Cutter's Way (1981),Drama|Thriller,3731,1981.0,Cutter's Way,3.0,1
3732,"Fury, The (1978)",Horror,3732,1978.0,"Fury, The",3.0,4
3733,"Paper Chase, The (1973)",Drama,3733,1973.0,"Paper Chase, The",3.8333333333333335,3
3735,Serpico (1973),Crime|Drama,3735,1973.0,Serpico,3.7941176470588234,17
3736,"Ace in the Hole (Big Carnival, The) (1951)",Drama,3736,1951.0,"Ace in the Hole (Big Carnival, The)",3.0,1
3737,Lonely Are the Brave (1962),Drama|Western,3737,1962.0,Lonely Are the Brave,4.0,1
3738,"Sugarland Express, The (1974)",Drama,3738,1974.0,"Sugarland Express, The",3.0,2
3739,Trouble in Paradise (1932),Comedy|Romance,3739,1932.0,Trouble in Paradise,3.5,1
3740,Big Trouble in Little China (1986),Action|Adventure|Comedy|Fantasy,3740,1986.0,Big Trouble in Little China,3.857142857142857,28
3741,Badlands (1973),Crime|Drama|Thriller,3741,1973.0,Badlands,4.090909090909091,11
3742,Battleship Potemkin (1925),Drama|War,3742,1925.0,Battleship Potemkin,3.65,10
3743,Boys and Girls (2000),Comedy|Romance,3743,2000.0,Boys and Girls,2.0,3
3744,Shaft (2000),Action|Crime|Thriller,3744,2000.0,Shaft,2.6578947368421053,19
3745,Titan A.E. (2000),Action|Adventure|Animation|Children|Sci-Fi,3745,2000.0,Titan A.E.,3.413793103448276,29
3746,Butterfly (La lengua de las mariposas) (1999),Drama,3746,1999.0,Butterfly (La lengua de las mariposas),4.0,2
3747,Jesus' Son (1999),Drama,3747,1999.0,Jesus' Son,3.5,2
3751,Chicken Run (2000),Animation|Children|Comedy,3751,2000.0,Chicken Run,3.551282051282051,78
3752,"Me, Myself & Irene (2000)",Adventure|Comedy,3752,2000.0,"Me, Myself & Irene",3.0869565217391304,46
3753,"Patriot, The (2000)",Action|Drama|War,3753,2000.0,"Patriot, The",3.448529411764706,68
3754,"Adventures of Rocky and Bullwinkle, The (2000)",Adventure|Animation|Children|Comedy|Fantasy,3754,2000.0,"Adventures of Rocky and Bullwinkle, The",2.2222222222222223,9
3755,"Perfect Storm, The (2000)",Drama|Thriller,3755,2000.0,"Perfect Storm, The",3.1704545454545454,44
3756,"Golden Bowl, The (2000)",Drama,3756,2000.0,"Golden Bowl, The",4.0,1
3758,Communion (1989),Drama|Sci-Fi|Thriller,3758,1989.0,Communion,3.5,2
3760,"Kentucky Fried Movie, The (1977)",Comedy,3760,1977.0,"Kentucky Fried Movie, The",3.5,3
3761,"Blood In, Blood Out (1993)",Action|Crime|Drama|Thriller,3761,1993.0,"Blood In, Blood Out",4.0,1
3763,F/X (1986),Action|Crime|Thriller,3763,1986.0,F/X,3.21875,16
3764,F/X2 (a.k.a. F/X 2 - The Deadly Art of Illusion) (1991),Action|Crime|Thriller,3764,1991.0,F/X2 (a.k.a. F/X 2 - The Deadly Art of Illusion),2.3,5
3765,"Hot Spot, The (1990)",Crime|Drama|Romance,3765,1990.0,"Hot Spot, The",3.0,2
3766,Missing in Action (1984),Action|War,3766,1984.0,Missing in Action,2.0833333333333335,6
3767,Missing in Action 2: The Beginning (1985),Action|War,3767,1985.0,Missing in Action 2: The Beginning,1.6666666666666667,3
3768,Braddock: Missing in Action III (1988),Action|War,3768,1988.0,Braddock: Missing in Action III,1.25,2
3769,Thunderbolt and Lightfoot (1974),Action,3769,1974.0,Thunderbolt and Lightfoot,3.3333333333333335,3
3770,Dreamscape (1984),Horror|Sci-Fi|Thriller,3770,1984.0,Dreamscape,2.6666666666666665,6
3771,The Golden Voyage of Sinbad (1973),Action|Adventure|Fantasy,3771,1973.0,The Golden Voyage of Sinbad,4.0,3
3773,House Party (1990),Comedy,3773,1990.0,House Party,2.0,2
3774,House Party 2 (1991),Comedy|Drama|Romance,3774,1991.0,House Party 2,0.75,4
3783,Croupier (1998),Crime|Drama,3783,1998.0,Croupier,3.9545454545454546,11
3784,"Kid, The (2000)",Comedy|Fantasy,3784,2000.0,"Kid, The",2.590909090909091,11
3785,Scary Movie (2000),Comedy|Horror,3785,2000.0,Scary Movie,2.92,50
3786,But I'm a Cheerleader (1999),Comedy,3786,1999.0,But I'm a Cheerleader,2.625,4
3787,Shower (Xizao) (1999),Comedy,3787,1999.0,Shower (Xizao),4.0,2
3788,Blow-Up (Blowup) (1966),Drama|Mystery,3788,1966.0,Blow-Up (Blowup),3.6666666666666665,6
3789,"Pawnbroker, The (1964)",Drama,3789,1964.0,"Pawnbroker, The",3.5,1
3790,Groove (2000),Drama,3790,2000.0,Groove,4.0,2
3791,Footloose (1984),Drama,3791,1984.0,Footloose,3.1875,16
3792,Duel in the Sun (1946),Drama|Romance|Western,3792,1946.0,Duel in the Sun,5.0,1
3793,X-Men (2000),Action|Adventure|Sci-Fi,3793,2000.0,X-Men,3.699248120300752,133
3794,Chuck & Buck (2000),Comedy|Drama,3794,2000.0,Chuck & Buck,2.5,2
3795,"Five Senses, The (1999)",Drama,3795,1999.0,"Five Senses, The",5.0,1
3797,"In Crowd, The (2000)",Thriller,3797,2000.0,"In Crowd, The",2.6666666666666665,3
3798,What Lies Beneath (2000),Drama|Horror|Mystery,3798,2000.0,What Lies Beneath,3.2,25
3799,Pokémon the Movie 2000 (2000),Animation|Children,3799,2000.0,Pokémon the Movie 2000,1.5833333333333333,6
3801,Anatomy of a Murder (1959),Drama|Mystery,3801,1959.0,Anatomy of a Murder,4.0,4
3802,Freejack (1992),Action|Sci-Fi,3802,1992.0,Freejack,2.0,4
3806,Mackenna's Gold (1969),Western,3806,1969.0,Mackenna's Gold,3.0,1
3807,Sinbad and the Eye of the Tiger (1977),Adventure|Fantasy,3807,1977.0,Sinbad and the Eye of the Tiger,3.0,1
3808,"Two Women (Ciociara, La) (1960)",Drama|War,3808,1960.0,"Two Women (Ciociara, La)",4.0,1
3809,What About Bob? (1991),Comedy,3809,1991.0,What About Bob?,3.2714285714285714,35
3810,White Sands (1992),Drama|Thriller,3810,1992.0,White Sands,3.0,3
3811,Breaker Morant (1980),Drama|War,3811,1980.0,Breaker Morant,3.9285714285714284,7
3812,Everything You Always Wanted to Know About Sex * But Were Afraid to Ask (1972),Comedy,3812,1972.0,Everything You Always Wanted to Know About Sex * But Were Afraid to Ask,3.4583333333333335,12
3813,Interiors (1978),Drama,3813,1978.0,Interiors,4.166666666666667,3
3814,Love and Death (1975),Comedy,3814,1975.0,Love and Death,4.222222222222222,9
3816,"Official Story, The (La historia oficial) (1985)",Drama,3816,1985.0,"Official Story, The (La historia oficial)",4.0,1
3819,Tampopo (1985),Comedy,3819,1985.0,Tampopo,4.0,3
3821,Nutty Professor II: The Klumps (2000),Comedy,3821,2000.0,Nutty Professor II: The Klumps,2.28125,16
3822,"Girl on the Bridge, The (Fille sur le pont, La) (1999)",Drama|Romance,3822,1999.0,"Girl on the Bridge, The (Fille sur le pont, La)",4.125,4
3823,Wonderland (1999),Drama,3823,1999.0,Wonderland,4.0,2
3824,Autumn in New York (2000),Drama|Romance,3824,2000.0,Autumn in New York,2.409090909090909,11
3825,Coyote Ugly (2000),Comedy|Drama|Romance,3825,2000.0,Coyote Ugly,2.7413793103448274,29
3826,Hollow Man (2000),Horror|Sci-Fi|Thriller,3826,2000.0,Hollow Man,2.2948717948717947,39
3827,Space Cowboys (2000),Action|Adventure|Comedy|Sci-Fi,3827,2000.0,Space Cowboys,2.891304347826087,23
3830,Psycho Beach Party (2000),Comedy|Horror|Thriller,3830,2000.0,Psycho Beach Party,1.5,2
3831,Saving Grace (2000),Comedy,3831,2000.0,Saving Grace,3.909090909090909,11
3832,"Black Sabbath (Tre volti della paura, I) (1963)",Horror,3832,1963.0,"Black Sabbath (Tre volti della paura, I)",4.0,1
3833,"Brain That Wouldn't Die, The (1962)",Horror|Sci-Fi,3833,1962.0,"Brain That Wouldn't Die, The",1.5,2
3834,Bronco Billy (1980),Adventure|Drama|Romance,3834,1980.0,Bronco Billy,3.0,2
3835,"Crush, The (1993)",Thriller,3835,1993.0,"Crush, The",2.1666666666666665,6
3836,Kelly's Heroes (1970),Action|Comedy|War,3836,1970.0,Kelly's Heroes,4.133333333333334,15
3837,Phantasm II (1988),Action|Fantasy|Horror|Sci-Fi|Thriller,3837,1988.0,Phantasm II,2.5,3
3838,Phantasm III: Lord of the Dead (1994),Horror,3838,1994.0,Phantasm III: Lord of the Dead,2.0,1
3839,Phantasm IV: Oblivion (1998),Horror,3839,1998.0,Phantasm IV: Oblivion,1.6666666666666667,3
3840,Pumpkinhead (1988),Horror,3840,1988.0,Pumpkinhead,2.4,5
3841,Air America (1990),Action|Comedy,3841,1990.0,Air America,2.8333333333333335,6
3843,Sleepaway Camp (1983),Horror,3843,1983.0,Sleepaway Camp,2.375,4
3844,Steel Magnolias (1989),Drama,3844,1989.0,Steel Magnolias,3.3333333333333335,9
3845,And God Created Woman (Et Dieu... créa la femme) (1956),Drama,3845,1956.0,And God Created Woman (Et Dieu... créa la femme),4.0,1
3846,Easy Money (1983),Comedy,3846,1983.0,Easy Money,3.625,4
3847,"Ilsa, She Wolf of the SS (1974)",Horror,3847,1974.0,"Ilsa, She Wolf of the SS",2.0,1
3849,The Spiral Staircase (1945),Horror|Mystery|Thriller,3849,1945.0,The Spiral Staircase,4.0,2
3851,I'm the One That I Want (2000),Comedy,3851,2000.0,I'm the One That I Want,5.0,1
3852,"Tao of Steve, The (2000)",Comedy,3852,2000.0,"Tao of Steve, The",3.3846153846153846,13
3855,"Affair of Love, An (Liaison pornographique, Une) (1999)",Drama|Romance,3855,1999.0,"Affair of Love, An (Liaison pornographique, Une)",4.75,2
3857,Bless the Child (2000),Thriller,3857,2000.0,Bless the Child,4.0,1
3858,Cecil B. DeMented (2000),Comedy,3858,2000.0,Cecil B. DeMented,3.5,5
3859,"Eyes of Tammy Faye, The (2000)",Documentary,3859,2000.0,"Eyes of Tammy Faye, The",3.75,2
3861,"Replacements, The (2000)",Comedy,3861,2000.0,"Replacements, The",2.6842105263157894,19
3862,About Adam (2000),Comedy,3862,2000.0,About Adam,3.75,2
3863,"Cell, The (2000)",Drama|Horror|Thriller,3863,2000.0,"Cell, The",3.0444444444444443,45
3864,Godzilla 2000 (Gojira ni-sen mireniamu) (1999),Action|Adventure|Sci-Fi,3864,1999.0,Godzilla 2000 (Gojira ni-sen mireniamu),2.1,5
3865,"Original Kings of Comedy, The (2000)",Comedy|Documentary,3865,2000.0,"Original Kings of Comedy, The",3.25,4
3868,"Naked Gun: From the Files of Police Squad!, The (1988)",Action|Comedy|Crime|Romance,3868,1988.0,"Naked Gun: From the Files of Police Squad!, The",3.4047619047619047,42
3869,"Naked Gun 2 1/2: The Smell of Fear, The (1991)",Comedy,3869,1991.0,"Naked Gun 2 1/2: The Smell of Fear, The",3.423076923076923,26
3870,Our Town (1940),Drama,3870,1940.0,Our Town,3.0,1
3871,Shane (1953),Drama|Western,3871,1953.0,Shane,3.9,5
3872,"Suddenly, Last Summer (1959)",Drama,3872,1959.0,"Suddenly, Last Summer",3.5,1
3873,Cat Ballou (1965),Comedy|Western,3873,1965.0,Cat Ballou,3.142857142857143,7
3877,Supergirl (1984),Action|Adventure|Fantasy,3877,1984.0,Supergirl,2.2222222222222223,9
3879,"Art of War, The (2000)",Action|Thriller,3879,2000.0,"Art of War, The",2.0,2
3882,Bring It On (2000),Comedy,3882,2000.0,Bring It On,2.6911764705882355,34
3884,"Crew, The (2000)",Comedy,3884,2000.0,"Crew, The",1.5,3
3888,Skipped Parts (2000),Drama|Romance,3888,2000.0,Skipped Parts,4.0,1
3889,Highlander: Endgame (Highlander IV) (2000),Action|Adventure|Fantasy,3889,2000.0,Highlander: Endgame (Highlander IV),2.25,6
3893,Nurse Betty (2000),Comedy|Crime|Drama|Romance|Thriller,3893,2000.0,Nurse Betty,3.3421052631578947,19
3894,Solas (1999),Drama,3894,1999.0,Solas,4.0,1
3895,"Watcher, The (2000)",Crime|Thriller,3895,2000.0,"Watcher, The",1.5,1
3896,"Way of the Gun, The (2000)",Crime|Thriller,3896,2000.0,"Way of the Gun, The",3.125,8
3897,Almost Famous (2000),Drama,3897,2000.0,Almost Famous,3.8674698795180724,83
3898,Bait (2000),Action|Comedy,3898,2000.0,Bait,2.5,2
3899,Circus (2000),Crime|Drama|Thriller,3899,2000.0,Circus,1.0,1
3900,Crime and Punishment in Suburbia (2000),Comedy|Drama,3900,2000.0,Crime and Punishment in Suburbia,4.0,1
3901,Duets (2000),Comedy|Drama,3901,2000.0,Duets,3.25,2
3906,Under Suspicion (2000),Crime|Thriller,3906,2000.0,Under Suspicion,2.5,2
3908,Urban Legends: Final Cut (2000),Horror,3908,2000.0,Urban Legends: Final Cut,1.5,3
3909,Woman on Top (2000),Comedy|Romance,3909,2000.0,Woman on Top,2.0,4
3910,Dancer in the Dark (2000),Drama|Musical,3910,2000.0,Dancer in the Dark,3.975,20
3911,Best in Show (2000),Comedy,3911,2000.0,Best in Show,3.688679245283019,53
3912,Beautiful (2000),Comedy|Drama,3912,2000.0,Beautiful,2.5,2
3914,"Broken Hearts Club, The (2000)",Drama,3914,2000.0,"Broken Hearts Club, The",4.0,1
3915,Girlfight (2000),Drama,3915,2000.0,Girlfight,3.6666666666666665,6
3916,Remember the Titans (2000),Drama,3916,2000.0,Remember the Titans,3.7439024390243905,41
3917,Hellraiser (1987),Horror,3917,1987.0,Hellraiser,3.3666666666666667,15
3918,Hellbound: Hellraiser II (1988),Horror,3918,1988.0,Hellbound: Hellraiser II,3.2777777777777777,9
3919,Hellraiser III: Hell on Earth (1992),Horror,3919,1992.0,Hellraiser III: Hell on Earth,2.5,1
3920,"Faraway, So Close (In weiter Ferne, so nah!) (1993)",Drama|Fantasy|Mystery|Romance,3920,1993.0,"Faraway, So Close (In weiter Ferne, so nah!)",4.0,1
3922,Bikini Beach (1964),Comedy,3922,1964.0,Bikini Beach,1.0,1
3925,Stranger Than Paradise (1984),Comedy|Drama,3925,1984.0,Stranger Than Paradise,3.9166666666666665,6
3926,Voyage to the Bottom of the Sea (1961),Adventure|Sci-Fi,3926,1961.0,Voyage to the Bottom of the Sea,3.0,1
3927,Fantastic Voyage (1966),Adventure|Sci-Fi,3927,1966.0,Fantastic Voyage,2.6666666666666665,6
3928,Abbott and Costello Meet Frankenstein (1948),Comedy|Horror,3928,1948.0,Abbott and Costello Meet Frankenstein,3.75,4
3929,"Bank Dick, The (1940)",Comedy,3929,1940.0,"Bank Dick, The",2.5,2
3930,"Creature from the Black Lagoon, The (1954)",Adventure|Horror|Sci-Fi,3930,1954.0,"Creature from the Black Lagoon, The",2.125,4
3932,"Invisible Man, The (1933)",Horror|Sci-Fi,3932,1933.0,"Invisible Man, The",3.5,2
3933,"Killer Shrews, The (1959)",Horror|Sci-Fi,3933,1959.0,"Killer Shrews, The",0.5,1
3937,Runaway (1984),Sci-Fi|Thriller,3937,1984.0,Runaway,2.625,4
3938,"Slumber Party Massacre, The (1982)",Horror,3938,1982.0,"Slumber Party Massacre, The",2.75,2
3939,Slumber Party Massacre II (1987),Horror,3939,1987.0,Slumber Party Massacre II,5.0,1
3940,Slumber Party Massacre III (1990),Horror,3940,1990.0,Slumber Party Massacre III,5.0,1
3941,Sorority House Massacre (1986),Horror,3941,1986.0,Sorority House Massacre,5.0,1
3942,Sorority House Massacre II (1990),Horror,3942,1990.0,Sorority House Massacre II,5.0,1
3943,Bamboozled (2000),Comedy,3943,2000.0,Bamboozled,2.9375,8
3945,Digimon: The Movie (2000),Adventure|Animation|Children,3945,2000.0,Digimon: The Movie,3.0,1
3946,Get Carter (2000),Action|Drama|Thriller,3946,2000.0,Get Carter,2.5,5
3947,Get Carter (1971),Action|Crime|Drama|Thriller,3947,1971.0,Get Carter,3.3333333333333335,3
3948,Meet the Parents (2000),Comedy,3948,2000.0,Meet the Parents,3.4175824175824174,91
3949,Requiem for a Dream (2000),Drama,3949,2000.0,Requiem for a Dream,3.921875,96
3950,Tigerland (2000),Drama,3950,2000.0,Tigerland,3.5625,8
3951,Two Family House (2000),Drama,3951,2000.0,Two Family House,5.0,1
3952,"Contender, The (2000)",Drama|Thriller,3952,2000.0,"Contender, The",3.0714285714285716,7
3953,Dr. T and the Women (2000),Comedy|Romance,3953,2000.0,Dr. T and the Women,2.125,4
3955,"Ladies Man, The (2000)",Comedy,3955,2000.0,"Ladies Man, The",1.5833333333333333,6
3957,Billy Jack (1971),Action|Drama,3957,1971.0,Billy Jack,2.6666666666666665,3
3958,Billy Jack Goes to Washington (1977),Drama,3958,1977.0,Billy Jack Goes to Washington,2.0,1
3959,"Time Machine, The (1960)",Action|Adventure|Sci-Fi,3959,1960.0,"Time Machine, The",3.625,8
3962,Ghoulies II (1987),Comedy|Horror,3962,1987.0,Ghoulies II,1.5,1
3963,"Unsinkable Molly Brown, The (1964)",Musical,3963,1964.0,"Unsinkable Molly Brown, The",3.75,2
3964,"Adventures of Ichabod and Mr. Toad, The (1949)",Animation|Children,3964,1949.0,"Adventures of Ichabod and Mr. Toad, The",3.0,3
3965,"Strange Love of Martha Ivers, The (1946)",Drama|Film-Noir,3965,1946.0,"Strange Love of Martha Ivers, The",3.5,1
3966,Detour (1945),Crime|Film-Noir,3966,1945.0,Detour,3.5,2
3967,Billy Elliot (2000),Drama,3967,2000.0,Billy Elliot,3.8513513513513513,37
3968,Bedazzled (2000),Comedy,3968,2000.0,Bedazzled,3.074074074074074,27
3969,Pay It Forward (2000),Drama,3969,2000.0,Pay It Forward,3.4423076923076925,26
3971,"Private Eyes, The (1981)",Comedy|Mystery,3971,1981.0,"Private Eyes, The",2.75,2
3972,"Legend of Drunken Master, The (Jui kuen II) (1994)",Action|Comedy,3972,1994.0,"Legend of Drunken Master, The (Jui kuen II)",4.125,16
3973,Book of Shadows: Blair Witch 2 (2000),Crime|Horror|Mystery|Thriller,3973,2000.0,Book of Shadows: Blair Witch 2,1.125,4
3974,"Little Vampire, The (2000)",Adventure|Children,3974,2000.0,"Little Vampire, The",3.0,1
3977,Charlie's Angels (2000),Action|Comedy,3977,2000.0,Charlie's Angels,2.7222222222222223,72
3978,"Legend of Bagger Vance, The (2000)",Drama|Romance,3978,2000.0,"Legend of Bagger Vance, The",3.066666666666667,15
3979,Little Nicky (2000),Comedy,3979,2000.0,Little Nicky,2.5,24
3980,Men of Honor (2000),Drama,3980,2000.0,Men of Honor,3.392857142857143,14
3981,Red Planet (2000),Action|Sci-Fi|Thriller,3981,2000.0,Red Planet,2.3461538461538463,13
3983,You Can Count on Me (2000),Drama|Romance,3983,2000.0,You Can Count on Me,4.166666666666667,9
3984,Diamonds Are Forever (1971),Action|Adventure|Thriller,3984,1971.0,Diamonds Are Forever,3.5,21
3985,"Eagle Has Landed, The (1976)",Drama|War,3985,1976.0,"Eagle Has Landed, The",3.25,6
3986,"6th Day, The (2000)",Action|Sci-Fi|Thriller,3986,2000.0,"6th Day, The",2.8,20
3987,Bounce (2000),Drama|Romance,3987,2000.0,Bounce,2.4166666666666665,6
3988,How the Grinch Stole Christmas (a.k.a. The Grinch) (2000),Children|Comedy|Fantasy,3988,2000.0,How the Grinch Stole Christmas (a.k.a. The Grinch),3.0454545454545454,33
3989,One Day in September (1999),Documentary,3989,1999.0,One Day in September,4.0,2
3990,Rugrats in Paris: The Movie (2000),Animation|Children|Comedy,3990,2000.0,Rugrats in Paris: The Movie,2.25,4
3991,102 Dalmatians (2000),Children|Comedy,3991,2000.0,102 Dalmatians,2.7777777777777777,9
3992,Malèna (2000),Drama|Romance|War,3992,2000.0,Malèna,3.7,5
3993,Quills (2000),Drama|Romance,3993,2000.0,Quills,3.0,6
3994,Unbreakable (2000),Drama|Sci-Fi,3994,2000.0,Unbreakable,3.4794520547945207,73
3996,"Crouching Tiger, Hidden Dragon (Wo hu cang long) (2000)",Action|Drama|Romance,3996,2000.0,"Crouching Tiger, Hidden Dragon (Wo hu cang long)",3.8363636363636364,110
3997,Dungeons & Dragons (2000),Action|Adventure|Comedy|Fantasy,3997,2000.0,Dungeons & Dragons,1.8333333333333333,12
3998,Proof of Life (2000),Drama,3998,2000.0,Proof of Life,3.0416666666666665,12
3999,Vertical Limit (2000),Action|Adventure,3999,2000.0,Vertical Limit,2.607142857142857,14
4000,"Bounty, The (1984)",Adventure|Drama,4000,1984.0,"Bounty, The",3.0,3
4002,"Planes, Trains & Automobiles (1987)",Comedy,4002,1987.0,"Planes, Trains & Automobiles",3.8518518518518516,27
4003,She's Having a Baby (1988),Comedy,4003,1988.0,She's Having a Baby,3.3333333333333335,3
4005,"Living Daylights, The (1987)",Action|Adventure|Thriller,4005,1987.0,"Living Daylights, The",3.2916666666666665,12
4006,Transformers: The Movie (1986),Adventure|Animation|Children|Sci-Fi,4006,1986.0,Transformers: The Movie,3.357142857142857,7
4007,Wall Street (1987),Drama,4007,1987.0,Wall Street,3.75,20
4008,Born on the Fourth of July (1989),Drama|War,4008,1989.0,Born on the Fourth of July,3.5384615384615383,13
4009,Talk Radio (1988),Drama,4009,1988.0,Talk Radio,3.0,2
4010,Brewster's Millions (1985),Comedy,4010,1985.0,Brewster's Millions,2.9375,8
4011,Snatch (2000),Comedy|Crime|Thriller,4011,2000.0,Snatch,4.155913978494624,93
4012,Punchline (1988),Comedy|Drama,4012,1988.0,Punchline,2.5,4
4014,Chocolat (2000),Drama|Romance,4014,2000.0,Chocolat,3.521276595744681,47
4015,"Dude, Where's My Car? (2000)",Comedy|Sci-Fi,4015,2000.0,"Dude, Where's My Car?",2.727272727272727,33
4016,"Emperor's New Groove, The (2000)",Adventure|Animation|Children|Comedy|Fantasy,4016,2000.0,"Emperor's New Groove, The",3.7162162162162162,37
4017,Pollock (2000),Drama,4017,2000.0,Pollock,3.5357142857142856,14
4018,What Women Want (2000),Comedy|Romance,4018,2000.0,What Women Want,3.138888888888889,54
4019,Finding Forrester (2000),Drama,4019,2000.0,Finding Forrester,3.7142857142857144,28
4020,"Gift, The (2000)",Thriller,4020,2000.0,"Gift, The",2.923076923076923,13
4021,Before Night Falls (2000),Drama,4021,2000.0,Before Night Falls,4.3,5
4022,Cast Away (2000),Drama,4022,2000.0,Cast Away,3.7,100
4023,"Family Man, The (2000)",Comedy|Drama|Romance,4023,2000.0,"Family Man, The",3.130434782608696,23
4024,"House of Mirth, The (2000)",Romance,4024,2000.0,"House of Mirth, The",2.1666666666666665,3
4025,Miss Congeniality (2000),Comedy|Crime,4025,2000.0,Miss Congeniality,3.0546875,64
4027,"O Brother, Where Art Thou? (2000)",Adventure|Comedy|Crime,4027,2000.0,"O Brother, Where Art Thou?",3.8085106382978724,94
4029,State and Main (2000),Comedy|Drama,4029,2000.0,State and Main,3.875,12
4030,Dracula 2000 (2000),Horror,4030,2000.0,Dracula 2000,1.8,5
4031,All the Pretty Horses (2000),Drama|Romance|Western,4031,2000.0,All the Pretty Horses,2.5,2
4032,"Everlasting Piece, An (2000)",Comedy,4032,2000.0,"Everlasting Piece, An",4.0,1
4033,Thirteen Days (2000),Drama|Thriller|War,4033,2000.0,Thirteen Days,3.923076923076923,13
4034,Traffic (2000),Crime|Drama|Thriller,4034,2000.0,Traffic,3.9,70
4035,"Claim, The (2000)",Romance|Western,4035,2000.0,"Claim, The",2.8333333333333335,3
4036,Shadow of the Vampire (2000),Drama|Horror,4036,2000.0,Shadow of the Vampire,3.1363636363636362,11
4037,House of Games (1987),Crime|Film-Noir|Mystery|Thriller,4037,1987.0,House of Games,3.8125,8
4039,Annie (1982),Children|Musical,4039,1982.0,Annie,3.125,16
4040,Don't Tell Mom the Babysitter's Dead (1991),Comedy,4040,1991.0,Don't Tell Mom the Babysitter's Dead,2.3461538461538463,13
4041,"Officer and a Gentleman, An (1982)",Drama|Romance,4041,1982.0,"Officer and a Gentleman, An",3.642857142857143,14
4042,"Alamo, The (1960)",Action|Drama|War|Western,4042,1960.0,"Alamo, The",3.375,4
4043,At Close Range (1986),Crime|Drama,4043,1986.0,At Close Range,3.3333333333333335,3
4046,Friendly Persuasion (1956),Drama,4046,1956.0,Friendly Persuasion,4.0,1
4047,Gettysburg (1993),Drama|War,4047,1993.0,Gettysburg,3.6666666666666665,9
4051,Horrors of Spider Island (Ein Toter Hing im Netz) (1960),Horror|Sci-Fi,4051,1960.0,Horrors of Spider Island (Ein Toter Hing im Netz),0.5,1
4052,Antitrust (2001),Crime|Drama|Thriller,4052,2001.0,Antitrust,3.5625,8
4053,Double Take (2001),Action|Comedy,4053,2001.0,Double Take,2.5,2
4054,Save the Last Dance (2001),Drama|Romance,4054,2001.0,Save the Last Dance,2.84375,16
4055,Panic (2000),Drama,4055,2000.0,Panic,4.0,2
4056,"Pledge, The (2001)",Crime|Drama|Mystery|Thriller,4056,2001.0,"Pledge, The",3.2857142857142856,7
4061,The Man in the Moon (1991),Drama|Romance,4061,1991.0,The Man in the Moon,4.0,2
4062,Mystic Pizza (1988),Comedy|Drama|Romance,4062,1988.0,Mystic Pizza,3.375,8
4063,Prelude to a Kiss (1992),Comedy|Drama|Romance,4063,1992.0,Prelude to a Kiss,2.5,4
4064,Coffy (1973),Action|Crime|Thriller,4064,1973.0,Coffy,3.5,1
4065,Foxy Brown (1974),Action|Crime|Drama,4065,1974.0,Foxy Brown,2.5,1
4066,I'm Gonna Git You Sucka (1988),Action|Comedy,4066,1988.0,I'm Gonna Git You Sucka,2.875,4
4067,Untamed Heart (1993),Drama|Romance,4067,1993.0,Untamed Heart,3.375,4
4068,Sugar & Spice (2001),Comedy,4068,2001.0,Sugar & Spice,2.7142857142857144,7
4069,"Wedding Planner, The (2001)",Comedy|Romance,4069,2001.0,"Wedding Planner, The",2.909090909090909,22
4074,"Legend of Rita, The (Stille nach dem Schuß, Die) (1999)",Drama,4074,1999.0,"Legend of Rita, The (Stille nach dem Schuß, Die)",3.0,1
4077,"With a Friend Like Harry... (Harry, un ami qui vous veut du bien) (2000)",Drama|Thriller,4077,2000.0,"With a Friend Like Harry... (Harry, un ami qui vous veut du bien)",4.5,2
4078,Amazing Grace and Chuck (1987),Drama,4078,1987.0,Amazing Grace and Chuck,4.0,1
4079,Amazon Women on the Moon (1987),Comedy|Sci-Fi,4079,1987.0,Amazon Women on the Moon,4.25,2
4080,Baby Boom (1987),Comedy,4080,1987.0,Baby Boom,3.25,2
4081,Back to the Beach (1987),Comedy,4081,1987.0,Back to the Beach,1.8333333333333333,3
4082,Barfly (1987),Comedy|Drama|Romance,4082,1987.0,Barfly,3.5,2
4083,Best Seller (1987),Thriller,4083,1987.0,Best Seller,4.0,1
4084,Beverly Hills Cop II (1987),Action|Comedy|Crime|Thriller,4084,1987.0,Beverly Hills Cop II,2.8684210526315788,19
4085,Beverly Hills Cop (1984),Action|Comedy|Crime|Drama,4085,1984.0,Beverly Hills Cop,3.402173913043478,46
4086,"Big Easy, The (1987)",Action|Crime|Mystery|Romance|Thriller,4086,1987.0,"Big Easy, The",3.5,5
4089,Born in East L.A. (1987),Comedy,4089,1987.0,Born in East L.A.,2.0,1
4090,"Brave Little Toaster, The (1987)",Animation|Children,4090,1987.0,"Brave Little Toaster, The",3.5625,8
4091,Can't Buy Me Love (1987),Comedy|Romance,4091,1987.0,Can't Buy Me Love,3.25,4
4092,Cherry 2000 (1987),Romance|Sci-Fi,4092,1987.0,Cherry 2000,2.25,2
4093,Cop (1988),Thriller,4093,1988.0,Cop,1.5,1
4102,Eddie Murphy Raw (1987),Comedy|Documentary,4102,1987.0,Eddie Murphy Raw,3.5,6
4103,Empire of the Sun (1987),Action|Adventure|Drama|War,4103,1987.0,Empire of the Sun,3.95,10
4104,Ernest Goes to Camp (1987),Comedy,4104,1987.0,Ernest Goes to Camp,1.4,5
4105,"Evil Dead, The (1981)",Fantasy|Horror|Thriller,4105,1981.0,"Evil Dead, The",3.8181818181818183,22
4109,Flowers in the Attic (1987),Drama|Thriller,4109,1987.0,Flowers in the Attic,2.5714285714285716,7
4110,"Fourth Protocol, The (1987)",Thriller,4110,1987.0,"Fourth Protocol, The",3.0,1
4111,Gardens of Stone (1987),Drama|War,4111,1987.0,Gardens of Stone,3.0,1
4113,"Glass Menagerie, The (1987)",Drama,4113,1987.0,"Glass Menagerie, The",3.0,2
4115,Hiding Out (1987),Comedy,4115,1987.0,Hiding Out,2.0,1
4116,Hollywood Shuffle (1987),Comedy,4116,1987.0,Hollywood Shuffle,5.0,1
4117,Hope and Glory (1987),Drama,4117,1987.0,Hope and Glory,4.333333333333333,3
4121,Innerspace (1987),Action|Adventure|Comedy|Sci-Fi,4121,1987.0,Innerspace,3.125,12
4123,Ishtar (1987),Comedy,4123,1987.0,Ishtar,2.0,1
4124,Jaws: The Revenge (1987),Horror|Thriller,4124,1987.0,Jaws: The Revenge,1.25,4
4125,Leonard Part 6 (1987),Comedy|Sci-Fi,4125,1987.0,Leonard Part 6,0.75,2
4126,Less Than Zero (1987),Drama,4126,1987.0,Less Than Zero,3.5,4
4127,"Like Father, Like Son (1987)",Comedy,4127,1987.0,"Like Father, Like Son",1.6666666666666667,3
4128,"Lost Boys, The (1987)",Comedy|Horror|Thriller,4128,1987.0,"Lost Boys, The",3.7115384615384617,26
4129,Made in Heaven (1987),Fantasy|Romance,4129,1987.0,Made in Heaven,1.0,1
4130,Maid to Order (1987),Comedy|Fantasy,4130,1987.0,Maid to Order,1.8333333333333333,3
4131,Making Mr. Right (1987),Comedy|Romance|Sci-Fi,4131,1987.0,Making Mr. Right,1.8333333333333333,3
4132,Mannequin (1987),Comedy|Romance,4132,1987.0,Mannequin,2.625,8
4133,Masters of the Universe (1987),Action|Adventure|Fantasy|Sci-Fi,4133,1987.0,Masters of the Universe,2.5625,8
4135,"Monster Squad, The (1987)",Adventure|Comedy|Horror,4135,1987.0,"Monster Squad, The",5.0,1
4138,My Demon Lover (1987),Comedy|Horror,4138,1987.0,My Demon Lover,1.0,2
4139,No Man's Land (1987),Crime|Drama,4139,1987.0,No Man's Land,3.0,1
4141,Head Over Heels (2001),Comedy|Romance,4141,2001.0,Head Over Heels,2.5,4
4142,Left Behind: The Movie (2000),Action|Adventure|Drama|Thriller,4142,2000.0,Left Behind: The Movie,4.25,2
4143,Valentine (2001),Horror|Mystery,4143,2001.0,Valentine,3.5,1
4144,In the Mood For Love (Fa yeung nin wa) (2000),Drama|Romance,4144,2000.0,In the Mood For Love (Fa yeung nin wa),4.214285714285714,14
4146,"Million Dollar Hotel, The (2001)",Drama|Mystery|Romance,4146,2001.0,"Million Dollar Hotel, The",3.0,3
4147,Nico and Dani (Krámpack) (2000),Comedy|Drama|Romance,4147,2000.0,Nico and Dani (Krámpack),4.0,2
4148,Hannibal (2001),Horror|Thriller,4148,2001.0,Hannibal,2.9358974358974357,39
4149,Saving Silverman (Evil Woman) (2001),Comedy|Romance,4149,2001.0,Saving Silverman (Evil Woman),2.772727272727273,11
4152,Vatel (2000),Drama,4152,2000.0,Vatel,4.25,2
4153,Down to Earth (2001),Comedy|Fantasy|Romance,4153,2001.0,Down to Earth,2.4166666666666665,12
4154,Recess: School's Out (2001),Animation|Children,4154,2001.0,Recess: School's Out,4.0,2
4155,Sweet November (2001),Drama|Romance,4155,2001.0,Sweet November,3.3125,8
4156,Company Man (2000),Comedy,4156,2000.0,Company Man,2.0,1
4157,"Price of Milk, The (2000)",Comedy|Drama|Fantasy|Romance,4157,2000.0,"Price of Milk, The",4.5,1
4158,Monkeybone (2001),Animation|Comedy|Fantasy,4158,2001.0,Monkeybone,2.0833333333333335,6
4159,3000 Miles to Graceland (2001),Action|Thriller,4159,2001.0,3000 Miles to Graceland,2.7142857142857144,7
4160,"Widow of St. Pierre, The (Veuve de Saint-Pierre, La) (2000)",Drama|Romance,4160,2000.0,"Widow of St. Pierre, The (Veuve de Saint-Pierre, La)",4.125,4
4161,"Mexican, The (2001)",Action|Comedy,4161,2001.0,"Mexican, The",3.347826086956522,23
4164,"Caveman's Valentine, The (2001)",Drama,4164,2001.0,"Caveman's Valentine, The",3.5,2
4166,Series 7: The Contenders (2001),Action|Drama,4166,2001.0,Series 7: The Contenders,2.5,2
4167,15 Minutes (2001),Thriller,4167,2001.0,15 Minutes,3.0,10
4168,Get Over It (2001),Comedy|Romance,4168,2001.0,Get Over It,2.75,4
4171,Long Night's Journey Into Day (2000),Documentary,4171,2000.0,Long Night's Journey Into Day,4.0,1
4174,Avalon (1990),Drama,4174,1990.0,Avalon,3.0,1
4175,Gray's Anatomy (1996),Comedy|Drama,4175,1996.0,Gray's Anatomy,3.625,4
4178,Of Mice and Men (1939),Drama,4178,1939.0,Of Mice and Men,3.5,6
4180,Reform School Girls (1986),Action|Drama,4180,1986.0,Reform School Girls,5.0,1
4181,Tapeheads (1988),Comedy,4181,1988.0,Tapeheads,2.0,1
4184,"Bishop's Wife, The (1947)",Comedy|Drama|Romance,4184,1947.0,"Bishop's Wife, The",4.0,1
4187,Lilies of the Field (1963),Drama,4187,1963.0,Lilies of the Field,3.8333333333333335,3
4189,"Greatest Story Ever Told, The (1965)",Drama,4189,1965.0,"Greatest Story Ever Told, The",2.5,1
4190,Elmer Gantry (1960),Drama,4190,1960.0,Elmer Gantry,4.0,2
4191,Alfie (1966),Comedy|Drama|Romance,4191,1966.0,Alfie,3.25,4
4193,"Fantasticks, The (1995)",Musical,4193,1995.0,"Fantasticks, The",4.0,2
4194,I Know Where I'm Going! (1945),Drama|Romance|War,4194,1945.0,I Know Where I'm Going!,0.0,0
4195,"Abominable Dr. Phibes, The (1971)",Horror|Mystery,4195,1971.0,"Abominable Dr. Phibes, The",3.8333333333333335,3
4197,Real Life (1979),Comedy,4197,1979.0,Real Life,3.0,1
4198,Battle Beyond the Stars (1980),Sci-Fi,4198,1980.0,Battle Beyond the Stars,3.0,1
4200,Double Impact (1991),Action,4200,1991.0,Double Impact,3.25,2
4202,Fuzz (1972),Drama,4202,1972.0,Fuzz,3.0,1
4203,Harley Davidson and the Marlboro Man (1991),Action|Crime|Drama,4203,1991.0,Harley Davidson and the Marlboro Man,3.1666666666666665,6
4204,Losin' It (1983),Comedy,4204,1983.0,Losin' It,1.0,1
4205,Mermaids (1990),Comedy|Drama|Romance,4205,1990.0,Mermaids,3.1666666666666665,6
4207,Navy Seals (1990),Action|Adventure|War,4207,1990.0,Navy Seals,2.0,3
4210,Manhunter (1986),Action|Crime|Drama|Horror|Thriller,4210,1986.0,Manhunter,3.9166666666666665,6
4211,Reversal of Fortune (1990),Drama,4211,1990.0,Reversal of Fortune,3.75,6
4212,Death on the Nile (1978),Crime|Mystery,4212,1978.0,Death on the Nile,3.0,1
4214,Revenge of the Nerds (1984),Comedy,4214,1984.0,Revenge of the Nerds,2.8846153846153846,13
4215,Revenge of the Nerds II: Nerds in Paradise (1987),Comedy,4215,1987.0,Revenge of the Nerds II: Nerds in Paradise,2.0833333333333335,6
4217,4 Little Girls (1997),Documentary,4217,1997.0,4 Little Girls,4.25,2
4218,River's Edge (1986),Crime|Drama,4218,1986.0,River's Edge,3.5,1
4219,Girls Just Want to Have Fun (1985),Comedy,4219,1985.0,Girls Just Want to Have Fun,3.3333333333333335,3
4220,"Longest Yard, The (1974)",Comedy,4220,1974.0,"Longest Yard, The",3.4,5
4221,Necessary Roughness (1991),Comedy,4221,1991.0,Necessary Roughness,2.625,4
4223,Enemy at the Gates (2001),Drama|War,4223,2001.0,Enemy at the Gates,3.5125,40
4224,Exit Wounds (2001),Action|Thriller,4224,2001.0,Exit Wounds,2.75,2
4225,"Dish, The (2001)",Comedy,4225,2001.0,"Dish, The",4.0,7
4226,Memento (2000),Mystery|Thriller,4226,2000.0,Memento,4.122641509433962,159
4228,Heartbreakers (2001),Comedy|Crime|Romance,4228,2001.0,Heartbreakers,2.15,10
4229,Say It Isn't So (2001),Comedy|Romance,4229,2001.0,Say It Isn't So,2.125,4
4231,Someone Like You (2001),Comedy|Romance,4231,2001.0,Someone Like You,3.5,5
4232,Spy Kids (2001),Action|Adventure|Children|Comedy,4232,2001.0,Spy Kids,2.9464285714285716,28
4233,Tomcats (2001),Comedy,4233,2001.0,Tomcats,2.0,6
4234,"Tailor of Panama, The (2001)",Drama|Thriller,4234,2001.0,"Tailor of Panama, The",3.2,5
4235,Amores Perros (Love's a Bitch) (2000),Drama|Thriller,4235,2000.0,Amores Perros (Love's a Bitch),3.9347826086956523,23
4236,Keep the River on Your Right: A Modern Cannibal Tale (2000),Documentary,4236,2000.0,Keep the River on Your Right: A Modern Cannibal Tale,3.5,1
4237,"Gleaners & I, The (Les glaneurs et la glaneuse) (2000)",Documentary,4237,2000.0,"Gleaners & I, The (Les glaneurs et la glaneuse)",4.0,1
4238,Along Came a Spider (2001),Action|Crime|Mystery|Thriller,4238,2001.0,Along Came a Spider,3.1470588235294117,17
4239,Blow (2001),Crime|Drama,4239,2001.0,Blow,3.8137254901960786,51
4240,Just Visiting (2001),Comedy|Fantasy,4240,2001.0,Just Visiting,2.0,1
4241,Pokémon 3: The Movie (2001),Animation|Children,4241,2001.0,Pokémon 3: The Movie,2.1,5
4242,Beautiful Creatures (2000),Comedy|Crime|Drama|Thriller,4242,2000.0,Beautiful Creatures,2.0,1
4243,Brigham City (2001),Crime|Drama|Mystery,4243,2001.0,Brigham City,4.0,1
4246,Bridget Jones's Diary (2001),Comedy|Drama|Romance,4246,2001.0,Bridget Jones's Diary,3.623076923076923,65
4247,Joe Dirt (2001),Adventure|Comedy|Mystery|Romance,4247,2001.0,Joe Dirt,2.380952380952381,21
4248,Josie and the Pussycats (2001),Comedy,4248,2001.0,Josie and the Pussycats,1.75,6
4251,Chopper (2000),Drama|Thriller,4251,2000.0,Chopper,2.0,1
4252,"Circle, The (Dayereh) (2000)",Drama,4252,2000.0,"Circle, The (Dayereh)",3.25,2
4254,Crocodile Dundee in Los Angeles (2001),Comedy|Drama,4254,2001.0,Crocodile Dundee in Los Angeles,2.1923076923076925,13
4255,Freddy Got Fingered (2001),Comedy,4255,2001.0,Freddy Got Fingered,2.2,10
4256,"Center of the World, The (2001)",Drama,4256,2001.0,"Center of the World, The",3.6666666666666665,3
4259,"Luzhin Defence, The (2000)",Drama|Romance,4259,2000.0,"Luzhin Defence, The",3.5,4
4260,"Visit, The (2000)",Drama,4260,2000.0,"Visit, The",2.0,1
4262,Scarface (1983),Action|Crime|Drama,4262,1983.0,Scarface,3.9328358208955225,67
4263,Days of Wine and Roses (1962),Drama,4263,1962.0,Days of Wine and Roses,4.0,2
4265,Driven (2001),Action|Thriller,4265,2001.0,Driven,3.0,5
4267,One Night at McCool's (2001),Comedy,4267,2001.0,One Night at McCool's,3.4,5
4268,Town & Country (2001),Comedy,4268,2001.0,Town & Country,2.5,2
4270,"Mummy Returns, The (2001)",Action|Adventure|Comedy|Thriller,4270,2001.0,"Mummy Returns, The",3.088888888888889,45
4273,Under the Sand (2000),Drama,4273,2000.0,Under the Sand,4.5,2
4275,Krull (1983),Action|Adventure|Fantasy|Sci-Fi,4275,1983.0,Krull,2.9,5
4276,Lost in America (1985),Comedy,4276,1985.0,Lost in America,2.5,2
4278,Triumph of the Will (Triumph des Willens) (1934),Documentary,4278,1934.0,Triumph of the Will (Triumph des Willens),4.166666666666667,3
4280,"World According to Garp, The (1982)",Comedy|Drama|Romance,4280,1982.0,"World According to Garp, The",3.5555555555555554,9
4282,Fellini Satyricon (1969),Drama|Fantasy,4282,1969.0,Fellini Satyricon,3.5,1
4284,Frankie and Johnny (1966),Comedy,4284,1966.0,Frankie and Johnny,3.0,1
4285,Frankie and Johnny (1991),Comedy|Romance,4285,1991.0,Frankie and Johnny,2.8333333333333335,3
4289,"City of Women, The (Città delle donne, La) (1980)",Comedy|Drama,4289,1980.0,"City of Women, The (Città delle donne, La)",2.8333333333333335,3
4290,For the Boys (1991),Comedy|Drama|Musical,4290,1991.0,For the Boys,2.0,1
4291,Nine to Five (a.k.a. 9 to 5) (1980),Comedy|Crime,4291,1980.0,Nine to Five (a.k.a. 9 to 5),2.727272727272727,11
4292,Norma Rae (1979),Drama,4292,1979.0,Norma Rae,3.5,2
4293,Summer Rental (1985),Comedy,4293,1985.0,Summer Rental,2.5,4
4294,"5,000 Fingers of Dr. T, The (1953)",Children|Fantasy|Musical,4294,1953.0,"5,000 Fingers of Dr. T, The",4.0,2
4296,Love Story (1970),Drama|Romance,4296,1970.0,Love Story,3.0,2
4297,Pelle the Conqueror (Pelle erobreren) (1987),Drama,4297,1987.0,Pelle the Conqueror (Pelle erobreren),3.75,2
4298,Rififi (Du rififi chez les hommes) (1955),Crime|Film-Noir|Thriller,4298,1955.0,Rififi (Du rififi chez les hommes),4.75,2
4299,"Knight's Tale, A (2001)",Action|Comedy|Romance,4299,2001.0,"Knight's Tale, A",3.341463414634146,41
4300,Bread and Roses (2000),Drama,4300,2000.0,Bread and Roses,4.0,3
4304,Startup.com (2001),Documentary,4304,2001.0,Startup.com,3.6,5
4305,Angel Eyes (2001),Romance|Thriller,4305,2001.0,Angel Eyes,1.625,4
4306,Shrek (2001),Adventure|Animation|Children|Comedy|Fantasy|Romance,4306,2001.0,Shrek,3.8676470588235294,170
4307,"Fast Food, Fast Women (2000)",Comedy|Romance,4307,2000.0,"Fast Food, Fast Women",4.5,1
4308,Moulin Rouge (2001),Drama|Musical|Romance,4308,2001.0,Moulin Rouge,3.590909090909091,55
4310,Pearl Harbor (2001),Action|Drama|Romance|War,4310,2001.0,Pearl Harbor,2.9651162790697674,43
4312,Himalaya (Himalaya - l'enfance d'un chef) (1999),Adventure|Drama,4312,1999.0,Himalaya (Himalaya - l'enfance d'un chef),3.5,2
4313,"Man Who Cried, The (2000)",Drama,4313,2000.0,"Man Who Cried, The",3.5,2
4316,Ice Castles (1978),Drama,4316,1978.0,Ice Castles,2.0,2
4317,Love Potion #9 (1992),Comedy|Romance,4317,1992.0,Love Potion #9,2.5,3
4321,City Slickers (1991),Comedy|Western,4321,1991.0,City Slickers,3.370967741935484,31
4322,Eight Men Out (1988),Drama,4322,1988.0,Eight Men Out,3.75,10
4323,"Horse Soldiers, The (1959)",Adventure|War|Western,4323,1959.0,"Horse Soldiers, The",4.0,1
4325,"Night, The (Notte, La) (1960)",Drama,4325,1960.0,"Night, The (Notte, La)",4.0,1
4326,Mississippi Burning (1988),Crime|Drama|Thriller,4326,1988.0,Mississippi Burning,3.590909090909091,11
4327,"Magnificent Seven, The (1960)",Adventure|Western,4327,1960.0,"Magnificent Seven, The",3.59375,16
4329,Rio Bravo (1959),Western,4329,1959.0,Rio Bravo,3.6666666666666665,3
4333,Throw Momma from the Train (1987),Comedy|Crime,4333,1987.0,Throw Momma from the Train,3.2,10
4334,Yi Yi (2000),Drama,4334,2000.0,Yi Yi,4.6,5
4337,"Sand Pebbles, The (1966)",Drama|Romance|War,4337,1966.0,"Sand Pebbles, The",3.5,2
4338,Twelve O'Clock High (1949),Drama|War,4338,1949.0,Twelve O'Clock High,4.5,1
4339,Von Ryan's Express (1965),Action|Adventure|Drama|War,4339,1965.0,Von Ryan's Express,3.75,4
4340,"Animal, The (2001)",Comedy,4340,2001.0,"Animal, The",2.1363636363636362,11
4342,Big Eden (2000),Drama|Romance,4342,2000.0,Big Eden,4.5,1
4343,Evolution (2001),Comedy|Sci-Fi,4343,2001.0,Evolution,3.037037037037037,27
4344,Swordfish (2001),Action|Crime|Drama,4344,2001.0,Swordfish,3.1029411764705883,34
4345,"Anniversary Party, The (2001)",Drama,4345,2001.0,"Anniversary Party, The",4.0,3
4347,Divided We Fall (Musíme si pomáhat) (2000),Comedy|Drama,4347,2000.0,Divided We Fall (Musíme si pomáhat),3.8333333333333335,3
4349,Catch-22 (1970),Comedy|War,4349,1970.0,Catch-22,3.75,8
4350,Forgotten Silver (1996),Comedy|Documentary,4350,1996.0,Forgotten Silver,4.25,2
4351,Point Break (1991),Action|Crime|Thriller,4351,1991.0,Point Break,3.25,16
4353,Uncommon Valor (1983),Action|War,4353,1983.0,Uncommon Valor,3.0,1
4354,Unlawful Entry (1992),Crime|Thriller,4354,1992.0,Unlawful Entry,2.5,1
4355,Youngblood (1986),Action|Drama,4355,1986.0,Youngblood,2.0,2
4356,Gentlemen Prefer Blondes (1953),Comedy|Musical|Romance,4356,1953.0,Gentlemen Prefer Blondes,3.8,5
4357,How to Marry a Millionaire (1953),Comedy|Drama|Romance,4357,1953.0,How to Marry a Millionaire,4.5,1
4359,"Seven Year Itch, The (1955)",Comedy,4359,1955.0,"Seven Year Itch, The",3.375,8
4361,Tootsie (1982),Comedy|Romance,4361,1982.0,Tootsie,3.421875,32
4366,Atlantis: The Lost Empire (2001),Adventure|Animation|Children|Fantasy,4366,2001.0,Atlantis: The Lost Empire,3.3421052631578947,19
4367,Lara Croft: Tomb Raider (2001),Action|Adventure,4367,2001.0,Lara Croft: Tomb Raider,2.9,40
4368,Dr. Dolittle 2 (2001),Comedy,4368,2001.0,Dr. Dolittle 2,2.3636363636363638,11
4369,"Fast and the Furious, The (2001)",Action|Crime|Thriller,4369,2001.0,"Fast and the Furious, The",3.066666666666667,45
4370,A.I. Artificial Intelligence (2001),Adventure|Drama|Sci-Fi,4370,2001.0,A.I. Artificial Intelligence,3.3392857142857144,56
4371,Baby Boy (2001),Crime|Drama,4371,2001.0,Baby Boy,0.5,1
4372,Crazy/Beautiful (2001),Drama|Romance,4372,2001.0,Crazy/Beautiful,3.4,5
4373,Pootie Tang (2001),Comedy,4373,2001.0,Pootie Tang,3.1666666666666665,3
4374,Let It Snow (1999),Comedy|Romance,4374,1999.0,Let It Snow,4.5,1
4378,Sexy Beast (2000),Crime|Drama,4378,2000.0,Sexy Beast,3.7142857142857144,14
4380,"Princess and the Warrior, The (Krieger und die Kaiserin, Der) (2000)",Drama|Romance,4380,2000.0,"Princess and the Warrior, The (Krieger und die Kaiserin, Der)",3.857142857142857,7
4381,"Closet, The (Placard, Le) (2001)",Comedy,4381,2001.0,"Closet, The (Placard, Le)",3.375,4
4383,"Crimson Rivers, The (Rivières pourpres, Les) (2000)",Crime|Drama|Mystery|Thriller,4383,2000.0,"Crimson Rivers, The (Rivières pourpres, Les)",3.5,5
4384,Lumumba (2000),Drama,4384,2000.0,Lumumba,3.0,1
4386,Cats & Dogs (2001),Children|Comedy,4386,2001.0,Cats & Dogs,2.8181818181818183,11
4387,Kiss of the Dragon (2001),Action,4387,2001.0,Kiss of the Dragon,3.7777777777777777,9
4388,Scary Movie 2 (2001),Comedy,4388,2001.0,Scary Movie 2,2.6538461538461537,26
4389,Lost and Delirious (2001),Drama,4389,2001.0,Lost and Delirious,3.625,4
4390,Rape Me (Baise-moi) (2000),Crime|Drama|Thriller,4390,2000.0,Rape Me (Baise-moi),3.5,2
4392,Alice (1990),Comedy|Drama|Fantasy|Romance,4392,1990.0,Alice,3.0,3
4393,Another Woman (1988),Drama,4393,1988.0,Another Woman,4.5,1
4394,Beach Blanket Bingo (1965),Comedy|Musical,4394,1965.0,Beach Blanket Bingo,1.5,1
4395,Big Deal on Madonna Street (I Soliti Ignoti) (1958),Comedy|Crime,4395,1958.0,Big Deal on Madonna Street (I Soliti Ignoti),4.0,1
4396,"Cannonball Run, The (1981)",Action|Comedy,4396,1981.0,"Cannonball Run, The",2.75,10
4397,Cannonball Run II (1984),Action|Comedy,4397,1984.0,Cannonball Run II,2.5,2
4399,"Diary of a Chambermaid (Journal d'une femme de chambre, Le) (1964)",Comedy|Drama,4399,1964.0,"Diary of a Chambermaid (Journal d'une femme de chambre, Le)",3.75,2
4402,Dr. Goldfoot and the Bikini Machine (1965),Comedy,4402,1965.0,Dr. Goldfoot and the Bikini Machine,5.0,1
4403,"Fall of the House of Usher, The (House of Usher) (1960)",Horror,4403,1960.0,"Fall of the House of Usher, The (House of Usher)",3.0,2
4404,Faust (1926),Drama|Fantasy|Horror,4404,1926.0,Faust,4.0,1
4406,"Man Who Shot Liberty Valance, The (1962)",Crime|Drama|Western,4406,1962.0,"Man Who Shot Liberty Valance, The",4.4,5
4407,Salvador (1986),Drama|Thriller|War,4407,1986.0,Salvador,4.5,1
4408,September (1987),Drama,4408,1987.0,September,3.5,1
4409,Shadows and Fog (1991),Comedy|Drama|Mystery|Thriller,4409,1991.0,Shadows and Fog,3.3333333333333335,3
4410,Something Wild (1986),Comedy|Crime|Drama,4410,1986.0,Something Wild,4.0,1
4412,"Thing with Two Heads, The (1972)",Comedy|Horror|Sci-Fi,4412,1972.0,"Thing with Two Heads, The",0.75,2
4419,All That Heaven Allows (1955),Drama|Romance,4419,1955.0,All That Heaven Allows,4.25,4
4420,"Barefoot Contessa, The (1954)",Drama,4420,1954.0,"Barefoot Contessa, The",3.0,1
4422,Cries and Whispers (Viskningar och rop) (1972),Drama,4422,1972.0,Cries and Whispers (Viskningar och rop),4.0,2
4424,"Garden of the Finzi-Continis, The (Giardino dei Finzi-Contini, Il) (1970)",Drama,4424,1970.0,"Garden of the Finzi-Continis, The (Giardino dei Finzi-Contini, Il)",3.6666666666666665,3
4426,Kiss Me Deadly (1955),Film-Noir,4426,1955.0,Kiss Me Deadly,4.0,2
4427,"Lion in Winter, The (1968)",Drama,4427,1968.0,"Lion in Winter, The",3.6666666666666665,9
4428,"Misfits, The (1961)",Comedy|Drama|Romance|Western,4428,1961.0,"Misfits, The",3.25,2
4429,Moby Dick (1956),Drama,4429,1956.0,Moby Dick,4.5,2
4432,Sweet Smell of Success (1957),Drama|Film-Noir,4432,1957.0,Sweet Smell of Success,4.125,4
4433,Written on the Wind (1956),Drama,4433,1956.0,Written on the Wind,4.25,2
4434,"10th Victim, The (La decima vittima) (1965)",Action|Comedy|Sci-Fi|Thriller,4434,1965.0,"10th Victim, The (La decima vittima)",4.0,1
4436,Obsession (1976),Mystery|Thriller,4436,1976.0,Obsession,3.0,1
4437,Suspiria (1977),Horror,4437,1977.0,Suspiria,3.9375,8
4438,"Fist of Fury (Chinese Connection, The) (Jing wu men) (1972)",Action|Drama|Romance|Thriller,4438,1972.0,"Fist of Fury (Chinese Connection, The) (Jing wu men)",3.8333333333333335,3
4439,Christiane F. (a.k.a. We Children from Bahnhof Zoo) (Christiane F. - Wir Kinder vom Bahnhof Zoo) (1981),Drama,4439,1981.0,Christiane F. (a.k.a. We Children from Bahnhof Zoo) (Christiane F. - Wir Kinder vom Bahnhof Zoo),3.625,4
4440,"Big Boss, The (Fists of Fury) (Tang shan da xiong) (1971)",Action|Thriller,4440,1971.0,"Big Boss, The (Fists of Fury) (Tang shan da xiong)",3.75,2
4441,Game of Death (1978),Action,4441,1978.0,Game of Death,4.166666666666667,3
4442,"Last Dragon, The (1985)",Action|Comedy|Drama,4442,1985.0,"Last Dragon, The",2.6666666666666665,3
4443,Outland (1981),Action|Sci-Fi|Thriller,4443,1981.0,Outland,2.75,2
4444,"Way of the Dragon, The (a.k.a. Return of the Dragon) (Meng long guo jiang) (1972)",Action|Crime,4444,1972.0,"Way of the Dragon, The (a.k.a. Return of the Dragon) (Meng long guo jiang)",4.166666666666667,3
4445,T-Rex: Back to the Cretaceous (1998),Adventure|Documentary|IMAX,4445,1998.0,T-Rex: Back to the Cretaceous,4.0,1
4446,Final Fantasy: The Spirits Within (2001),Adventure|Animation|Fantasy|Sci-Fi,4446,2001.0,Final Fantasy: The Spirits Within,3.3548387096774195,31
4447,Legally Blonde (2001),Comedy|Romance,4447,2001.0,Legally Blonde,3.15625,64
4448,"Score, The (2001)",Action|Drama,4448,2001.0,"Score, The",3.55,20
4449,Adanggaman (2000),Drama,4449,2000.0,Adanggaman,2.0,1
4450,Bully (2001),Crime|Drama|Thriller,4450,2001.0,Bully,3.642857142857143,7
4451,Jump Tomorrow (2001),Comedy|Drama|Romance,4451,2001.0,Jump Tomorrow,3.5,1
4452,Made (2001),Comedy,4452,2001.0,Made,2.6666666666666665,6
4453,Michael Jordan to the Max (2000),Documentary|IMAX,4453,2000.0,Michael Jordan to the Max,3.5,1
4454,More (1998),Animation|Drama|Sci-Fi|IMAX,4454,1998.0,More,5.0,1
4458,Africa: The Serengeti (1994),Documentary|IMAX,4458,1994.0,Africa: The Serengeti,4.0,1
4459,Alaska: Spirit of the Wild (1997),Documentary|IMAX,4459,1997.0,Alaska: Spirit of the Wild,4.0,1
4462,18 Again! (1988),Comedy|Fantasy,4462,1988.0,18 Again!,1.5,2
4463,1969 (1988),Drama|War,4463,1988.0,1969,2.0,1
4464,"Accidental Tourist, The (1988)",Comedy|Drama|Romance,4464,1988.0,"Accidental Tourist, The",3.6,5
4465,"Accused, The (1988)",Drama,4465,1988.0,"Accused, The",3.7,5
4466,Above the Law (1988),Action|Crime|Drama,4466,1988.0,Above the Law,2.5,2
4467,"Adventures of Baron Munchausen, The (1988)",Adventure|Comedy|Fantasy,4467,1988.0,"Adventures of Baron Munchausen, The",3.769230769230769,13
4470,Ariel (1988),Drama,4470,1988.0,Ariel,3.0,2
4471,Arthur 2: On the Rocks (1988),Comedy|Romance,4471,1988.0,Arthur 2: On the Rocks,1.5,3
4473,Bat*21 (1988),Drama|War,4473,1988.0,Bat*21,3.0,1
4474,Beaches (1988),Comedy|Drama|Musical,4474,1988.0,Beaches,2.9,5
4475,"Beast of War, The (Beast, The) (1988)",Drama|War,4475,1988.0,"Beast of War, The (Beast, The)",4.0,1
4476,Big Business (1988),Comedy,4476,1988.0,Big Business,2.3333333333333335,3
4477,Big Top Pee-Wee (1988),Adventure|Children|Comedy,4477,1988.0,Big Top Pee-Wee,1.9375,8
4478,Biloxi Blues (1988),Comedy|Drama,4478,1988.0,Biloxi Blues,3.5,2
4480,"Blob, The (1988)",Horror|Sci-Fi,4480,1988.0,"Blob, The",2.8333333333333335,3
4482,"Bright Lights, Big City (1988)",Drama,4482,1988.0,"Bright Lights, Big City",3.1666666666666665,3
4483,Caddyshack II (1988),Comedy,4483,1988.0,Caddyshack II,1.5,3
4484,Camille Claudel (1988),Drama,4484,1988.0,Camille Claudel,3.75,2
4487,Cocktail (1988),Drama|Romance,4487,1988.0,Cocktail,2.9545454545454546,11
4488,Colors (1988),Action|Crime|Drama,4488,1988.0,Colors,3.3333333333333335,3
4489,Coming to America (1988),Comedy|Romance,4489,1988.0,Coming to America,3.4583333333333335,24
4490,"Couch Trip, The (1988)",Comedy,4490,1988.0,"Couch Trip, The",2.0,1
4492,Critters (1986),Comedy|Sci-Fi,4492,1986.0,Critters,3.0,3
4495,Crossing Delancey (1988),Comedy|Romance,4495,1988.0,Crossing Delancey,5.0,1
4496,D.O.A. (1988),Film-Noir|Mystery|Thriller,4496,1988.0,D.O.A.,3.5,1
4497,Dead Heat (1988),Action|Comedy|Horror|Sci-Fi,4497,1988.0,Dead Heat,3.0,1
4498,"Dead Pool, The (1988)",Action|Crime|Thriller,4498,1988.0,"Dead Pool, The",3.0,6
4499,Dirty Rotten Scoundrels (1988),Comedy,4499,1988.0,Dirty Rotten Scoundrels,4.125,16
4500,Drowning by Numbers (1988),Comedy|Drama,4500,1988.0,Drowning by Numbers,4.0,1
4502,Ernest Saves Christmas (1988),Children|Comedy,4502,1988.0,Ernest Saves Christmas,1.625,4
4504,Feds (1988),Comedy,4504,1988.0,Feds,1.5,1
4505,For Keeps (1988),Drama|Romance,4505,1988.0,For Keeps,3.0,1
4506,Frantic (1988),Crime|Mystery|Thriller,4506,1988.0,Frantic,3.1666666666666665,3
4508,Gorillas in the Mist (1988),Drama,4508,1988.0,Gorillas in the Mist,3.5,8
4509,"Great Outdoors, The (1988)",Comedy,4509,1988.0,"Great Outdoors, The",2.9,5
4511,High Spirits (1988),Comedy,4511,1988.0,High Spirits,2.0,1
4516,Johnny Be Good (1988),Comedy,4516,1988.0,Johnny Be Good,3.0,2
4517,Lady in White (a.k.a. The Mystery of the Lady in White) (1988),Horror|Mystery|Thriller,4517,1988.0,Lady in White (a.k.a. The Mystery of the Lady in White),1.75,2
4518,The Lair of the White Worm (1988),Comedy|Horror,4518,1988.0,The Lair of the White Worm,3.75,4
4519,"Land Before Time, The (1988)",Adventure|Animation|Children|Fantasy,4519,1988.0,"Land Before Time, The",3.3333333333333335,9
4520,License to Drive (1988),Comedy,4520,1988.0,License to Drive,2.3333333333333335,3
4521,Little Nikita (1988),Drama,4521,1988.0,Little Nikita,3.0,1
4522,Masquerade (1988),Mystery|Romance|Thriller,4522,1988.0,Masquerade,1.0,1
4523,Milagro Beanfield War (1988),Comedy|Drama|Fantasy,4523,1988.0,Milagro Beanfield War,3.5,2
4524,Moon Over Parador (1988),Comedy,4524,1988.0,Moon Over Parador,3.0,1
4526,My Stepmother Is an Alien (1988),Comedy|Romance|Sci-Fi,4526,1988.0,My Stepmother Is an Alien,3.1,5
4527,"Night in the Life of Jimmy Reardon, A (1988)",Comedy|Romance,4527,1988.0,"Night in the Life of Jimmy Reardon, A",2.5,2
4529,Bagdad Cafe (Out of Rosenheim) (1987),Comedy|Drama,4529,1987.0,Bagdad Cafe (Out of Rosenheim),3.875,4
4531,Red Heat (1988),Action,4531,1988.0,Red Heat,2.6666666666666665,3
4533,"Return of the Living Dead, The (1985)",Comedy|Horror|Sci-Fi,4533,1985.0,"Return of the Living Dead, The",3.75,4
4534,Return to Snowy River (a.k.a. The Man From Snowy River II) (1988),Adventure|Drama|Western,4534,1988.0,Return to Snowy River (a.k.a. The Man From Snowy River II),2.5,2
4535,"Man from Snowy River, The (1982)",Drama|Romance|Western,4535,1982.0,"Man from Snowy River, The",3.375,4
4537,Running on Empty (1988),Drama,4537,1988.0,Running on Empty,4.333333333333333,3
4541,"Serpent and the Rainbow, The (1988)",Horror,4541,1988.0,"Serpent and the Rainbow, The",3.5,2
4544,Short Circuit 2 (1988),Comedy|Sci-Fi,4544,1988.0,Short Circuit 2,2.9,5
4545,Short Circuit (1986),Comedy|Sci-Fi,4545,1986.0,Short Circuit,3.275,20
4546,"Vanishing, The (Spoorloos) (1988)",Drama|Thriller,4546,1988.0,"Vanishing, The (Spoorloos)",3.9166666666666665,6
4552,"Tetsuo, the Ironman (Tetsuo) (1988)",Action|Horror|Sci-Fi|Thriller,4552,1988.0,"Tetsuo, the Ironman (Tetsuo)",3.5,3
4553,They Live (1988),Action|Sci-Fi|Thriller,4553,1988.0,They Live,3.7222222222222223,9
4557,Tucker: The Man and His Dream (1988),Drama,4557,1988.0,Tucker: The Man and His Dream,3.0,1
4558,Twins (1988),Comedy,4558,1988.0,Twins,2.4642857142857144,14
4562,Without a Clue (1988),Comedy|Mystery,4562,1988.0,Without a Clue,4.0,1
4563,Young Einstein (1988),Comedy,4563,1988.0,Young Einstein,1.8333333333333333,3
4564,Always (1989),Drama|Fantasy|Romance,4564,1989.0,Always,2.8333333333333335,6
4565,American Ninja (1985),Action|Adventure,4565,1985.0,American Ninja,2.5,2
4568,Best of the Best (1989),Action,4568,1989.0,Best of the Best,2.5,1
4571,Bill & Ted's Excellent Adventure (1989),Adventure|Comedy|Sci-Fi,4571,1989.0,Bill & Ted's Excellent Adventure,3.7,45
4572,Black Rain (1989),Action|Crime|Drama,4572,1989.0,Black Rain,3.0,3
4573,Blaze (1989),Comedy|Drama,4573,1989.0,Blaze,2.0,1
4574,Blind Fury (1989),Action|Thriller,4574,1989.0,Blind Fury,3.25,2
4577,Casualties of War (1989),Drama|War,4577,1989.0,Casualties of War,3.8333333333333335,3
4578,Chances Are (1989),Comedy|Romance,4578,1989.0,Chances Are,2.5,2
4580,Cyborg (1989),Action|Sci-Fi,4580,1989.0,Cyborg,0.5,2
4581,Dad (1989),Drama,4581,1989.0,Dad,4.0,1
4583,Disorganized Crime (1989),Action|Comedy,4583,1989.0,Disorganized Crime,4.0,1
4584,Dream a Little Dream (1989),Comedy|Drama|Romance,4584,1989.0,Dream a Little Dream,2.0,1
4585,"Dream Team, The (1989)",Comedy,4585,1989.0,"Dream Team, The",3.375,4
4587,Earth Girls Are Easy (1988),Comedy|Musical|Sci-Fi,4587,1988.0,Earth Girls Are Easy,2.25,8
4589,Eddie and the Cruisers (1983),Drama|Musical|Mystery,4589,1983.0,Eddie and the Cruisers,2.0,2
4591,Erik the Viking (1989),Adventure|Comedy|Fantasy,4591,1989.0,Erik the Viking,3.0,5
4593,Family Business (1989),Comedy,4593,1989.0,Family Business,2.25,2
4594,Farewell to the King (1989),Action|War,4594,1989.0,Farewell to the King,3.0,1
4595,Fat Man and Little Boy (1989),Drama,4595,1989.0,Fat Man and Little Boy,3.5,1
4597,Gleaming the Cube (1989),Action|Drama|Mystery,4597,1989.0,Gleaming the Cube,2.0,1
4599,Great Balls of Fire! (1989),Drama,4599,1989.0,Great Balls of Fire!,2.5,2
4600,Gross Anatomy (a.k.a. A Cut Above) (1989),Comedy|Drama,4600,1989.0,Gross Anatomy (a.k.a. A Cut Above),3.25,2
4602,Harlem Nights (1989),Comedy|Crime|Romance,4602,1989.0,Harlem Nights,3.0,3
4603,Her Alibi (1989),Comedy|Romance,4603,1989.0,Her Alibi,2.5,1
4605,How to Get Ahead in Advertising (1989),Comedy|Fantasy,4605,1989.0,How to Get Ahead in Advertising,3.625,4
4608,"Innocent Man, An (1989)",Crime|Drama,4608,1989.0,"Innocent Man, An",2.25,2
4610,"January Man, The (1989)",Comedy|Crime|Mystery|Thriller,4610,1989.0,"January Man, The",2.0,1
4611,Johnny Handsome (1989),Crime|Drama,4611,1989.0,Johnny Handsome,4.0,1
4612,Jesus of Montreal (Jésus de Montréal) (1989),Drama,4612,1989.0,Jesus of Montreal (Jésus de Montréal),4.5,1
4613,K-9 (1989),Action|Comedy|Crime,4613,1989.0,K-9,2.0,1
4614,Kickboxer (1989),Action,4614,1989.0,Kickboxer,2.5,1
4615,Last Exit to Brooklyn (1989),Drama,4615,1989.0,Last Exit to Brooklyn,4.0,1
4616,Lean on Me (1989),Drama,4616,1989.0,Lean on Me,3.5,6
4617,Let It Ride (1989),Comedy,4617,1989.0,Let It Ride,3.5,2
4619,Little Monsters (1989),Comedy,4619,1989.0,Little Monsters,2.25,2
4621,Look Who's Talking (1989),Comedy|Romance,4621,1989.0,Look Who's Talking,2.388888888888889,18
4622,Loverboy (1989),Comedy,4622,1989.0,Loverboy,2.5,2
4623,Major League (1989),Comedy,4623,1989.0,Major League,3.575,20
4624,Meet the Feebles (1989),Animation|Comedy|Musical,4624,1989.0,Meet the Feebles,3.0,3
4625,Millennium (1989),Drama|Sci-Fi|Thriller,4625,1989.0,Millennium,2.0,3
4626,Miracle Mile (1989),Drama|Romance|Sci-Fi,4626,1989.0,Miracle Mile,3.5,2
4628,New York Stories (1989),Comedy|Drama,4628,1989.0,New York Stories,3.125,4
4629,Next of Kin (1989),Action|Crime|Thriller,4629,1989.0,Next of Kin,1.75,2
4630,No Holds Barred (1989),Action,4630,1989.0,No Holds Barred,1.0,1
4632,"Package, The (1989)",Action|Thriller,4632,1989.0,"Package, The",3.0,2
4634,Penn & Teller Get Killed (1989),Adventure|Comedy,4634,1989.0,Penn & Teller Get Killed,4.0,2
4635,Pink Cadillac (1989),Action|Comedy|Drama,4635,1989.0,Pink Cadillac,1.0,1
4636,"Punisher, The (1989)",Action,4636,1989.0,"Punisher, The",2.3333333333333335,3
4638,Jurassic Park III (2001),Action|Adventure|Sci-Fi|Thriller,4638,2001.0,Jurassic Park III,2.8472222222222223,36
4639,America's Sweethearts (2001),Comedy|Romance,4639,2001.0,America's Sweethearts,2.5833333333333335,18
4640,Brother (2000),Action|Crime|Thriller,4640,2000.0,Brother,3.75,4
4641,Ghost World (2001),Comedy|Drama,4641,2001.0,Ghost World,3.5,34
4642,Hedwig and the Angry Inch (2000),Comedy|Drama|Musical,4642,2000.0,Hedwig and the Angry Inch,4.181818181818182,11
4643,Planet of the Apes (2001),Action|Adventure|Drama|Sci-Fi,4643,2001.0,Planet of the Apes,2.7448979591836733,49
4644,Bread and Tulips (Pane e tulipani) (2000),Comedy|Drama|Romance,4644,2000.0,Bread and Tulips (Pane e tulipani),3.6666666666666665,3
4645,Cure (1997),Crime|Horror|Thriller,4645,1997.0,Cure,4.5,1
4646,Greenfingers (2000),Comedy|Drama,4646,2000.0,Greenfingers,1.5,1
4649,Wet Hot American Summer (2001),Comedy,4649,2001.0,Wet Hot American Summer,3.642857142857143,7
4653,"Return of the Musketeers, The (1989)",Adventure|Comedy,4653,1989.0,"Return of the Musketeers, The",3.0,1
4654,Road House (1989),Action|Drama,4654,1989.0,Road House,2.7857142857142856,7
4658,Santa Sangre (1989),Drama|Horror|Mystery|Thriller,4658,1989.0,Santa Sangre,3.5,1
4660,Scenes from the Class Struggle in Beverly Hills (1989),Comedy,4660,1989.0,Scenes from the Class Struggle in Beverly Hills,4.0,1
4661,Sea of Love (1989),Crime|Drama|Thriller,4661,1989.0,Sea of Love,3.0,2
4662,"See No Evil, Hear No Evil (1989)",Comedy|Crime,4662,1989.0,"See No Evil, Hear No Evil",3.1666666666666665,3
4663,She's Out of Control (1989),Comedy,4663,1989.0,She's Out of Control,2.8333333333333335,3
4666,Skin Deep (1989),Comedy,4666,1989.0,Skin Deep,3.0,1
4670,"Stepfather, The (1987)",Horror|Thriller,4670,1987.0,"Stepfather, The",2.5,1
4671,Sweetie (1989),Drama,4671,1989.0,Sweetie,3.5,1
4672,"Tall Guy, The (1989)",Comedy|Romance,4672,1989.0,"Tall Guy, The",2.75,2
4673,Tango & Cash (1989),Action|Comedy|Crime|Thriller,4673,1989.0,Tango & Cash,1.6666666666666667,3
4675,Three Fugitives (1989),Action|Comedy,4675,1989.0,Three Fugitives,1.0,1
4676,Troop Beverly Hills (1989),Comedy,4676,1989.0,Troop Beverly Hills,1.9166666666666667,6
4677,Turner & Hooch (1989),Comedy|Crime,4677,1989.0,Turner & Hooch,3.0384615384615383,13
4678,UHF (1989),Comedy,4678,1989.0,UHF,3.4444444444444446,9
4679,Uncle Buck (1989),Comedy,4679,1989.0,Uncle Buck,2.8846153846153846,13
4681,"War of the Roses, The (1989)",Comedy|Drama,4681,1989.0,"War of the Roses, The",3.642857142857143,7
4683,"Wizard, The (1989)",Adventure|Children|Comedy|Drama,4683,1989.0,"Wizard, The",3.25,2
4686,Weekend at Bernie's II (1993),Adventure|Comedy,4686,1993.0,Weekend at Bernie's II,1.625,4
4687,Billy Liar (1963),Comedy,4687,1963.0,Billy Liar,3.5,1
4688,Black Robe (1991),Adventure|Drama,4688,1991.0,Black Robe,3.3333333333333335,3
4689,"Cat o' Nine Tails, The (Gatto a nove code, Il) (1971)",Mystery|Thriller,4689,1971.0,"Cat o' Nine Tails, The (Gatto a nove code, Il)",3.5,1
4690,"Cotton Club, The (1984)",Crime|Musical,4690,1984.0,"Cotton Club, The",3.25,2
4695,Who'll Stop the Rain (1978),Crime|Drama,4695,1978.0,Who'll Stop the Rain,4.0,1
4697,Basket Case (1982),Comedy|Horror,4697,1982.0,Basket Case,2.625,4
4699,Original Sin (2001),Drama|Romance|Thriller,4699,2001.0,Original Sin,2.75,2
4700,"Princess Diaries, The (2001)",Children|Comedy|Romance,4700,2001.0,"Princess Diaries, The",3.037037037037037,27
4701,Rush Hour 2 (2001),Action|Comedy,4701,2001.0,Rush Hour 2,3.370967741935484,31
4703,Chocolat (1988),Drama,4703,1988.0,Chocolat,3.375,4
4704,Hatari! (1962),Adventure|Comedy,4704,1962.0,Hatari!,3.0,1
4705,"Cage aux Folles, La (1978)",Comedy,4705,1978.0,"Cage aux Folles, La",3.0,1
4708,Marat/Sade (1966),Drama|Musical,4708,1966.0,Marat/Sade,4.5,2
4709,Paint Your Wagon (1969),Comedy|Musical|Western,4709,1969.0,Paint Your Wagon,2.8333333333333335,3
4710,"Shootist, The (1976)",Drama|Western,4710,1976.0,"Shootist, The",3.5,1
4711,Theremin: An Electronic Odyssey (1993),Documentary,4711,1993.0,Theremin: An Electronic Odyssey,4.0,2
4713,Altered States (1980),Drama|Sci-Fi,4713,1980.0,Altered States,3.5714285714285716,7
4714,Any Which Way You Can (1980),Comedy,4714,1980.0,Any Which Way You Can,2.0,2
4715,"Awakening, The (1980)",Horror,4715,1980.0,"Awakening, The",3.0,1
4717,"Battle Creek Brawl (Big Brawl, The) (1980)",Action|Comedy,4717,1980.0,"Battle Creek Brawl (Big Brawl, The)",4.0,1
4718,American Pie 2 (2001),Comedy,4718,2001.0,American Pie 2,3.066666666666667,45
4719,Osmosis Jones (2001),Action|Animation|Comedy|Crime|Drama|Romance|Thriller,4719,2001.0,Osmosis Jones,2.625,8
4720,"Others, The (2001)",Drama|Horror|Mystery|Thriller,4720,2001.0,"Others, The",3.6272727272727274,55
4721,American Outlaws (2001),Action|Comedy|Western,4721,2001.0,American Outlaws,2.125,4
4722,All Over the Guy (2001),Comedy,4722,2001.0,All Over the Guy,3.0,1
4723,"Deep End, The (2001)",Drama,4723,2001.0,"Deep End, The",1.8333333333333333,3
4725,Session 9 (2001),Horror|Thriller,4725,2001.0,Session 9,3.625,4
4727,Captain Corelli's Mandolin (2001),Drama|Romance|War,4727,2001.0,Captain Corelli's Mandolin,3.125,4
4728,Rat Race (2001),Comedy,4728,2001.0,Rat Race,3.0555555555555554,18
4732,Bubble Boy (2001),Comedy,4732,2001.0,Bubble Boy,1.8888888888888888,9
4733,"Curse of the Jade Scorpion, The (2001)",Comedy,4733,2001.0,"Curse of the Jade Scorpion, The",2.5,3
4734,Jay and Silent Bob Strike Back (2001),Adventure|Comedy,4734,2001.0,Jay and Silent Bob Strike Back,3.161764705882353,34
4735,Ghosts of Mars (2001),Horror|Sci-Fi|Thriller,4735,2001.0,Ghosts of Mars,2.6,5
4736,Summer Catch (2001),Comedy|Drama|Romance,4736,2001.0,Summer Catch,2.6666666666666665,3
4738,Happy Accidents (2000),Romance|Sci-Fi,4738,2000.0,Happy Accidents,4.0,4
4740,Maybe Baby (2000),Comedy|Romance,4740,2000.0,Maybe Baby,3.5,1
4741,Together (Tillsammans) (2000),Comedy|Drama|Romance,4741,2000.0,Together (Tillsammans),3.7142857142857144,7
4743,Tortilla Soup (2001),Comedy|Romance,4743,2001.0,Tortilla Soup,3.25,2
4744,Jeepers Creepers (2001),Horror,4744,2001.0,Jeepers Creepers,2.5,7
4745,O (2001),Drama,4745,2001.0,O,3.625,4
4748,3 Ninjas (1992),Action|Children|Comedy,4748,1992.0,3 Ninjas,2.0833333333333335,6
4749,3 Ninjas Kick Back (1994),Action|Children|Comedy,4749,1994.0,3 Ninjas Kick Back,1.25,2
4750,3 Ninjas Knuckle Up (1995),Action|Children,4750,1995.0,3 Ninjas Knuckle Up,0.5,1
4754,"Wicker Man, The (1973)",Drama|Horror|Mystery|Thriller,4754,1973.0,"Wicker Man, The",3.9166666666666665,6
4756,"Musketeer, The (2001)",Action|Adventure|Drama|Romance,4756,2001.0,"Musketeer, The",1.5,2
4757,Rock Star (2001),Comedy|Drama|Musical,4757,2001.0,Rock Star,2.5,3
4759,Two Can Play That Game (2001),Comedy|Drama,4759,2001.0,Two Can Play That Game,4.0,1
4765,L.I.E. (2001),Drama,4765,2001.0,L.I.E.,4.333333333333333,3
4766,"Our Lady of the Assassins (Virgen de los sicarios, La) (2000)",Crime|Drama|Romance,4766,2000.0,"Our Lady of the Assassins (Virgen de los sicarios, La)",4.0,1
4769,Into the Arms of Strangers: Stories of the Kindertransport (2000),Documentary,4769,2000.0,Into the Arms of Strangers: Stories of the Kindertransport,3.0,1
4770,"Glass House, The (2001)",Thriller,4770,2001.0,"Glass House, The",2.75,2
4771,Hardball (2001),Drama,4771,2001.0,Hardball,2.6666666666666665,3
4772,Dinner Rush (2000),Drama,4772,2000.0,Dinner Rush,3.5,1
4773,Haiku Tunnel (2001),Comedy,4773,2001.0,Haiku Tunnel,3.0,4
4774,Big Trouble (2002),Comedy|Crime,4774,2002.0,Big Trouble,2.1666666666666665,6
4775,Glitter (2001),Drama|Musical|Romance,4775,2001.0,Glitter,0.5,1
4776,Training Day (2001),Crime|Drama|Thriller,4776,2001.0,Training Day,3.7941176470588234,51
4777,"American Astronaut, The (2001)",Comedy|Musical|Sci-Fi,4777,2001.0,"American Astronaut, The",2.5,1
4780,Liam (2000),Drama,4780,2000.0,Liam,2.0,2
4782,Sidewalks of New York (2001),Comedy|Romance,4782,2001.0,Sidewalks of New York,2.5,2
4783,"Endurance: Shackleton's Legendary Antarctic Expedition, The (2000)",Documentary,4783,2000.0,"Endurance: Shackleton's Legendary Antarctic Expedition, The",3.5,1
4784,"French Lieutenant's Woman, The (1981)",Drama,4784,1981.0,"French Lieutenant's Woman, The",3.0,2
4785,"Great Silence, The (Grande silenzio, Il) (1969)",Drama|Western,4785,1969.0,"Great Silence, The (Grande silenzio, Il)",4.0,1
4786,"Legend of Hell House, The (1973)",Horror|Thriller,4786,1973.0,"Legend of Hell House, The",1.0,1
4787,Little Man Tate (1991),Drama,4787,1991.0,Little Man Tate,3.35,10
4788,Moscow Does Not Believe in Tears (Moskva slezam ne verit) (1979),Drama|Romance,4788,1979.0,Moscow Does Not Believe in Tears (Moskva slezam ne verit),5.0,1
4789,Phantom of the Paradise (1974),Comedy|Fantasy|Horror|Musical|Thriller,4789,1974.0,Phantom of the Paradise,4.333333333333333,3
4792,13 Ghosts (1960),Horror,4792,1960.0,13 Ghosts,3.125,4
4794,Opera (1987),Crime|Horror|Mystery,4794,1987.0,Opera,3.0,3
4795,Father Goose (1964),Adventure|Comedy|Romance|War,4795,1964.0,Father Goose,3.6666666666666665,3
4796,"Grass Is Greener, The (1960)",Comedy|Romance,4796,1960.0,"Grass Is Greener, The",3.25,2
4798,Indiscreet (1958),Comedy|Romance,4798,1958.0,Indiscreet,3.5,1
4799,"It's a Mad, Mad, Mad, Mad World (1963)",Action|Adventure|Comedy|Crime,4799,1963.0,"It's a Mad, Mad, Mad, Mad World",3.25,10
4800,King Solomon's Mines (1937),Action|Adventure|Drama|Romance|Thriller,4800,1937.0,King Solomon's Mines,2.5,1
4801,"Little Foxes, The (1941)",Drama,4801,1941.0,"Little Foxes, The",4.0,2
4802,Operation Petticoat (1959),Action|Comedy|Romance|War,4802,1959.0,Operation Petticoat,3.0,4
4803,Play Misty for Me (1971),Drama|Thriller,4803,1971.0,Play Misty for Me,3.625,4
4804,Pocketful of Miracles (1961),Comedy|Drama,4804,1961.0,Pocketful of Miracles,3.5,1
4808,"Vanishing, The (1993)",Mystery|Thriller,4808,1993.0,"Vanishing, The",2.375,4
4809,Silkwood (1983),Drama,4809,1983.0,Silkwood,4.166666666666667,3
4810,I Never Promised You a Rose Garden (1977),Drama,4810,1977.0,I Never Promised You a Rose Garden,2.0,1
4811,Quadrophenia (1979),Drama|Musical,4811,1979.0,Quadrophenia,3.0,2
4812,SpaceCamp (1986),Adventure|Sci-Fi,4812,1986.0,SpaceCamp,2.1666666666666665,6
4813,When Worlds Collide (1951),Sci-Fi,4813,1951.0,When Worlds Collide,5.0,1
4814,Don't Say a Word (2001),Thriller,4814,2001.0,Don't Say a Word,2.5,5
4815,Hearts in Atlantis (2001),Drama,4815,2001.0,Hearts in Atlantis,2.9166666666666665,6
4816,Zoolander (2001),Comedy,4816,2001.0,Zoolander,3.509259259259259,54
4818,Extreme Days (2001),Action|Adventure|Comedy|Drama,4818,2001.0,Extreme Days,2.0,1
4821,Joy Ride (2001),Adventure|Thriller,4821,2001.0,Joy Ride,3.1,5
4822,Max Keeble's Big Move (2001),Children|Comedy,4822,2001.0,Max Keeble's Big Move,2.5,3
4823,Serendipity (2001),Comedy|Romance,4823,2001.0,Serendipity,3.14,25
4825,"Swamp, The (Ciénaga, La) (2001)",Comedy|Drama,4825,2001.0,"Swamp, The (Ciénaga, La)",3.0,1
4826,"Big Red One, The (1980)",Action|Adventure|Drama|War,4826,1980.0,"Big Red One, The",4.25,2
4827,"Boogeyman, The (1980)",Horror,4827,1980.0,"Boogeyman, The",3.0,1
4828,"Party, The (Boum, La) (1980)",Comedy|Romance,4828,1980.0,"Party, The (Boum, La)",3.5,1
4830,Brubaker (1980),Crime|Drama,4830,1980.0,Brubaker,4.0,1
4831,Can't Stop the Music (1980),Comedy|Musical,4831,1980.0,Can't Stop the Music,3.0,1
4833,"Changeling, The (1980)",Horror|Mystery|Thriller,4833,1980.0,"Changeling, The",3.3333333333333335,3
4835,Coal Miner's Daughter (1980),Drama,4835,1980.0,Coal Miner's Daughter,3.5,3
4836,"Competition, The (1980)",Drama|Romance,4836,1980.0,"Competition, The",3.75,2
4840,"Last Metro, The (Dernier métro, Le) (1980)",Drama|Romance,4840,1980.0,"Last Metro, The (Dernier métro, Le)",4.0,1
4844,Bandits (2001),Comedy|Crime|Romance,4844,2001.0,Bandits,2.6666666666666665,6
4845,Corky Romano (2001),Comedy|Crime,4845,2001.0,Corky Romano,1.3333333333333333,3
4846,Iron Monkey (Siu nin Wong Fei-hung ji: Tit Ma Lau) (1993),Action|Comedy,4846,1993.0,Iron Monkey (Siu nin Wong Fei-hung ji: Tit Ma Lau),3.5,5
4847,Fat Girl (À ma soeur!) (2001),Drama,4847,2001.0,Fat Girl (À ma soeur!),3.0,2
4848,Mulholland Drive (2001),Crime|Drama|Film-Noir|Mystery|Thriller,4848,2001.0,Mulholland Drive,3.843137254901961,51
4849,My First Mister (2001),Comedy|Drama,4849,2001.0,My First Mister,3.3333333333333335,3
4850,Spriggan (Supurigan) (1998),Action|Animation|Sci-Fi,4850,1998.0,Spriggan (Supurigan),3.375,4
4852,Bones (2001),Horror,4852,2001.0,Bones,1.6666666666666667,3
4855,Dirty Harry (1971),Action|Crime|Thriller,4855,1971.0,Dirty Harry,3.775,20
4857,Fiddler on the Roof (1971),Drama|Musical,4857,1971.0,Fiddler on the Roof,3.8125,8
4860,Making the Grade (1984),Comedy,4860,1984.0,Making the Grade,2.0,1
4862,Not Without My Daughter (1991),Drama,4862,1991.0,Not Without My Daughter,1.6666666666666667,3
4863,Female Trouble (1975),Comedy|Crime,4863,1975.0,Female Trouble,3.25,2
4864,Titanica (1992),Documentary|IMAX,4864,1992.0,Titanica,2.5,1
4865,From Hell (2001),Crime|Horror|Mystery|Thriller,4865,2001.0,From Hell,3.65,20
4866,"Last Castle, The (2001)",Action,4866,2001.0,"Last Castle, The",2.8125,8
4867,Riding in Cars with Boys (2001),Comedy|Drama,4867,2001.0,Riding in Cars with Boys,3.1,5
4871,Focus (2001),Drama,4871,2001.0,Focus,3.5,1
4873,Waking Life (2001),Animation|Drama|Fantasy,4873,2001.0,Waking Life,3.6842105263157894,19
4874,K-PAX (2001),Drama|Fantasy|Mystery|Sci-Fi,4874,2001.0,K-PAX,3.484848484848485,33
4876,Thirteen Ghosts (a.k.a. Thir13en Ghosts) (2001),Horror|Thriller,4876,2001.0,Thirteen Ghosts (a.k.a. Thir13en Ghosts),2.4583333333333335,12
4877,Better Than Sex (2000),Comedy|Romance,4877,2000.0,Better Than Sex,3.5,1
4878,Donnie Darko (2001),Drama|Mystery|Sci-Fi|Thriller,4878,2001.0,Donnie Darko,3.981651376146789,109
4879,High Heels and Low Lifes (2001),Action|Comedy|Crime|Drama,4879,2001.0,High Heels and Low Lifes,3.0,1
4880,Life as a House (2001),Drama,4880,2001.0,Life as a House,3.888888888888889,9
4881,"Man Who Wasn't There, The (2001)",Crime|Drama,4881,2001.0,"Man Who Wasn't There, The",3.735294117647059,17
4883,"Town is Quiet, The (Ville est tranquille, La) (2000)",Drama,4883,2000.0,"Town is Quiet, The (Ville est tranquille, La)",4.0,1
4885,Domestic Disturbance (2001),Thriller,4885,2001.0,Domestic Disturbance,2.0,1
4886,"Monsters, Inc. (2001)",Adventure|Animation|Children|Comedy|Fantasy,4886,2001.0,"Monsters, Inc.",3.871212121212121,132
4887,"One, The (2001)",Action|Sci-Fi|Thriller,4887,2001.0,"One, The",2.75,14
4888,Tape (2001),Drama,4888,2001.0,Tape,3.875,4
4889,Heist (2001),Crime|Drama,4889,2001.0,Heist,3.4285714285714284,7
4890,Shallow Hal (2001),Comedy|Fantasy|Romance,4890,2001.0,Shallow Hal,3.032258064516129,31
4893,When a Stranger Calls (1979),Horror|Thriller,4893,1979.0,When a Stranger Calls,2.5,2
4896,Harry Potter and the Sorcerer's Stone (a.k.a. Harry Potter and the Philosopher's Stone) (2001),Adventure|Children|Fantasy,4896,2001.0,Harry Potter and the Sorcerer's Stone (a.k.a. Harry Potter and the Philosopher's Stone),3.7616822429906542,107
4898,Novocaine (2001),Comedy|Crime|Mystery|Thriller,4898,2001.0,Novocaine,2.625,4
4899,Black Knight (2001),Adventure|Comedy|Fantasy,4899,2001.0,Black Knight,2.1875,8
4900,Out Cold (2001),Comedy,4900,2001.0,Out Cold,3.0,5
4901,Spy Game (2001),Action|Crime|Drama|Thriller,4901,2001.0,Spy Game,3.4814814814814814,27
4902,"Devil's Backbone, The (Espinazo del diablo, El) (2001)",Drama|Fantasy|Horror|Thriller|War,4902,2001.0,"Devil's Backbone, The (Espinazo del diablo, El)",3.35,10
4903,In the Bedroom (2001),Drama,4903,2001.0,In the Bedroom,3.0,10
4909,"Incredible Shrinking Woman, The (1981)",Comedy|Sci-Fi,4909,1981.0,"Incredible Shrinking Woman, The",2.0,2
4911,Jabberwocky (1977),Adventure|Comedy|Fantasy,4911,1977.0,Jabberwocky,3.5,2
4912,Funny Girl (1968),Drama|Musical|Romance,4912,1968.0,Funny Girl,3.75,4
4914,Breathless (À bout de souffle) (1960),Crime|Drama|Romance,4914,1960.0,Breathless (À bout de souffle),3.9375,8
4915,"Beastmaster, The (1982)",Action|Adventure|Fantasy,4915,1982.0,"Beastmaster, The",2.8,5
4916,Midway (1976),Drama|War,4916,1976.0,Midway,3.3333333333333335,3
4917,MacArthur (1977),Drama,4917,1977.0,MacArthur,4.0,1
4919,Subway (1985),Crime|Drama|Romance|Thriller,4919,1985.0,Subway,3.5,2
4920,"Now, Voyager (1942)",Drama|Romance,4920,1942.0,"Now, Voyager",3.6666666666666665,3
4921,Little Women (1933),Drama|Romance,4921,1933.0,Little Women,4.0,5
4925,"Cheap Detective, The (1978)",Comedy,4925,1978.0,"Cheap Detective, The",3.0,1
4926,Everybody's Famous! (Iedereen beroemd!) (2000),Comedy|Drama|Musical,4926,2000.0,Everybody's Famous! (Iedereen beroemd!),2.0,1
4927,"Last Wave, The (1977)",Fantasy|Mystery|Thriller,4927,1977.0,"Last Wave, The",3.0,1
4928,That Obscure Object of Desire (Cet obscur objet du désir) (1977),Drama,4928,1977.0,That Obscure Object of Desire (Cet obscur objet du désir),3.125,4
4929,"Toy, The (1982)",Comedy,4929,1982.0,"Toy, The",2.375,4
4932,Dressed to Kill (1980),Mystery|Thriller,4932,1980.0,Dressed to Kill,1.0,1
4936,Fame (1980),Drama|Musical,4936,1980.0,Fame,3.3333333333333335,9
4939,"Final Countdown, The (1980)",Action|Sci-Fi,4939,1980.0,"Final Countdown, The",3.0,1
4941,Flash Gordon (1980),Action|Adventure|Sci-Fi,4941,1980.0,Flash Gordon,3.1875,8
4942,"Angry Red Planet, The (1959)",Sci-Fi,4942,1959.0,"Angry Red Planet, The",4.5,1
4945,"Enforcer, The (1976)",Crime,4945,1976.0,"Enforcer, The",4.0,1
4946,"Eye for an Eye, An (1981)",Action|Crime|Thriller,4946,1981.0,"Eye for an Eye, An",4.0,1
4947,"Gauntlet, The (1977)",Action,4947,1977.0,"Gauntlet, The",3.5,2
4951,Lord of the Flies (1990),Adventure|Drama|Thriller,4951,1990.0,Lord of the Flies,3.4285714285714284,7
4952,Morons From Outer Space (1985),Comedy|Sci-Fi,4952,1985.0,Morons From Outer Space,2.0,1
4953,"People That Time Forgot, The (1977)",Adventure|Sci-Fi,4953,1977.0,"People That Time Forgot, The",2.5,1
4954,Ocean's Eleven (a.k.a. Ocean's 11) (1960),Comedy|Crime,4954,1960.0,Ocean's Eleven (a.k.a. Ocean's 11),3.6363636363636362,11
4956,"Stunt Man, The (1980)",Action|Adventure|Comedy|Drama|Romance|Thriller,4956,1980.0,"Stunt Man, The",4.5,3
4957,Sudden Impact (1983),Crime|Thriller,4957,1983.0,Sudden Impact,3.5,2
4958,Behind Enemy Lines (2001),Action|Drama|War,4958,2001.0,Behind Enemy Lines,3.25,20
4959,"Affair of the Necklace, The (2001)",Drama,4959,2001.0,"Affair of the Necklace, The",3.25,2
4961,Pornstar: The Legend of Ron Jeremy (2001),Documentary,4961,2001.0,Pornstar: The Legend of Ron Jeremy,2.5,1
4962,Texas Rangers (2001),Adventure|Western,4962,2001.0,Texas Rangers,2.0,1
4963,Ocean's Eleven (2001),Crime|Thriller,4963,2001.0,Ocean's Eleven,3.8445378151260505,119
4964,Baran (2001),Adventure|Drama|Romance,4964,2001.0,Baran,3.5,1
4965,"Business of Strangers, The (2001)",Action|Drama|Thriller,4965,2001.0,"Business of Strangers, The",3.5,2
4966,"Incredible Shrinking Man, The (1957)",Sci-Fi|Thriller,4966,1957.0,"Incredible Shrinking Man, The",3.0,1
4967,No Man's Land (2001),Drama|War,4967,2001.0,No Man's Land,4.1923076923076925,13
4969,And Then There Were None (1945),Crime|Mystery,4969,1945.0,And Then There Were None,3.625,4
4970,"Blue Angel, The (Blaue Engel, Der) (1930)",Drama,4970,1930.0,"Blue Angel, The (Blaue Engel, Der)",4.0,1
4971,Moscow on the Hudson (1984),Comedy|Drama,4971,1984.0,Moscow on the Hudson,3.1,5
4973,"Amelie (Fabuleux destin d'Amélie Poulain, Le) (2001)",Comedy|Romance,4973,2001.0,"Amelie (Fabuleux destin d'Amélie Poulain, Le)",4.183333333333334,120
4974,Not Another Teen Movie (2001),Comedy,4974,2001.0,Not Another Teen Movie,2.5714285714285716,14
4975,Vanilla Sky (2001),Mystery|Romance|Sci-Fi|Thriller,4975,2001.0,Vanilla Sky,3.4204545454545454,44
4976,Iris (2001),Drama,4976,2001.0,Iris,3.875,4
4977,Kandahar (Safar e Ghandehar) (2001),Drama,4977,2001.0,Kandahar (Safar e Ghandehar),3.5,2
4978,Lantana (2001),Drama|Mystery|Thriller,4978,2001.0,Lantana,3.8333333333333335,6
4979,"Royal Tenenbaums, The (2001)",Comedy|Drama,4979,2001.0,"Royal Tenenbaums, The",3.6838235294117645,68
4980,Bill & Ted's Bogus Journey (1991),Adventure|Comedy|Fantasy|Sci-Fi,4980,1991.0,Bill & Ted's Bogus Journey,3.075,20
4981,Clockwise (1986),Comedy,4981,1986.0,Clockwise,4.0,1
4985,Sheena (1984),Action|Adventure|Fantasy,4985,1984.0,Sheena,1.5,2
4987,Spacehunter: Adventures in the Forbidden Zone (1983),Action|Adventure|Sci-Fi,4987,1983.0,Spacehunter: Adventures in the Forbidden Zone,2.0,2
4988,White Water Summer (1987),Adventure,4988,1987.0,White Water Summer,2.0,1
4989,How High (2001),Comedy,4989,2001.0,How High,2.9444444444444446,9
4990,Jimmy Neutron: Boy Genius (2001),Adventure|Animation|Children|Comedy,4990,2001.0,Jimmy Neutron: Boy Genius,3.2,5
4991,Joe Somebody (2001),Comedy|Drama|Romance,4991,2001.0,Joe Somebody,3.3333333333333335,3
4992,Kate & Leopold (2001),Comedy|Romance,4992,2001.0,Kate & Leopold,3.2058823529411766,17
4993,"Lord of the Rings: The Fellowship of the Ring, The (2001)",Adventure|Fantasy,4993,2001.0,"Lord of the Rings: The Fellowship of the Ring, The",4.106060606060606,198
4994,"Majestic, The (2001)",Comedy|Drama|Romance,4994,2001.0,"Majestic, The",3.5,10
4995,"Beautiful Mind, A (2001)",Drama|Romance,4995,2001.0,"Beautiful Mind, A",4.0,123
4998,"Defiant Ones, The (1958)",Adventure|Crime|Drama|Thriller,4998,1958.0,"Defiant Ones, The",3.5,1
5004,"Party, The (1968)",Comedy,5004,1968.0,"Party, The",3.5,7
5007,Topkapi (1964),Adventure|Comedy|Thriller,5007,1964.0,Topkapi,2.5,1
5008,Witness for the Prosecution (1957),Drama|Mystery|Thriller,5008,1957.0,Witness for the Prosecution,4.388888888888889,9
5009,Ali (2001),Drama,5009,2001.0,Ali,3.0,8
5010,Black Hawk Down (2001),Action|Drama|War,5010,2001.0,Black Hawk Down,3.81,50
5011,Charlotte Gray (2001),Drama|Romance,5011,2001.0,Charlotte Gray,3.75,2
5012,Yentl (1983),Drama|Musical|Romance,5012,1983.0,Yentl,4.0,1
5013,Gosford Park (2001),Comedy|Drama|Mystery,5013,2001.0,Gosford Park,3.7037037037037037,27
5014,I Am Sam (2001),Drama,5014,2001.0,I Am Sam,3.764705882352941,17
5015,Monster's Ball (2001),Drama|Romance,5015,2001.0,Monster's Ball,3.3055555555555554,18
5016,"Shipping News, The (2001)",Drama,5016,2001.0,"Shipping News, The",3.0,6
5021,Murder by Death (1976),Comedy|Crime|Mystery|Thriller,5021,1976.0,Murder by Death,2.8333333333333335,3
5023,"Waterdance, The (1992)",Drama,5023,1992.0,"Waterdance, The",4.0,2
5025,Orange County (2002),Comedy,5025,2002.0,Orange County,2.6333333333333333,15
5026,"Brotherhood of the Wolf (Pacte des loups, Le) (2001)",Action|Mystery|Thriller,5026,2001.0,"Brotherhood of the Wolf (Pacte des loups, Le)",3.8214285714285716,14
5027,Another 48 Hrs. (1990),Action|Comedy|Crime|Drama|Thriller,5027,1990.0,Another 48 Hrs.,3.0,5
5028,What Time Is It There? (Ni neibian jidian) (2001),Drama,5028,2001.0,What Time Is It There? (Ni neibian jidian),2.0,1
5033,"Russia House, The (1990)",Drama|Thriller,5033,1990.0,"Russia House, The",2.5,2
5034,"Truly, Madly, Deeply (1991)",Drama|Romance,5034,1991.0,"Truly, Madly, Deeply",3.6666666666666665,3
5039,Dragonslayer (1981),Action|Adventure|Fantasy,5039,1981.0,Dragonslayer,4.083333333333333,6
5040,Conan the Destroyer (1984),Action|Adventure|Fantasy,5040,1984.0,Conan the Destroyer,3.125,8
5041,Fire and Ice (1983),Animation|Fantasy,5041,1983.0,Fire and Ice,1.5,1
5046,Impostor (2002),Action|Drama|Sci-Fi|Thriller,5046,2002.0,Impostor,3.0,3
5047,Kung Pow: Enter the Fist (2002),Action|Comedy,5047,2002.0,Kung Pow: Enter the Fist,3.2222222222222223,9
5048,Snow Dogs (2002),Adventure|Children|Comedy,5048,2002.0,Snow Dogs,2.3333333333333335,6
5049,48 Hrs. (1982),Action|Comedy|Crime|Drama,5049,1982.0,48 Hrs.,3.590909090909091,11
5051,Italian for Beginners (Italiensk for begyndere) (2000),Comedy|Drama|Romance,5051,2000.0,Italian for Beginners (Italiensk for begyndere),3.0,2
5053,Blankman (1994),Comedy,5053,1994.0,Blankman,1.5,1
5054,Brainstorm (1983),Sci-Fi|Thriller,5054,1983.0,Brainstorm,3.5,1
5055,Dragon: The Bruce Lee Story (1993),Action|Drama,5055,1993.0,Dragon: The Bruce Lee Story,2.8125,8
5059,Little Dieter Needs to Fly (1997),Documentary,5059,1997.0,Little Dieter Needs to Fly,5.0,1
5060,M*A*S*H (a.k.a. MASH) (1970),Comedy|Drama|War,5060,1970.0,M*A*S*H (a.k.a. MASH),3.9347826086956523,46
5062,Seconds (1966),Mystery|Sci-Fi|Thriller,5062,1966.0,Seconds,3.5,2
5063,One-Eyed Jacks (1961),Western,5063,1961.0,One-Eyed Jacks,3.0,1
5064,The Count of Monte Cristo (2002),Action|Adventure|Drama|Thriller,5064,2002.0,The Count of Monte Cristo,3.828125,32
5065,"Mothman Prophecies, The (2002)",Drama|Fantasy|Horror|Mystery|Thriller,5065,2002.0,"Mothman Prophecies, The",3.076923076923077,13
5066,"Walk to Remember, A (2002)",Drama|Romance,5066,2002.0,"Walk to Remember, A",3.5,14
5068,Beijing Bicycle (Shiqi sui de dan che) (2001),Drama,5068,2001.0,Beijing Bicycle (Shiqi sui de dan che),4.0,1
5069,Escaflowne: The Movie (Escaflowne) (2000),Action|Adventure|Animation|Drama|Fantasy,5069,2000.0,Escaflowne: The Movie (Escaflowne),3.25,2
5071,Maelström (2000),Drama|Romance,5071,2000.0,Maelström,4.0,1
5072,Metropolis (2001),Animation|Sci-Fi,5072,2001.0,Metropolis,3.9615384615384617,13
5073,"Son's Room, The (Stanza del figlio, La) (2001)",Drama,5073,2001.0,"Son's Room, The (Stanza del figlio, La)",3.8333333333333335,3
5074,Storytelling (2001),Comedy|Drama,5074,2001.0,Storytelling,3.1666666666666665,3
5075,Waydowntown (2000),Comedy,5075,2000.0,Waydowntown,3.6666666666666665,3
5076,"Adventures of Huck Finn, The (1993)",Adventure|Children|Comedy|Drama,5076,1993.0,"Adventures of Huck Finn, The",2.5,3
5077,Cousins (1989),Comedy|Romance,5077,1989.0,Cousins,3.0,1
5080,Slackers (2002),Comedy,5080,2002.0,Slackers,2.6,5
5081,Birthday Girl (2001),Drama|Romance,5081,2001.0,Birthday Girl,2.8,5
5083,Rare Birds (2001),Comedy|Drama,5083,2001.0,Rare Birds,3.5,2
5088,"Going Places (Valseuses, Les) (1974)",Comedy|Crime|Drama,5088,1974.0,"Going Places (Valseuses, Les)",5.0,1
5092,Big Fat Liar (2002),Children|Comedy,5092,2002.0,Big Fat Liar,3.0,5
5093,Collateral Damage (2002),Action|Thriller,5093,2002.0,Collateral Damage,2.7777777777777777,9
5094,Rollerball (2002),Action|Sci-Fi,5094,2002.0,Rollerball,1.7857142857142858,7
5095,"Scotland, Pa. (2001)",Comedy|Crime,5095,2001.0,"Scotland, Pa.",4.5,1
5096,Baby's Day Out (1994),Comedy,5096,1994.0,Baby's Day Out,1.25,2
5099,Heidi (1937),Children|Drama,5099,1937.0,Heidi,2.5,4
5102,Rookie of the Year (1993),Comedy|Fantasy,5102,1993.0,Rookie of the Year,2.5,4
5103,"Sandlot, The (1993)",Children|Comedy|Drama,5103,1993.0,"Sandlot, The",3.4375,24
5105,Don't Look Now (1973),Drama|Horror|Thriller,5105,1973.0,Don't Look Now,0.5,1
5106,Crossroads (2002),Comedy|Musical|Romance,5106,2002.0,Crossroads,2.0714285714285716,7
5107,Hart's War (2002),Drama|War,5107,2002.0,Hart's War,3.1,5
5108,John Q (2002),Crime|Drama|Thriller,5108,2002.0,John Q,2.909090909090909,11
5109,Return to Never Land (2002),Adventure|Animation|Children,5109,2002.0,Return to Never Land,4.0,1
5110,Super Troopers (2001),Comedy|Crime|Mystery,5110,2001.0,Super Troopers,3.6041666666666665,24
5111,"Good Son, The (1993)",Drama|Thriller,5111,1993.0,"Good Son, The",1.5,1
5112,Last Orders (2001),Drama,5112,2001.0,Last Orders,3.0,1
5113,After the Fox (Caccia alla volpe) (1966),Comedy|Crime,5113,1966.0,After the Fox (Caccia alla volpe),2.75,2
5114,"Bad and the Beautiful, The (1952)",Drama,5114,1952.0,"Bad and the Beautiful, The",4.0,1
5116,Designing Woman (1957),Comedy,5116,1957.0,Designing Woman,3.5,1
5120,Sleuth (1972),Comedy|Mystery|Thriller,5120,1972.0,Sleuth,4.166666666666667,3
5121,Stroszek (1977),Comedy|Drama,5121,1977.0,Stroszek,4.0,1
5127,Dragonfly (2002),Drama|Fantasy|Mystery|Romance|Thriller,5127,2002.0,Dragonfly,3.5,3
5128,Queen of the Damned (2002),Fantasy|Horror,5128,2002.0,Queen of the Damned,2.3636363636363638,11
5131,How to Kill Your Neighbor's Dog (2000),Comedy|Drama,5131,2000.0,How to Kill Your Neighbor's Dog,3.25,2
5134,Mean Machine (2001),Comedy|Drama,5134,2001.0,Mean Machine,3.0,2
5135,Monsoon Wedding (2001),Comedy|Romance,5135,2001.0,Monsoon Wedding,3.8333333333333335,12
5136,Wendigo (2001),Drama|Horror,5136,2001.0,Wendigo,2.5,2
5137,Scratch (2001),Documentary,5137,2001.0,Scratch,3.8333333333333335,3
5139,"Bad News Bears, The (1976)",Comedy,5139,1976.0,"Bad News Bears, The",3.2777777777777777,9
5146,Vampire Hunter D: Bloodlust (Banpaia hantâ D) (2000),Animation|Fantasy|Horror|Sci-Fi,5146,2000.0,Vampire Hunter D: Bloodlust (Banpaia hantâ D),3.111111111111111,9
5147,Wild Strawberries (Smultronstället) (1957),Drama,5147,1957.0,Wild Strawberries (Smultronstället),3.75,4
5151,40 Days and 40 Nights (2002),Comedy|Romance,5151,2002.0,40 Days and 40 Nights,3.0,18
5152,We Were Soldiers (2002),Action|Drama|War,5152,2002.0,We Were Soldiers,3.3333333333333335,18
5155,"Big Bird Cage, The (1972)",Action,5155,1972.0,"Big Bird Cage, The",4.5,1
5156,"Big Doll House, The (1971)",Action,5156,1971.0,"Big Doll House, The",2.5,1
5159,Ferngully: The Last Rainforest (1992),Animation|Children|Comedy|Musical,5159,1992.0,Ferngully: The Last Rainforest,3.142857142857143,7
5165,Zombie (a.k.a. Zombie 2: The Dead Are Among Us) (Zombi 2) (1979),Horror,5165,1979.0,Zombie (a.k.a. Zombie 2: The Dead Are Among Us) (Zombi 2),4.0,2
5168,Royal Wedding (1951),Comedy|Musical|Romance,5168,1951.0,Royal Wedding,3.0,1
5170,All About the Benjamins (2002),Action|Comedy|Crime,5170,2002.0,All About the Benjamins,2.5,2
5171,"Time Machine, The (2002)",Action|Adventure|Sci-Fi,5171,2002.0,"Time Machine, The",2.8636363636363638,22
5177,"Magnificent Ambersons, The (1942)",Drama|Romance,5177,1942.0,"Magnificent Ambersons, The",3.5,2
5178,Fun (1994),Crime|Drama,5178,1994.0,Fun,4.0,1
5181,Hangar 18 (1980),Action|Sci-Fi|Thriller,5181,1980.0,Hangar 18,4.5,2
5187,Hopscotch (1980),Comedy,5187,1980.0,Hopscotch,4.0,3
5189,Humanoids from the Deep (1980),Horror|Sci-Fi,5189,1980.0,Humanoids from the Deep,1.5,1
5197,Little Darlings (1980),Drama,5197,1980.0,Little Darlings,2.0,1
5198,"Long Good Friday, The (1980)",Drama|Thriller,5198,1980.0,"Long Good Friday, The",3.5,1
5202,Mon oncle d'Amérique (1980),Drama,5202,1980.0,Mon oncle d'Amérique,3.25,2
5205,Motel Hell (1980),Comedy|Horror,5205,1980.0,Motel Hell,2.75,2
5209,Ffolkes (1979),Action|Adventure|Thriller,5209,1979.0,Ffolkes,2.0,1
5212,"Octagon, The (1980)",Action,5212,1980.0,"Octagon, The",3.0,1
5213,"Oh, God! Book II (1980)",Comedy,5213,1980.0,"Oh, God! Book II",1.5,1
5214,"Oh, God! (1977)",Comedy|Fantasy,5214,1977.0,"Oh, God!",2.5,4
5218,Ice Age (2002),Adventure|Animation|Children|Comedy,5218,2002.0,Ice Age,3.6882352941176473,85
5219,Resident Evil (2002),Action|Horror|Sci-Fi|Thriller,5219,2002.0,Resident Evil,3.0833333333333335,30
5220,Showtime (2002),Action|Comedy,5220,2002.0,Showtime,2.4,10
5221,Harrison's Flowers (2000),Drama,5221,2000.0,Harrison's Flowers,3.0,1
5222,Kissing Jessica Stein (2001),Comedy|Romance,5222,2001.0,Kissing Jessica Stein,3.375,4
5224,Promises (2001),Documentary,5224,2001.0,Promises,4.25,2
5225,And Your Mother Too (Y tu mamá también) (2001),Drama|Romance,5225,2001.0,And Your Mother Too (Y tu mamá también),3.9523809523809526,21
5226,All the Right Moves (1983),Drama|Romance,5226,1983.0,All the Right Moves,2.25,2
5231,Road to Morocco (1942),Comedy,5231,1942.0,Road to Morocco,3.5,1
5237,Taps (1981),Drama,5237,1981.0,Taps,4.0,1
5238,Return of the Secaucus 7 (1980),Drama,5238,1980.0,Return of the Secaucus 7,3.5,2
5239,Rude Boy (1980),Documentary|Drama,5239,1980.0,Rude Boy,4.0,1
5240,Running Scared (1980),Action|Drama,5240,1980.0,Running Scared,4.0,1
5241,Seems Like Old Times (1980),Comedy|Romance,5241,1980.0,Seems Like Old Times,5.0,1
5244,Shogun Assassin (1980),Action|Adventure,5244,1980.0,Shogun Assassin,5.0,1
5246,Smokey and the Bandit II (1980),Action|Comedy,5246,1980.0,Smokey and the Bandit II,2.125,4
5247,Smokey and the Bandit (1977),Action|Comedy,5247,1977.0,Smokey and the Bandit,2.7222222222222223,9
5248,Smokey and the Bandit III (1983),Action|Comedy,5248,1983.0,Smokey and the Bandit III,1.375,4
5250,Stir Crazy (1980),Comedy,5250,1980.0,Stir Crazy,4.0,3
5254,Blade II (2002),Action|Horror|Thriller,5254,2002.0,Blade II,3.2058823529411766,34
5255,Sorority Boys (2002),Comedy,5255,2002.0,Sorority Boys,2.375,4
5256,Stolen Summer (2002),Drama,5256,2002.0,Stolen Summer,2.75,2
5258,George Washington (2000),Drama,5258,2000.0,George Washington,2.0,2
5264,Clockstoppers (2002),Action|Adventure|Sci-Fi|Thriller,5264,2002.0,Clockstoppers,2.25,4
5265,Death to Smoochy (2002),Comedy|Crime|Drama,5265,2002.0,Death to Smoochy,3.3181818181818183,11
5266,Panic Room (2002),Thriller,5266,2002.0,Panic Room,3.0,37
5267,"Rookie, The (2002)",Drama,5267,2002.0,"Rookie, The",3.2916666666666665,12
5268,No Such Thing (2001),Drama|Fantasy|Romance,5268,2001.0,No Such Thing,2.5,1
5269,"Piano Teacher, The (La pianiste) (2001)",Drama,5269,2001.0,"Piano Teacher, The (La pianiste)",4.0,1
5272,Time Out (L'emploi du temps) (2001),Drama,5272,2001.0,Time Out (L'emploi du temps),3.0,1
5275,Boxcar Bertha (1972),Drama,5275,1972.0,Boxcar Bertha,1.5,1
5278,Fraternity Vacation (1985),Comedy|Romance,5278,1985.0,Fraternity Vacation,1.0,1
5279,Impromptu (1991),Comedy|Romance,5279,1991.0,Impromptu,4.25,2
5282,High Crimes (2002),Thriller,5282,2002.0,High Crimes,3.25,2
5283,National Lampoon's Van Wilder (2002),Comedy,5283,2002.0,National Lampoon's Van Wilder,2.909090909090909,22
5284,Crush (2001),Comedy|Romance,5284,2001.0,Crush,2.5,1
5285,Lucky Break (2001),Comedy|Crime,5285,2001.0,Lucky Break,4.0,1
5288,"Atomic Cafe, The (1982)",Documentary|War,5288,1982.0,"Atomic Cafe, The",4.5,2
5291,Rashomon (Rashômon) (1950),Crime|Drama|Mystery,5291,1950.0,Rashomon (Rashômon),3.9444444444444446,18
5292,Slap Shot (1977),Comedy,5292,1977.0,Slap Shot,3.857142857142857,7
5293,Changing Lanes (2002),Drama|Thriller,5293,2002.0,Changing Lanes,3.3333333333333335,9
5294,Frailty (2001),Crime|Drama|Thriller,5294,2001.0,Frailty,3.8636363636363638,11
5296,"Sweetest Thing, The (2002)",Comedy|Romance,5296,2002.0,"Sweetest Thing, The",2.9,10
5297,"Cat's Meow, The (2002)",Drama|Thriller,5297,2002.0,"Cat's Meow, The",2.5,2
5298,Human Nature (2001),Comedy|Romance,5298,2001.0,Human Nature,3.5,5
5299,My Big Fat Greek Wedding (2002),Comedy|Romance,5299,2002.0,My Big Fat Greek Wedding,3.2666666666666666,60
5300,3:10 to Yuma (1957),Action|Adventure|Drama|Thriller|Western,5300,1957.0,3:10 to Yuma,4.0,1
5303,Joe Versus the Volcano (1990),Comedy|Romance,5303,1990.0,Joe Versus the Volcano,3.4285714285714284,7
5304,"Rome, Open City (a.k.a. Open City) (Roma, città aperta) (1945)",Drama|War,5304,1945.0,"Rome, Open City (a.k.a. Open City) (Roma, città aperta)",4.0,2
5307,Taking Care of Business (1990),Comedy,5307,1990.0,Taking Care of Business,3.0,1
5308,Three Men and a Baby (1987),Comedy,5308,1987.0,Three Men and a Baby,2.8157894736842106,19
5309,Three Men and a Little Lady (1990),Comedy|Romance,5309,1990.0,Three Men and a Little Lady,2.5625,8
5311,"Watcher in the Woods, The (1980)",Children|Horror|Mystery|Thriller,5311,1980.0,"Watcher in the Woods, The",3.0,1
5312,Murder by Numbers (2002),Crime|Thriller,5312,2002.0,Murder by Numbers,2.857142857142857,7
5313,The Scorpion King (2002),Action|Adventure|Fantasy|Thriller,5313,2002.0,The Scorpion King,2.2954545454545454,22
5316,Enigma (2001),Romance|Thriller,5316,2001.0,Enigma,3.142857142857143,7
5319,Nine Queens (Nueve reinas) (2000),Crime|Thriller,5319,2000.0,Nine Queens (Nueve reinas),3.5,6
5321,"Triumph of Love, The (2001)",Comedy,5321,2001.0,"Triumph of Love, The",2.0,1
5322,World Traveler (2001),Drama,5322,2001.0,World Traveler,4.0,1
5323,Jason X (2002),Horror|Sci-Fi|Thriller,5323,2002.0,Jason X,1.1875,8
5324,Life or Something Like It (2002),Comedy|Romance,5324,2002.0,Life or Something Like It,2.75,2
5325,Dogtown and Z-Boyz (2001),Documentary,5325,2001.0,Dogtown and Z-Boyz,3.7857142857142856,7
5328,Rain (2001),Drama|Romance,5328,2001.0,Rain,5.0,1
5329,"Salton Sea, The (2002)",Crime|Drama|Thriller,5329,2002.0,"Salton Sea, The",3.35,10
5333,Bob le Flambeur (1955),Crime|Drama,5333,1955.0,Bob le Flambeur,3.3333333333333335,3
5334,Cadillac Man (1990),Comedy|Crime,5334,1990.0,Cadillac Man,1.5,2
5337,Delirious (1991),Comedy,5337,1991.0,Delirious,2.8333333333333335,3
5338,Full Moon in Blue Water (1988),Drama,5338,1988.0,Full Moon in Blue Water,2.0,1
5339,Husbands and Wives (1992),Comedy|Drama,5339,1992.0,Husbands and Wives,3.9166666666666665,6
5341,Lenny (1974),Drama,5341,1974.0,Lenny,3.75,2
5345,Triumph of the Spirit (1989),Drama,5345,1989.0,Triumph of the Spirit,3.0,1
5346,Wild Orchid (1990),Drama|Romance,5346,1990.0,Wild Orchid,1.75,2
5347,Deuces Wild (2002),Drama,5347,2002.0,Deuces Wild,2.5,2
5348,Hollywood Ending (2002),Comedy|Drama,5348,2002.0,Hollywood Ending,4.0,1
5349,Spider-Man (2002),Action|Adventure|Sci-Fi|Thriller,5349,2002.0,Spider-Man,3.540983606557377,122
5353,Butterflies Are Free (1972),Comedy|Drama,5353,1972.0,Butterflies Are Free,3.0,1
5356,"Giant Spider Invasion, The (1975)",Horror|Sci-Fi,5356,1975.0,"Giant Spider Invasion, The",0.5,1
5357,Iron Will (1994),Adventure,5357,1994.0,Iron Will,3.5,2
5358,Mountains of the Moon (1990),Adventure,5358,1990.0,Mountains of the Moon,3.0,1
5361,White Fang (1991),Adventure,5361,1991.0,White Fang,1.75,2
5363,"New Guy, The (2002)",Comedy,5363,2002.0,"New Guy, The",2.5,9
5364,Unfaithful (2002),Drama|Thriller,5364,2002.0,Unfaithful,3.5,7
5365,"Lady and the Duke, The (Anglaise et le duc, L') (2001)",Drama|Romance,5365,2001.0,"Lady and the Duke, The (Anglaise et le duc, L')",4.0,1
5372,Calamity Jane (1953),Musical|Western,5372,1953.0,Calamity Jane,3.5,1
5373,"Cranes Are Flying, The (Letyat zhuravli) (1957)",Drama|Romance|War,5373,1957.0,"Cranes Are Flying, The (Letyat zhuravli)",4.0,1
5375,"Harvey Girls, The (1946)",Comedy|Musical|Western,5375,1946.0,"Harvey Girls, The",3.0,1
5377,About a Boy (2002),Comedy|Drama|Romance,5377,2002.0,About a Boy,3.715909090909091,44
5378,Star Wars: Episode II - Attack of the Clones (2002),Action|Adventure|Sci-Fi|IMAX,5378,2002.0,Star Wars: Episode II - Attack of the Clones,3.157608695652174,92
5379,"Believer, The (2001)",Drama,5379,2001.0,"Believer, The",4.25,6
5380,"Importance of Being Earnest, The (2002)",Comedy|Drama|Romance,5380,2002.0,"Importance of Being Earnest, The",3.85,10
5382,Every Which Way But Loose (1978),Comedy,5382,1978.0,Every Which Way But Loose,3.0,3
5384,I Want to Live! (1958),Crime|Drama,5384,1958.0,I Want to Live!,3.0,1
5385,"Last Waltz, The (1978)",Documentary,5385,1978.0,"Last Waltz, The",4.5,1
5387,Enough (2002),Drama|Thriller,5387,2002.0,Enough,4.0,3
5388,Insomnia (2002),Action|Crime|Drama|Mystery|Thriller,5388,2002.0,Insomnia,3.303030303030303,33
5389,Spirit: Stallion of the Cimarron (2002),Adventure|Animation|Children|Western,5389,2002.0,Spirit: Stallion of the Cimarron,3.5,2
5390,CQ (2001),Drama,5390,2001.0,CQ,3.0,1
5391,Thirteen Conversations About One Thing (a.k.a. 13 Conversations) (2001),Drama,5391,2001.0,Thirteen Conversations About One Thing (a.k.a. 13 Conversations),4.0,3
5397,Monkey Business (1952),Comedy|Sci-Fi,5397,1952.0,Monkey Business,2.5,2
5398,Requiem for a Heavyweight (1962),Drama,5398,1962.0,Requiem for a Heavyweight,4.0,2
5400,"Sum of All Fears, The (2002)",Drama|Thriller,5400,2002.0,"Sum of All Fears, The",2.9705882352941178,17
5401,Undercover Brother (2002),Comedy,5401,2002.0,Undercover Brother,1.8333333333333333,9
5404,84 Charing Cross Road (1987),Drama|Romance,5404,1987.0,84 Charing Cross Road,4.5,3
5409,Rapid Fire (1992),Action,5409,1992.0,Rapid Fire,3.75,2
5410,Silent Running (1972),Drama|Sci-Fi,5410,1972.0,Silent Running,2.375,4
5414,Bad Company (2002),Action|Comedy|Crime,5414,2002.0,Bad Company,2.875,4
5415,Divine Secrets of the Ya-Ya Sisterhood (2002),Comedy|Drama,5415,2002.0,Divine Secrets of the Ya-Ya Sisterhood,3.125,4
5416,Cherish (2002),Comedy|Drama|Thriller,5416,2002.0,Cherish,5.0,1
5417,"Fast Runner, The (Atanarjuat) (2001)",Drama|Fantasy,5417,2001.0,"Fast Runner, The (Atanarjuat)",3.8333333333333335,3
5418,"Bourne Identity, The (2002)",Action|Mystery|Thriller,5418,2002.0,"Bourne Identity, The",3.8169642857142856,112
5419,Scooby-Doo (2002),Adventure|Children|Comedy|Fantasy|Mystery,5419,2002.0,Scooby-Doo,2.8529411764705883,17
5420,Windtalkers (2002),Action|Drama|War,5420,2002.0,Windtalkers,2.875,8
5421,"Dangerous Lives of Altar Boys, The (2002)",Drama,5421,2002.0,"Dangerous Lives of Altar Boys, The",3.5,6
5422,"Emperor's New Clothes, The (2001)",Comedy,5422,2001.0,"Emperor's New Clothes, The",4.0,1
5423,Gangster No. 1 (2000),Action|Crime|Thriller,5423,2000.0,Gangster No. 1,3.0,3
5424,Harvard Man (2001),Crime|Drama|Romance|Thriller,5424,2001.0,Harvard Man,3.0,1
5425,Dark Blue World (Tmavomodrý svet) (2001),Drama|War,5425,2001.0,Dark Blue World (Tmavomodrý svet),4.25,2
5427,Caveman (1981),Comedy,5427,1981.0,Caveman,2.5,3
5428,Cheech & Chong's The Corsican Brothers (1984),Comedy,5428,1984.0,Cheech & Chong's The Corsican Brothers,1.125,4
5433,Silver Bullet (Stephen King's Silver Bullet) (1985),Adventure|Drama|Horror|Mystery|Thriller,5433,1985.0,Silver Bullet (Stephen King's Silver Bullet),2.6666666666666665,3
5434,"Sorry, Wrong Number (1948)",Drama|Film-Noir|Thriller,5434,1948.0,"Sorry, Wrong Number",3.8,5
5435,Hombre (1967),Western,5435,1967.0,Hombre,3.0,1
5437,"Manhattan Project, The (1986)",Comedy|Sci-Fi|Thriller,5437,1986.0,"Manhattan Project, The",3.0,3
5438,Men at Work (1990),Action|Comedy,5438,1990.0,Men at Work,2.75,4
5440,She Wore a Yellow Ribbon (1949),Western,5440,1949.0,She Wore a Yellow Ribbon,3.0,1
5442,V. I. Warshawski (1991),Action|Comedy|Crime,5442,1991.0,V. I. Warshawski,2.0,1
5443,Juwanna Mann (2002),Comedy,5443,2002.0,Juwanna Mann,1.5,2
5444,Lilo & Stitch (2002),Adventure|Animation|Children|Sci-Fi,5444,2002.0,Lilo & Stitch,3.810344827586207,29
5445,Minority Report (2002),Action|Crime|Mystery|Sci-Fi|Thriller,5445,2002.0,Minority Report,3.6375,120
5446,Rabbit-Proof Fence (2002),Adventure|Drama,5446,2002.0,Rabbit-Proof Fence,3.642857142857143,7
5447,Sunshine State (2002),Drama,5447,2002.0,Sunshine State,3.5,2
5448,Hey Arnold! The Movie (2002),Adventure|Animation|Children|Comedy,5448,2002.0,Hey Arnold! The Movie,2.0,1
5449,Mr. Deeds (2002),Comedy|Romance,5449,2002.0,Mr. Deeds,2.909090909090909,22
5450,Lovely & Amazing (2001),Comedy|Drama|Romance,5450,2001.0,Lovely & Amazing,3.2,5
5451,Pumpkin (2002),Comedy|Drama|Romance,5451,2002.0,Pumpkin,3.0,5
5452,Look Who's Talking Now (1993),Children|Comedy|Romance,5452,1993.0,Look Who's Talking Now,1.5833333333333333,6
5454,Mo' Money (1992),Comedy|Romance,5454,1992.0,Mo' Money,2.25,2
5455,"Object of Beauty, The (1991)",Comedy|Drama,5455,1991.0,"Object of Beauty, The",1.5,1
5456,Wagons East (1994),Comedy|Western,5456,1994.0,Wagons East,2.0,1
5458,Like Mike (2002),Children|Comedy|Fantasy,5458,2002.0,Like Mike,2.5,1
5459,Men in Black II (a.k.a. MIIB) (a.k.a. MIB 2) (2002),Action|Comedy|Sci-Fi,5459,2002.0,Men in Black II (a.k.a. MIIB) (a.k.a. MIB 2),2.959016393442623,61
5460,"Powerpuff Girls, The (2002)",Action|Animation|Children|Comedy,5460,2002.0,"Powerpuff Girls, The",3.6666666666666665,3
5461,Me Without You (2001),Comedy|Drama,5461,2001.0,Me Without You,2.5,1
5462,"Crocodile Hunter: Collision Course, The (2002)",Adventure|Comedy,5462,2002.0,"Crocodile Hunter: Collision Course, The",2.5,2
5463,Reign of Fire (2002),Action|Adventure|Fantasy,5463,2002.0,Reign of Fire,2.7222222222222223,18
5464,Road to Perdition (2002),Crime|Drama,5464,2002.0,Road to Perdition,3.520408163265306,49
5465,All About Lily Chou-Chou (Riri Shushu no subete) (2001),Crime|Drama|Thriller,5465,2001.0,All About Lily Chou-Chou (Riri Shushu no subete),3.0,1
5466,My Wife is an Actress (Ma Femme est une Actrice) (2001),Comedy|Drama|Romance,5466,2001.0,My Wife is an Actress (Ma Femme est une Actrice),4.0,4
5468,20 Million Miles to Earth (1957),Sci-Fi,5468,1957.0,20 Million Miles to Earth,5.0,1
5470,The Importance of Being Earnest (1952),Comedy|Romance,5470,1952.0,The Importance of Being Earnest,4.333333333333333,3
5471,Perfect (1985),Drama|Romance,5471,1985.0,Perfect,1.8333333333333333,3
5472,1776 (1972),Children|Drama|Musical,5472,1972.0,1776,3.5,2
5475,Z (1969),Drama|Mystery|Thriller,5475,1969.0,Z,3.8333333333333335,3
5476,Halloween: Resurrection (Halloween 8) (2002),Horror|Thriller,5476,2002.0,Halloween: Resurrection (Halloween 8),2.0,3
5477,Sex and Lucia (Lucía y el sexo) (2001),Drama|Romance,5477,2001.0,Sex and Lucia (Lucía y el sexo),3.875,4
5478,Eight Legged Freaks (2002),Action|Comedy|Horror|Sci-Fi,5478,2002.0,Eight Legged Freaks,2.75,8
5479,K-19: The Widowmaker (2002),Action|Adventure|Drama|Thriller,5479,2002.0,K-19: The Widowmaker,3.5,6
5480,Stuart Little 2 (2002),Children|Comedy,5480,2002.0,Stuart Little 2,2.6,5
5481,Austin Powers in Goldmember (2002),Comedy,5481,2002.0,Austin Powers in Goldmember,2.8461538461538463,65
5483,"Kid Stays in the Picture, The (2002)",Documentary,5483,2002.0,"Kid Stays in the Picture, The",3.8333333333333335,3
5485,Tadpole (2002),Comedy|Drama|Romance,5485,2002.0,Tadpole,3.3333333333333335,3
5486,Who Is Cletis Tout? (2001),Comedy,5486,2001.0,Who Is Cletis Tout?,2.5,2
5489,Nosferatu the Vampyre (Nosferatu: Phantom der Nacht) (1979),Horror,5489,1979.0,Nosferatu the Vampyre (Nosferatu: Phantom der Nacht),4.0,1
5490,The Big Bus (1976),Action|Comedy,5490,1976.0,The Big Bus,5.0,1
5493,In Like Flint (1967),Action|Adventure|Comedy,5493,1967.0,In Like Flint,4.0,1
5497,Our Man Flint (1965),Adventure|Comedy|Sci-Fi,5497,1965.0,Our Man Flint,3.5,3
5498,Red Beard (Akahige) (1965),Drama,5498,1965.0,Red Beard (Akahige),4.5,1
5499,Robin and Marian (1976),Adventure|Drama|Romance,5499,1976.0,Robin and Marian,3.25,2
5500,Top Secret! (1984),Comedy,5500,1984.0,Top Secret!,4.2,10
5501,"Master of Disguise, The (2002)",Comedy|Mystery,5501,2002.0,"Master of Disguise, The",1.8571428571428572,7
5502,Signs (2002),Horror|Sci-Fi|Thriller,5502,2002.0,Signs,3.1666666666666665,63
5503,"Last Kiss, The (Ultimo bacio, L') (2001)",Comedy|Drama|Romance,5503,2001.0,"Last Kiss, The (Ultimo bacio, L')",4.0,1
5504,Spy Kids 2: The Island of Lost Dreams (2002),Adventure|Children,5504,2002.0,Spy Kids 2: The Island of Lost Dreams,2.2142857142857144,7
5505,"Good Girl, The (2002)",Comedy|Drama,5505,2002.0,"Good Girl, The",3.2083333333333335,12
5506,Blood Work (2002),Crime|Drama|Mystery|Thriller,5506,2002.0,Blood Work,3.3333333333333335,3
5507,xXx (2002),Action|Crime|Thriller,5507,2002.0,xXx,2.7708333333333335,24
5508,24 Hour Party People (2002),Comedy|Drama|Musical,5508,2002.0,24 Hour Party People,3.5714285714285716,7
5512,Secret Ballot (Raye makhfi) (2001),Comedy,5512,2001.0,Secret Ballot (Raye makhfi),3.25,2
5513,Martin Lawrence Live: Runteldat (2002),Comedy|Documentary,5513,2002.0,Martin Lawrence Live: Runteldat,5.0,1
5515,Songs From the Second Floor (Sånger från andra våningen) (2000),Drama,5515,2000.0,Songs From the Second Floor (Sånger från andra våningen),3.5,1
5521,"Principal, The (1987)",Action|Crime|Drama,5521,1987.0,"Principal, The",3.25,2
5522,Rollerball (1975),Action|Drama|Sci-Fi,5522,1975.0,Rollerball,3.5,4
5523,"Adventures of Pluto Nash, The (2002)",Action|Adventure|Comedy|Sci-Fi,5523,2002.0,"Adventures of Pluto Nash, The",2.3333333333333335,3
5524,Blue Crush (2002),Adventure|Drama|Romance,5524,2002.0,Blue Crush,2.6875,8
5525,Mostly Martha (Bella Martha) (2001),Comedy|Drama|Romance,5525,2001.0,Mostly Martha (Bella Martha),3.5,1
5527,Possession (2002),Drama|Romance,5527,2002.0,Possession,3.5,4
5528,One Hour Photo (2002),Drama|Thriller,5528,2002.0,One Hour Photo,3.473684210526316,19
5529,Serving Sara (2002),Comedy|Romance,5529,2002.0,Serving Sara,3.25,2
5530,Simone (S1m0ne) (2002),Comedy|Drama|Fantasy|Sci-Fi,5530,2002.0,Simone (S1m0ne),2.142857142857143,7
5531,Undisputed (2002),Drama,5531,2002.0,Undisputed,2.75,2
5532,Amy's O (a.k.a. Amy's Orgasm) (2001),Comedy|Romance,5532,2001.0,Amy's O (a.k.a. Amy's Orgasm),4.0,1
5537,Satin Rouge (2002),Drama|Musical,5537,2002.0,Satin Rouge,5.0,1
5538,"Care Bears Movie, The (1985)",Animation|Children|Fantasy,5538,1985.0,"Care Bears Movie, The",1.5,2
5539,Care Bears Movie II: A New Generation (1986),Animation|Children,5539,1986.0,Care Bears Movie II: A New Generation,1.5,2
5540,Clash of the Titans (1981),Action|Adventure|Fantasy|Romance,5540,1981.0,Clash of the Titans,3.611111111111111,9
5541,Hot Shots! (1991),Action|Comedy|Romance|War,5541,1991.0,Hot Shots!,3.1333333333333333,15
5543,"Swarm, The (1978)",Action|Horror|Sci-Fi,5543,1978.0,"Swarm, The",2.25,2
5544,Time After Time (1979),Sci-Fi|Thriller,5544,1979.0,Time After Time,3.75,4
5548,Down and Out in Beverly Hills (1986),Comedy,5548,1986.0,Down and Out in Beverly Hills,3.0,5
5550,Love Me Tender (1956),Musical|Western,5550,1956.0,Love Me Tender,3.5,1
5553,Stakeout (1987),Comedy|Crime|Romance|Thriller,5553,1987.0,Stakeout,3.0,8
5556,FearDotCom (a.k.a. Fear.com) (a.k.a. Fear Dot Com) (2002),Crime|Horror|Thriller,5556,2002.0,FearDotCom (a.k.a. Fear.com) (a.k.a. Fear Dot Com),1.5,3
5560,À nous la liberté (Freedom for Us) (1931),Comedy|Musical,5560,1931.0,À nous la liberté (Freedom for Us),1.0,1
5562,Snipes (2001),Drama|Thriller,5562,2001.0,Snipes,2.5,1
5563,City by the Sea (2002),Crime|Drama,5563,2002.0,City by the Sea,2.8333333333333335,3
5564,Swimfan (2002),Thriller,5564,2002.0,Swimfan,2.0,2
5568,Johnny Dangerously (1984),Comedy,5568,1984.0,Johnny Dangerously,2.857142857142857,7
5569,"Last House on the Left, The (1972)",Crime|Horror|Thriller,5569,1972.0,"Last House on the Left, The",3.25,2
5570,Thesis (Tesis) (1996),Drama|Horror|Thriller,5570,1996.0,Thesis (Tesis),3.9,5
5572,Barbershop (2002),Comedy,5572,2002.0,Barbershop,2.7142857142857144,7
5573,Stealing Harvard (2002),Comedy|Crime,5573,2002.0,Stealing Harvard,2.2857142857142856,7
5574,"Transporter, The (2002)",Action|Crime,5574,2002.0,"Transporter, The",3.519230769230769,26
5575,Alias Betty (Betty Fisher et autres histoires) (2001),Crime|Drama,5575,2001.0,Alias Betty (Betty Fisher et autres histoires),2.0,1
5577,Igby Goes Down (2002),Comedy|Drama,5577,2002.0,Igby Goes Down,3.6666666666666665,12
5580,Aspen Extreme (1993),Action,5580,1993.0,Aspen Extreme,3.5,1
5581,Betsy's Wedding (1990),Comedy,5581,1990.0,Betsy's Wedding,2.0,1
5582,Captain Ron (1992),Adventure|Comedy,5582,1992.0,Captain Ron,2.6875,8
5584,Ernest Goes to Jail (1990),Comedy,5584,1990.0,Ernest Goes to Jail,3.5,1
5585,Ernest Scared Stupid (1991),Comedy,5585,1991.0,Ernest Scared Stupid,2.0833333333333335,6
5588,"Hills Have Eyes, The (1977)",Horror,5588,1977.0,"Hills Have Eyes, The",3.5,2
5589,Indian Summer (1993),Comedy|Drama,5589,1993.0,Indian Summer,3.0,3
5590,"Mack, The (1973)",Crime,5590,1973.0,"Mack, The",2.5,1
5591,Monkey Trouble (1994),Children|Comedy,5591,1994.0,Monkey Trouble,1.0,1
5596,Spaced Invaders (1990),Adventure|Comedy|Sci-Fi,5596,1990.0,Spaced Invaders,1.5,1
5597,Suburban Commando (1991),Comedy|Sci-Fi,5597,1991.0,Suburban Commando,1.75,2
5601,"Yearling, The (1946)",Children|Drama,5601,1946.0,"Yearling, The",4.0,1
5602,"Ladykillers, The (1955)",Comedy|Crime,5602,1955.0,"Ladykillers, The",3.5,1
5603,"Lavender Hill Mob, The (1951)",Comedy|Crime,5603,1951.0,"Lavender Hill Mob, The",4.5,2
5604,"Man in the White Suit, The (1951)",Comedy|Sci-Fi,5604,1951.0,"Man in the White Suit, The",3.5,1
5607,"Son of the Bride (Hijo de la novia, El) (2001)",Comedy|Drama,5607,2001.0,"Son of the Bride (Hijo de la novia, El)",5.0,1
5608,"Das Experiment (Experiment, The) (2001)",Drama|Thriller,5608,2001.0,"Das Experiment (Experiment, The)",3.8636363636363638,11
5609,Ballistic: Ecks vs. Sever (2002),Action|Thriller,5609,2002.0,Ballistic: Ecks vs. Sever,2.5,2
5610,"Banger Sisters, The (2002)",Comedy|Drama,5610,2002.0,"Banger Sisters, The",2.0,3
5611,"Four Feathers, The (2002)",Adventure|War,5611,2002.0,"Four Feathers, The",2.75,2
5612,Trapped (2002),Action|Thriller,5612,2002.0,Trapped,2.0,1
5613,8 Women (2002),Comedy|Crime|Musical|Mystery,5613,2002.0,8 Women,3.8333333333333335,3
5614,"His Secret Life (a.k.a. Ignorant Fairies, The) (Fate ignoranti, Le) (2001)",Drama|Romance,5614,2001.0,"His Secret Life (a.k.a. Ignorant Fairies, The) (Fate ignoranti, Le)",4.5,1
5615,Invincible (2001),Drama,5615,2001.0,Invincible,3.5,1
5617,Secretary (2002),Comedy|Drama|Romance,5617,2002.0,Secretary,3.9,25
5618,Spirited Away (Sen to Chihiro no kamikakushi) (2001),Adventure|Animation|Fantasy,5618,2001.0,Spirited Away (Sen to Chihiro no kamikakushi),4.155172413793103,87
5619,"Trials of Henry Kissinger, The (2002)",Documentary,5619,2002.0,"Trials of Henry Kissinger, The",4.0,2
5620,Sweet Home Alabama (2002),Comedy|Romance,5620,2002.0,Sweet Home Alabama,3.0535714285714284,28
5621,"Tuxedo, The (2002)",Action|Comedy,5621,2002.0,"Tuxedo, The",2.5,10
5625,Moonlight Mile (2002),Drama|Romance,5625,2002.0,Moonlight Mile,3.5,3
5628,Wasabi (2001),Action|Comedy|Crime|Drama|Thriller,5628,2001.0,Wasabi,3.5,5
5629,Jonah: A VeggieTales Movie (2002),Animation|Children|Musical,5629,2002.0,Jonah: A VeggieTales Movie,2.0,1
5630,Red Dragon (2002),Crime|Mystery|Thriller,5630,2002.0,Red Dragon,3.435483870967742,31
5632,Bloody Sunday (2002),Drama,5632,2002.0,Bloody Sunday,3.6,5
5633,Heaven (2002),Drama,5633,2002.0,Heaven,3.75,2
5635,"Man from Elysian Fields, The (2001)",Drama,5635,2001.0,"Man from Elysian Fields, The",3.0,1
5636,Welcome to Collinwood (2002),Comedy|Crime,5636,2002.0,Welcome to Collinwood,2.5,2
5637,Flirting (1991),Drama,5637,1991.0,Flirting,4.5,2
5638,Godzilla vs. Mothra (Mosura tai Gojira) (1964),Action|Adventure|Fantasy|Sci-Fi,5638,1964.0,Godzilla vs. Mothra (Mosura tai Gojira),2.0,1
5640,"Godzilla, King of the Monsters! (Kaijû-ô Gojira) (1956)",Horror|Sci-Fi,5640,1956.0,"Godzilla, King of the Monsters! (Kaijû-ô Gojira)",3.0,1
5643,Powaqqatsi (1988),Documentary,5643,1988.0,Powaqqatsi,3.5,3
5644,"Pride of the Yankees, The (1942)",Drama,5644,1942.0,"Pride of the Yankees, The",3.5,3
5646,Valmont (1989),Drama|Romance,5646,1989.0,Valmont,4.0,4
5649,Horror of Dracula (Dracula) (1958),Horror,5649,1958.0,Horror of Dracula (Dracula),3.0,1
5650,Strange Brew (1983),Comedy,5650,1983.0,Strange Brew,3.5454545454545454,11
5651,"Incredible Mr. Limpet, The (1964)",Animation|Comedy|War,5651,1964.0,"Incredible Mr. Limpet, The",3.0,1
5657,Flashback (1990),Action|Adventure|Comedy|Crime|Drama,5657,1990.0,Flashback,4.5,1
5663,Below (2002),Horror,5663,2002.0,Below,3.5,1
5664,Brown Sugar (2002),Romance,5664,2002.0,Brown Sugar,1.5,1
5665,Knockaround Guys (2002),Action|Comedy|Crime,5665,2002.0,Knockaround Guys,2.5,5
5666,"Rules of Attraction, The (2002)",Comedy|Drama|Romance|Thriller,5666,2002.0,"Rules of Attraction, The",3.6,5
5667,Tuck Everlasting (2002),Drama|Fantasy,5667,2002.0,Tuck Everlasting,3.25,2
5668,White Oleander (2002),Drama,5668,2002.0,White Oleander,2.5,4
5669,Bowling for Columbine (2002),Documentary,5669,2002.0,Bowling for Columbine,3.7758620689655173,58
5670,Comedian (2002),Comedy|Documentary,5670,2002.0,Comedian,3.0,2
5672,Pokemon 4 Ever (a.k.a. Pokémon 4: The Movie) (2002),Adventure|Animation|Children|Fantasy,5672,2002.0,Pokemon 4 Ever (a.k.a. Pokémon 4: The Movie),0.5,2
5673,Punch-Drunk Love (2002),Comedy|Drama|Romance,5673,2002.0,Punch-Drunk Love,3.621212121212121,33
5675,Swept Away (2002),Comedy|Romance,5675,2002.0,Swept Away,1.0,1
5678,Formula 51 (2001),Action|Comedy|Crime|Thriller,5678,2001.0,Formula 51,2.6666666666666665,3
5679,"Ring, The (2002)",Horror|Mystery|Thriller,5679,2002.0,"Ring, The",3.202127659574468,47
5680,Auto Focus (2002),Crime|Drama,5680,2002.0,Auto Focus,3.1666666666666665,3
5682,"Grey Zone, The (2001)",Drama,5682,2001.0,"Grey Zone, The",3.25,2
5684,Naqoyqatsi (2002),Documentary,5684,2002.0,Naqoyqatsi,3.0,1
5685,Real Women Have Curves (2002),Comedy|Drama,5685,2002.0,Real Women Have Curves,4.25,2
5688,Tully (2000),Drama,5688,2000.0,Tully,2.75,2
5689,Billy Bathgate (1991),Crime|Drama,5689,1991.0,Billy Bathgate,2.0,1
5690,Grave of the Fireflies (Hotaru no haka) (1988),Animation|Drama|War,5690,1988.0,Grave of the Fireflies (Hotaru no haka),4.15625,16
5693,Saturday Night Fever (1977),Comedy|Drama|Romance,5693,1977.0,Saturday Night Fever,3.3181818181818183,11
5694,Staying Alive (1983),Comedy|Drama|Musical,5694,1983.0,Staying Alive,2.25,2
5696,Urban Cowboy (1980),Drama,5696,1980.0,Urban Cowboy,2.3333333333333335,3
5699,Tom Horn (1980),Western,5699,1980.0,Tom Horn,4.0,1
5700,The Pumaman (1980),Action|Adventure|Fantasy|Sci-Fi,5700,1980.0,The Pumaman,0.5,1
5704,Without Warning (a.k.a. Alien Warning) (a.k.a. It Came Without Warning) (1980),Horror|Sci-Fi,5704,1980.0,Without Warning (a.k.a. Alien Warning) (a.k.a. It Came Without Warning),2.0,1
5706,...All the Marbles (1981),Comedy|Drama,5706,1981.0,...All the Marbles,2.0,1
5707,Absence of Malice (1981),Drama|Romance,5707,1981.0,Absence of Malice,3.25,2
5710,Banana Joe (1981),Comedy,5710,1981.0,Banana Joe,2.75,2
5712,Blow Out (1981),Mystery|Thriller,5712,1981.0,Blow Out,3.625,4
5720,"Friend Is a Treasure, A (Chi Trova Un Amico, Trova un Tesoro) (Who Finds a Friend Finds a Treasure) (1981)",Action|Adventure|Comedy,5720,1981.0,"Friend Is a Treasure, A (Chi Trova Un Amico, Trova un Tesoro) (Who Finds a Friend Finds a Treasure)",2.5,1
5721,"Chosen, The (1981)",Drama,5721,1981.0,"Chosen, The",0.0,0
5723,Continental Divide (1981),Comedy|Romance,5723,1981.0,Continental Divide,5.0,1
5733,"Eyewitness (Janitor, The) (1981)",Thriller,5733,1981.0,"Eyewitness (Janitor, The)",4.0,1
5735,Faces of Death (1978),Documentary|Horror,5735,1978.0,Faces of Death,1.75,2
5736,Faces of Death 3 (1985),Documentary|Horror,5736,1985.0,Faces of Death 3,1.5,1
5741,"Woman Next Door, The (Femme d'à côté, La) (1981)",Drama|Romance,5741,1981.0,"Woman Next Door, The (Femme d'à côté, La)",4.0,1
5742,First Monday in October (1981),Comedy|Drama,5742,1981.0,First Monday in October,4.0,1
5745,"Four Seasons, The (1981)",Comedy|Drama,5745,1981.0,"Four Seasons, The",5.0,1
5746,Galaxy of Terror (Quest) (1981),Action|Horror|Mystery|Sci-Fi,5746,1981.0,Galaxy of Terror (Quest),5.0,1
5747,Gallipoli (1981),Drama|War,5747,1981.0,Gallipoli,4.285714285714286,7
5749,Ghost Story (1981),Drama|Horror,5749,1981.0,Ghost Story,3.0,1
5752,Gregory's Girl (1981),Comedy|Romance,5752,1981.0,Gregory's Girl,3.0,1
5755,Happy Birthday to Me (1981),Horror|Mystery,5755,1981.0,Happy Birthday to Me,2.0,2
5764,Looker (1981),Drama|Horror|Sci-Fi|Thriller,5764,1981.0,Looker,4.5,1
5767,Teddy Bear (Mis) (1981),Comedy|Crime,5767,1981.0,Teddy Bear (Mis),3.5,1
5768,Modern Problems (1981),Comedy|Fantasy,5768,1981.0,Modern Problems,3.0,1
5771,My Bloody Valentine (1981),Drama|Horror|Thriller,5771,1981.0,My Bloody Valentine,0.5,1
5772,My Dinner with André (1981),Drama,5772,1981.0,My Dinner with André,4.75,2
5773,Neighbors (1981),Comedy,5773,1981.0,Neighbors,3.0,1
5779,Piranha II: The Spawning (1981),Horror|Sci-Fi,5779,1981.0,Piranha II: The Spawning,2.0,1
5780,Polyester (1981),Comedy,5780,1981.0,Polyester,3.0,1
5782,"Professional, The (Le professionnel) (1981)",Action|Drama|Thriller,5782,1981.0,"Professional, The (Le professionnel)",3.8684210526315788,19
5784,Ghost Ship (2002),Horror,5784,2002.0,Ghost Ship,2.5,9
5785,Jackass: The Movie (2002),Action|Comedy|Documentary,5785,2002.0,Jackass: The Movie,3.5,17
5786,Paid in Full (2002),Action|Drama,5786,2002.0,Paid in Full,4.5,1
5787,"Truth About Charlie, The (2002)",Mystery|Thriller,5787,2002.0,"Truth About Charlie, The",2.5,1
5788,All or Nothing (2002),Drama,5788,2002.0,All or Nothing,3.6666666666666665,3
5791,Frida (2002),Drama|Romance,5791,2002.0,Frida,3.78125,16
5792,Roger Dodger (2002),Comedy|Drama,5792,2002.0,Roger Dodger,3.6666666666666665,6
5796,Casino Royale (1967),Action|Adventure|Comedy,5796,1967.0,Casino Royale,2.5,5
5797,"Company of Wolves, The (1984)",Fantasy|Horror,5797,1984.0,"Company of Wolves, The",2.0,1
5799,Exodus (1960),Drama|Romance|War,5799,1960.0,Exodus,3.5,1
5801,"Russians Are Coming, the Russians Are Coming, The (1966)",Comedy|War,5801,1966.0,"Russians Are Coming, the Russians Are Coming, The",2.5,1
5802,"World of Henry Orient, The (1964)",Comedy,5802,1964.0,"World of Henry Orient, The",4.0,1
5803,I Spy (2002),Action|Adventure|Comedy|Crime,5803,2002.0,I Spy,2.5,7
5804,"Santa Clause 2, The (2002)",Children|Comedy|Fantasy|Romance,5804,2002.0,"Santa Clause 2, The",2.3,5
5809,Femme Fatale (2002),Crime|Thriller,5809,2002.0,Femme Fatale,3.375,4
5810,8 Mile (2002),Drama,5810,2002.0,8 Mile,3.292682926829268,41
5812,Far from Heaven (2002),Drama|Romance,5812,2002.0,Far from Heaven,3.8636363636363638,11
5816,Harry Potter and the Chamber of Secrets (2002),Adventure|Fantasy,5816,2002.0,Harry Potter and the Chamber of Secrets,3.5980392156862746,102
5817,Ararat (2002),Drama|War,5817,2002.0,Ararat,4.5,1
5818,"Crime of Father Amaro, The (Crimen del padre Amaro, El) (2002)",Drama|Romance,5818,2002.0,"Crime of Father Amaro, The (Crimen del padre Amaro, El)",4.5,1
5820,Standing in the Shadows of Motown (2002),Documentary|Musical,5820,2002.0,Standing in the Shadows of Motown,3.5,3
5826,Rio Grande (1950),Romance|Western,5826,1950.0,Rio Grande,3.5,1
5828,Blackrock (1997),Drama|Thriller,5828,1997.0,Blackrock,2.5,1
5829,Men with Brooms (2002),Comedy|Drama|Romance,5829,2002.0,Men with Brooms,4.0,1
5833,Dog Soldiers (2002),Action|Horror,5833,2002.0,Dog Soldiers,4.666666666666667,3
5836,Houseboat (1958),Comedy|Romance,5836,1958.0,Houseboat,2.0,1
5838,Madame Bovary (1991),Drama,5838,1991.0,Madame Bovary,4.0,1
5839,My Father's Glory (La gloire de mon père) (1990),Adventure|Drama,5839,1990.0,My Father's Glory (La gloire de mon père),4.0,1
5840,"My Mother's Castle (Château de ma mère, Le) (1990)",Comedy|Drama,5840,1990.0,"My Mother's Castle (Château de ma mère, Le)",4.0,1
5841,Return to the Blue Lagoon (1991),Adventure|Romance,5841,1991.0,Return to the Blue Lagoon,1.6666666666666667,3
5843,Toy Soldiers (1991),Action|Drama,5843,1991.0,Toy Soldiers,2.5,4
5847,Ragtime (1981),Drama,5847,1981.0,Ragtime,3.5,1
5849,I'm Starting From Three (Ricomincio da Tre) (1981),Comedy,5849,1981.0,I'm Starting From Three (Ricomincio da Tre),4.5,1
5853,Scanners (1981),Horror|Sci-Fi|Thriller,5853,1981.0,Scanners,3.25,2
5856,"Do You Remember Dolly Bell? (Sjecas li se, Dolly Bell) (1981)",Comedy|Drama|Romance,5856,1981.0,"Do You Remember Dolly Bell? (Sjecas li se, Dolly Bell)",4.0,1
5863,Take This Job and Shove It (1981),Comedy,5863,1981.0,Take This Job and Shove It,1.0,1
5867,Thief (1981),Crime|Drama|Thriller,5867,1981.0,Thief,4.5,2
5872,Die Another Day (2002),Action|Adventure|Thriller,5872,2002.0,Die Another Day,2.925925925925926,27
5873,The Emperor's Club (2002),Drama,5873,2002.0,The Emperor's Club,3.875,4
5874,Friday After Next (2002),Comedy,5874,2002.0,Friday After Next,2.4,5
5875,Personal Velocity (2002),Drama,5875,2002.0,Personal Velocity,2.5,1
5876,"Quiet American, The (2002)",Drama|Thriller|War,5876,2002.0,"Quiet American, The",3.9,5
5878,Talk to Her (Hable con Ella) (2002),Drama|Romance,5878,2002.0,Talk to Her (Hable con Ella),4.035714285714286,14
5879,Eight Crazy Nights (Adam Sandler's Eight Crazy Nights) (2002),Animation|Comedy|Musical,5879,2002.0,Eight Crazy Nights (Adam Sandler's Eight Crazy Nights),1.5,4
5880,Extreme Ops (2002),Action|Adventure|Crime|Thriller,5880,2002.0,Extreme Ops,1.75,2
5881,Solaris (2002),Drama|Romance|Sci-Fi,5881,2002.0,Solaris,3.075,20
5882,Treasure Planet (2002),Adventure|Animation|Children|Sci-Fi|IMAX,5882,2002.0,Treasure Planet,3.5625,8
5883,They (2002),Horror|Thriller,5883,2002.0,They,1.5,1
5884,Chopper Chicks in Zombietown (1989),Comedy|Horror,5884,1989.0,Chopper Chicks in Zombietown,1.0,1
5888,Brother (Brat) (1997),Crime|Drama,5888,1997.0,Brother (Brat),5.0,1
5889,"Cruel Romance, A (Zhestokij Romans) (1984)",Drama|Romance,5889,1984.0,"Cruel Romance, A (Zhestokij Romans)",5.0,1
5890,Elling (2001),Comedy|Drama,5890,2001.0,Elling,4.5,2
5891,I Spit on Your Grave (Day of the Woman) (1978),Horror|Thriller,5891,1978.0,I Spit on Your Grave (Day of the Woman),2.625,4
5893,"Last Seduction, The (1994)",Crime|Drama|Thriller,5893,1994.0,"Last Seduction, The",3.25,2
5896,New Waterford Girl (1999),Comedy,5896,1999.0,New Waterford Girl,4.0,1
5899,Zulu (1964),Action|Drama|War,5899,1964.0,Zulu,4.0,4
5900,Analyze That (2002),Comedy|Crime,5900,2002.0,Analyze That,2.5625,8
5901,Empire (2002),Crime|Drama,5901,2002.0,Empire,4.5,1
5902,Adaptation (2002),Comedy|Drama|Romance,5902,2002.0,Adaptation,3.9456521739130435,46
5903,Equilibrium (2002),Action|Sci-Fi|Thriller,5903,2002.0,Equilibrium,3.875,44
5909,Visitor Q (Bizita Q) (2001),Comedy|Drama|Horror,5909,2001.0,Visitor Q (Bizita Q),3.3,5
5912,Hit the Bank (Vabank) (1981),Comedy|Crime,5912,1981.0,Hit the Bank (Vabank),4.5,1
5915,Victory (a.k.a. Escape to Victory) (1981),Action|Drama|War,5915,1981.0,Victory (a.k.a. Escape to Victory),4.75,2
5919,Android (1982),Sci-Fi,5919,1982.0,Android,4.5,2
5922,Attila (Attila Flagello di Dio) (1982),Action,5922,1982.0,Attila (Attila Flagello di Dio),2.5,1
5925,"Beast Within, The (1982)",Horror,5925,1982.0,"Beast Within, The",2.0,2
5927,"Best Little Whorehouse in Texas, The (1982)",Comedy|Drama|Musical|Romance,5927,1982.0,"Best Little Whorehouse in Texas, The",3.0,1
5929,"Party 2, The (Boum 2, La) (1982)",Comedy|Romance,5929,1982.0,"Party 2, The (Boum 2, La)",3.0,1
5932,Burden of Dreams (1982),Documentary,5932,1982.0,Burden of Dreams,3.75,2
5938,Deathtrap (1982),Comedy|Crime|Mystery|Thriller,5938,1982.0,Deathtrap,4.5,2
5941,Drumline (2002),Comedy|Drama|Musical|Romance,5941,2002.0,Drumline,2.9166666666666665,6
5942,"Hot Chick, The (2002)",Comedy,5942,2002.0,"Hot Chick, The",2.8333333333333335,6
5943,Maid in Manhattan (2002),Comedy|Romance,5943,2002.0,Maid in Manhattan,2.6052631578947367,19
5944,Star Trek: Nemesis (2002),Action|Drama|Sci-Fi|Thriller,5944,2002.0,Star Trek: Nemesis,3.1052631578947367,19
5945,About Schmidt (2002),Comedy|Drama,5945,2002.0,About Schmidt,3.173076923076923,26
5947,Evelyn (2002),Drama,5947,2002.0,Evelyn,3.0,1
5949,Intact (Intacto) (2001),Thriller,5949,2001.0,Intact (Intacto),4.25,2
5951,Morvern Callar (2002),Drama,5951,2002.0,Morvern Callar,3.25,4
5952,"Lord of the Rings: The Two Towers, The (2002)",Adventure|Fantasy,5952,2002.0,"Lord of the Rings: The Two Towers, The",4.0212765957446805,188
5953,Devils on the Doorstep (Guizi lai le) (2000),Drama|War,5953,2000.0,Devils on the Doorstep (Guizi lai le),4.0,1
5954,25th Hour (2002),Crime|Drama,5954,2002.0,25th Hour,3.840909090909091,22
5955,Antwone Fisher (2002),Drama,5955,2002.0,Antwone Fisher,3.5555555555555554,9
5956,Gangs of New York (2002),Crime|Drama,5956,2002.0,Gangs of New York,3.518181818181818,55
5957,Two Weeks Notice (2002),Comedy|Romance,5957,2002.0,Two Weeks Notice,3.263157894736842,19
5959,Narc (2002),Crime|Drama|Thriller,5959,2002.0,Narc,3.2777777777777777,9
5961,Blue Steel (1990),Action|Thriller,5961,1990.0,Blue Steel,1.5,1
5962,Body of Evidence (1993),Drama|Thriller,5962,1993.0,Body of Evidence,1.0,1
5963,"Children's Hour, The (1961)",Drama,5963,1961.0,"Children's Hour, The",3.5,2
5965,"Duellists, The (1977)",Action|War,5965,1977.0,"Duellists, The",4.166666666666667,3
5968,Miami Blues (1990),Comedy|Crime|Drama,5968,1990.0,Miami Blues,4.0,1
5969,My Girl 2 (1994),Comedy|Drama|Romance,5969,1994.0,My Girl 2,2.5,1
5970,My Girl (1991),Comedy|Drama|Romance,5970,1991.0,My Girl,3.2,10
5971,My Neighbor Totoro (Tonari no Totoro) (1988),Animation|Children|Drama|Fantasy,5971,1988.0,My Neighbor Totoro (Tonari no Totoro),3.9594594594594597,37
5974,"Thief of Bagdad, The (1940)",Adventure|Fantasy,5974,1940.0,"Thief of Bagdad, The",3.0,1
5975,War and Peace (1956),Drama|Romance|War,5975,1956.0,War and Peace,3.5,1
5979,Attack of the Crab Monsters (1957),Horror|Sci-Fi,5979,1957.0,Attack of the Crab Monsters,3.0,1
5980,Black Christmas (1974),Horror|Mystery|Thriller,5980,1974.0,Black Christmas,3.5,2
5984,"Story of O, The (Histoire d'O) (1975)",Drama|Romance,5984,1975.0,"Story of O, The (Histoire d'O)",3.5,2
5986,Fat City (1972),Drama,5986,1972.0,Fat City,4.0,1
5988,Quicksilver (1986),Drama,5988,1986.0,Quicksilver,2.625,4
5989,Catch Me If You Can (2002),Crime|Drama,5989,2002.0,Catch Me If You Can,3.9217391304347826,115
5990,Pinocchio (2002),Children|Comedy|Fantasy,5990,2002.0,Pinocchio,3.5,1
5991,Chicago (2002),Comedy|Crime|Drama|Musical,5991,2002.0,Chicago,3.7244897959183674,49
5992,"Hours, The (2002)",Drama|Romance,5992,2002.0,"Hours, The",3.7,15
5993,Max (2002),Drama,5993,2002.0,Max,2.9,5
5994,Nicholas Nickleby (2002),Drama|Romance,5994,2002.0,Nicholas Nickleby,4.0,2
5995,"Pianist, The (2002)",Drama|War,5995,2002.0,"Pianist, The",4.108695652173913,46
5999,Heavy Metal 2000 (2000),Action|Adventure|Animation|Fantasy|Sci-Fi,5999,2000.0,Heavy Metal 2000,2.25,2
6001,"King of Comedy, The (1983)",Comedy|Drama,6001,1983.0,"King of Comedy, The",4.071428571428571,7
6002,Love Liza (2002),Drama,6002,2002.0,Love Liza,3.3333333333333335,3
6003,Confessions of a Dangerous Mind (2002),Comedy|Crime|Drama|Thriller,6003,2002.0,Confessions of a Dangerous Mind,3.6,15
6005,Blue Collar Comedy Tour: The Movie (2003),Comedy|Documentary,6005,2003.0,Blue Collar Comedy Tour: The Movie,3.0,3
6006,Just Married (2003),Comedy|Romance,6006,2003.0,Just Married,2.75,8
6009,"City of Lost Souls, The (Hyôryuu-gai) (2000)",Crime|Drama|Thriller,6009,2000.0,"City of Lost Souls, The (Hyôryuu-gai)",3.0,1
6012,"Guy Thing, A (2003)",Comedy|Romance,6012,2003.0,"Guy Thing, A",2.5,4
6013,Kangaroo Jack (2003),Action|Comedy,6013,2003.0,Kangaroo Jack,1.75,2
6014,National Security (2003),Action|Comedy,6014,2003.0,National Security,2.5,5
6016,City of God (Cidade de Deus) (2002),Action|Adventure|Crime|Drama|Thriller,6016,2002.0,City of God (Cidade de Deus),4.1466666666666665,75
6020,Alice Adams (1935),Comedy|Drama,6020,1935.0,Alice Adams,3.5,1
6021,"American Friend, The (Amerikanische Freund, Der) (1977)",Crime|Drama|Mystery|Thriller,6021,1977.0,"American Friend, The (Amerikanische Freund, Der)",5.0,1
6022,American Me (1992),Drama,6022,1992.0,American Me,2.5,3
6023,Band of Outsiders (Bande à part) (1964),Comedy|Crime|Drama|Romance,6023,1964.0,Band of Outsiders (Bande à part),3.5,2
6025,CB4 - The Movie (1993),Comedy,6025,1993.0,CB4 - The Movie,2.9,5
6027,Dogfight (1991),Drama|Romance,6027,1991.0,Dogfight,4.166666666666667,3
6030,Girls! Girls! Girls! (1962),Comedy|Musical,6030,1962.0,Girls! Girls! Girls!,2.0,1
6031,Imitation of Life (1959),Drama|Romance,6031,1959.0,Imitation of Life,3.5,2
6033,Mystery Date (1991),Comedy,6033,1991.0,Mystery Date,3.0,1
6035,Pépé le Moko (1937),Crime|Drama|Romance,6035,1937.0,Pépé le Moko,3.25,2
6036,Secret Admirer (1985),Comedy|Romance,6036,1985.0,Secret Admirer,3.0,1
6039,"Woman in Red, The (1984)",Comedy|Romance,6039,1984.0,"Woman in Red, The",2.375,4
6040,Darkness Falls (2003),Horror|Thriller,6040,2003.0,Darkness Falls,2.125,4
6041,Amen. (2002),Drama,6041,2002.0,Amen.,3.8333333333333335,3
6042,Blind Spot: Hitler's Secretary (Im toten Winkel - Hitlers Sekretärin) (2002),Documentary,6042,2002.0,Blind Spot: Hitler's Secretary (Im toten Winkel - Hitlers Sekretärin),3.0,1
6044,Blind Date (1984),Horror|Thriller,6044,1984.0,Blind Date,2.0,1
6049,Ethan Frome (1993),Drama,6049,1993.0,Ethan Frome,4.0,1
6051,"Harder They Come, The (1973)",Action|Crime|Drama,6051,1973.0,"Harder They Come, The",4.166666666666667,3
6055,Sugar Hill (1994),Drama,6055,1994.0,Sugar Hill,2.25,2
6057,Biker Boyz (2003),Action|Crime|Drama,6057,2003.0,Biker Boyz,2.0,1
6058,Final Destination 2 (2003),Horror|Thriller,6058,2003.0,Final Destination 2,3.05,10
6059,"Recruit, The (2003)",Action|Thriller,6059,2003.0,"Recruit, The",3.3529411764705883,17
6060,"Guru, The (2002)",Comedy|Romance,6060,2002.0,"Guru, The",3.0,2
6062,Lost in La Mancha (2002),Documentary,6062,2002.0,Lost in La Mancha,3.0833333333333335,6
6063,May (2002),Drama|Horror,6063,2002.0,May,3.3333333333333335,3
6064,"Harder They Fall, The (1956)",Drama|Film-Noir,6064,1956.0,"Harder They Fall, The",4.0,1
6067,Ordinary Decent Criminal (2000),Comedy|Crime,6067,2000.0,Ordinary Decent Criminal,4.0,1
6070,Tokyo Decadence (Topâzu) (1992),Drama,6070,1992.0,Tokyo Decadence (Topâzu),4.0,1
6078,Firefox (1982),Action|Sci-Fi|Thriller,6078,1982.0,Firefox,2.75,2
6086,"I, the Jury (1982)",Crime|Drama|Thriller,6086,1982.0,"I, the Jury",5.0,1
6090,Kiss Me Goodbye (1982),Comedy,6090,1982.0,Kiss Me Goodbye,3.5,1
6093,"Last Unicorn, The (1982)",Animation|Children|Fantasy,6093,1982.0,"Last Unicorn, The",3.375,4
6095,Dragon Lord (a.k.a. Dragon Strike) (Long Xiao Ye) (1982),Action,6095,1982.0,Dragon Lord (a.k.a. Dragon Strike) (Long Xiao Ye),3.5,1
6100,"Midsummer Night's Sex Comedy, A (1982)",Comedy|Romance,6100,1982.0,"Midsummer Night's Sex Comedy, A",4.0,3
6101,Missing (1982),Drama|Mystery|Thriller,6101,1982.0,Missing,4.0,1
6104,Monty Python Live at the Hollywood Bowl (1982),Comedy,6104,1982.0,Monty Python Live at the Hollywood Bowl,4.166666666666667,9
6107,"Night of the Shooting Stars (Notte di San Lorenzo, La) (1982)",Drama|War,6107,1982.0,"Night of the Shooting Stars (Notte di San Lorenzo, La)",4.0,1
6111,Paradise (1982),Adventure|Romance,6111,1982.0,Paradise,3.5,1
6116,"Pirate Movie, The (1982)",Adventure|Comedy|Musical,6116,1982.0,"Pirate Movie, The",2.5,2
6119,Santa Claus Is a Stinker (Le Père Noël est une ordure) (1982),Comedy,6119,1982.0,Santa Claus Is a Stinker (Le Père Noël est une ordure),4.0,1
6122,Richard Pryor Live on the Sunset Strip (1982),Comedy|Documentary,6122,1982.0,Richard Pryor Live on the Sunset Strip,4.0,2
6123,Sunless (Sans Soleil) (1983),Documentary,6123,1983.0,Sunless (Sans Soleil),4.0,1
6124,Savannah Smiles (1982),Comedy,6124,1982.0,Savannah Smiles,2.75,2
6125,"Secret Policeman's Other Ball, The (1982)",Comedy|Documentary|Musical,6125,1982.0,"Secret Policeman's Other Ball, The",3.5,1
6140,Tenebre (1982),Horror|Mystery|Thriller,6140,1982.0,Tenebre,2.25,2
6141,They Call Me Bruce? (a.k.a. A Fistful of Chopsticks) (1982),Comedy,6141,1982.0,They Call Me Bruce? (a.k.a. A Fistful of Chopsticks),3.0,1
6143,Trail of the Pink Panther (1982),Comedy|Crime,6143,1982.0,Trail of the Pink Panther,3.0,2
6145,Venom (1982),Horror|Thriller,6145,1982.0,Venom,2.0,1
6148,White Dog (1982),Drama|Horror|Thriller,6148,1982.0,White Dog,2.8333333333333335,3
6153,Zapped! (1982),Comedy|Sci-Fi,6153,1982.0,Zapped!,1.5,2
6155,How to Lose a Guy in 10 Days (2003),Comedy|Romance,6155,2003.0,How to Lose a Guy in 10 Days,3.2758620689655173,29
6156,Shanghai Knights (2003),Action|Adventure|Comedy,6156,2003.0,Shanghai Knights,3.210526315789474,19
6157,Daredevil (2003),Action|Crime,6157,2003.0,Daredevil,2.5,32
6158,"Jungle Book 2, The (2003)",Animation|Children,6158,2003.0,"Jungle Book 2, The",3.0,1
6159,All the Real Girls (2003),Drama|Romance,6159,2003.0,All the Real Girls,4.25,2
6162,Gerry (2002),Adventure|Drama,6162,2002.0,Gerry,3.1666666666666665,3
6163,He Loves Me... He Loves Me Not (À la folie... pas du tout) (2002),Romance|Thriller,6163,2002.0,He Loves Me... He Loves Me Not (À la folie... pas du tout),4.5,1
6166,Dennis the Menace (1993),Comedy,6166,1993.0,Dennis the Menace,1.8125,8
6169,"Black Stallion Returns, The (1983)",Adventure|Children,6169,1983.0,"Black Stallion Returns, The",2.5,2
6170,"Black Stallion, The (1979)",Adventure|Children|Drama,6170,1979.0,"Black Stallion, The",3.5,3
6178,"Patch of Blue, A (1965)",Drama|Romance,6178,1965.0,"Patch of Blue, A",4.0,1
6181,"Red Badge of Courage, The (1951)",Drama|War,6181,1951.0,"Red Badge of Courage, The",4.0,1
6182,"Thrill of It All, The (1963)",Comedy,6182,1963.0,"Thrill of It All, The",3.0,1
6183,Pillow Talk (1959),Comedy|Musical|Romance,6183,1959.0,Pillow Talk,3.8333333333333335,3
6184,"Man Who Fell to Earth, The (1976)",Drama|Sci-Fi,6184,1976.0,"Man Who Fell to Earth, The",4.25,4
6185,Dark Blue (2003),Action|Crime|Drama|Thriller,6185,2003.0,Dark Blue,3.0,3
6186,Gods and Generals (2003),Action|Drama|War,6186,2003.0,Gods and Generals,3.0,1
6187,"Life of David Gale, The (2003)",Crime|Drama|Thriller,6187,2003.0,"Life of David Gale, The",3.8125,8
6188,Old School (2003),Comedy,6188,2003.0,Old School,3.5128205128205128,39
6192,Open Hearts (Elsker dig for evigt) (2002),Romance,6192,2002.0,Open Hearts (Elsker dig for evigt),5.0,1
6193,Poolhall Junkies (2002),Comedy|Drama|Thriller,6193,2002.0,Poolhall Junkies,3.8333333333333335,3
6195,Stone Reader (2002),Documentary,6195,2002.0,Stone Reader,4.0,2
6196,Cradle 2 the Grave (2003),Action|Crime|Drama|Thriller,6196,2003.0,Cradle 2 the Grave,3.5,3
6197,Spider (2002),Drama|Mystery,6197,2002.0,Spider,3.3333333333333335,3
6201,Lady Jane (1986),Drama|Romance,6201,1986.0,Lady Jane,5.0,1
6202,Late Marriage (Hatuna Meuheret) (2001),Comedy|Drama|Romance,6202,2001.0,Late Marriage (Hatuna Meuheret),3.5,1
6203,Life Stinks (1991),Comedy,6203,1991.0,Life Stinks,1.5,2
6204,"Meteor Man, The (1993)",Comedy,6204,1993.0,"Meteor Man, The",2.5,1
6210,Volcano High (Whasango) (2001),Action|Comedy,6210,2001.0,Volcano High (Whasango),3.0,1
6212,Bringing Down the House (2003),Comedy,6212,2003.0,Bringing Down the House,1.9166666666666667,6
6213,Tears of the Sun (2003),Action|Drama|Thriller,6213,2003.0,Tears of the Sun,2.642857142857143,7
6214,Irreversible (Irréversible) (2002),Crime|Drama|Mystery|Thriller,6214,2002.0,Irreversible (Irréversible),3.888888888888889,9
6215,Laurel Canyon (2002),Drama,6215,2002.0,Laurel Canyon,3.0,3
6216,Nowhere in Africa (Nirgendwo in Afrika) (2001),Drama,6216,2001.0,Nowhere in Africa (Nirgendwo in Afrika),3.75,2
6217,"Safety of Objects, The (2001)",Drama,6217,2001.0,"Safety of Objects, The",3.0,2
6218,Bend It Like Beckham (2002),Comedy|Drama|Romance,6218,2002.0,Bend It Like Beckham,3.3,40
6219,"Hunted, The (2003)",Action|Drama|Thriller,6219,2003.0,"Hunted, The",3.0,3
6220,Willard (2003),Drama|Horror|Thriller,6220,2003.0,Willard,2.5,4
6222,Prozac Nation (2001),Drama,6222,2001.0,Prozac Nation,3.0,1
6223,Spun (2001),Comedy|Crime|Drama,6223,2001.0,Spun,3.25,2
6225,King of Kings (1961),Drama,6225,1961.0,King of Kings,3.0,1
6228,"Talk of the Town, The (1942)",Comedy|Romance|Thriller,6228,1942.0,"Talk of the Town, The",4.0,1
6232,Born Free (1966),Adventure|Children|Drama,6232,1966.0,Born Free,4.0,1
6234,Equus (1977),Drama|Mystery,6234,1977.0,Equus,3.5,1
6235,Europa Europa (Hitlerjunge Salomon) (1990),Drama|War,6235,1990.0,Europa Europa (Hitlerjunge Salomon),4.333333333333333,3
6237,"Glenn Miller Story, The (1953)",Drama,6237,1953.0,"Glenn Miller Story, The",4.0,1
6238,Green Card (1990),Comedy|Drama|Romance,6238,1990.0,Green Card,2.8333333333333335,9
6239,Journey to the Center of the Earth (1959),Adventure|Children|Sci-Fi,6239,1959.0,Journey to the Center of the Earth,2.75,2
6241,Pauline at the Beach (Pauline à la Plage) (1983),Comedy|Drama|Romance,6241,1983.0,Pauline at the Beach (Pauline à la Plage),4.0,1
6242,Ringu (Ring) (1998),Horror|Mystery|Thriller,6242,1998.0,Ringu (Ring),3.4545454545454546,11
6244,Salaam Bombay! (1988),Drama,6244,1988.0,Salaam Bombay!,3.5,2
6245,Sweet Charity (1969),Comedy|Drama|Musical|Romance,6245,1969.0,Sweet Charity,3.5,1
6246,Talent for the Game (1991),Drama,6246,1991.0,Talent for the Game,4.0,1
6249,Boat Trip (2003),Comedy,6249,2003.0,Boat Trip,2.375,4
6250,Dreamcatcher (2003),Drama|Horror|Sci-Fi|Thriller,6250,2003.0,Dreamcatcher,2.642857142857143,7
6251,Piglet's Big Movie (2003),Animation|Children,6251,2003.0,Piglet's Big Movie,2.0,1
6252,View from the Top (2003),Comedy|Romance,6252,2003.0,View from the Top,2.375,4
6254,"Awful Truth, The (1937)",Comedy|Romance,6254,1937.0,"Awful Truth, The",4.75,2
6263,Basic (2003),Drama|Thriller|War,6263,2003.0,Basic,3.75,2
6264,"Core, The (2003)",Action|Drama|Sci-Fi|Thriller,6264,2003.0,"Core, The",2.375,8
6265,Head of State (2003),Comedy,6265,2003.0,Head of State,2.25,2
6266,What a Girl Wants (2003),Comedy|Drama|Romance,6266,2003.0,What a Girl Wants,3.0625,8
6267,Assassination Tango (2002),Drama|Thriller,6267,2002.0,Assassination Tango,2.0,1
6268,Raising Victor Vargas (2002),Comedy|Drama|Romance,6268,2002.0,Raising Victor Vargas,3.75,2
6269,Stevie (2002),Documentary,6269,2002.0,Stevie,4.25,2
6270,Akira Kurosawa's Dreams (Dreams) (1990),Drama|Fantasy,6270,1990.0,Akira Kurosawa's Dreams (Dreams),4.333333333333333,3
6271,Day for Night (La Nuit Américaine) (1973),Comedy|Drama|Romance,6271,1973.0,Day for Night (La Nuit Américaine),2.0,1
6273,In a Lonely Place (1950),Drama|Film-Noir|Mystery|Romance,6273,1950.0,In a Lonely Place,3.5,1
6279,"Good Thief, The (2002)",Crime|Drama,6279,2002.0,"Good Thief, The",4.0,1
6280,"Man Apart, A (2003)",Action|Crime|Drama|Thriller,6280,2003.0,"Man Apart, A",2.25,2
6281,Phone Booth (2002),Drama|Thriller,6281,2002.0,Phone Booth,3.140625,32
6283,Cowboy Bebop: The Movie (Cowboy Bebop: Tengoku no Tobira) (2001),Action|Animation|Sci-Fi|Thriller,6283,2001.0,Cowboy Bebop: The Movie (Cowboy Bebop: Tengoku no Tobira),3.9,20
6285,Levity (2003),Drama,6285,2003.0,Levity,4.0,1
6286,"Man Without a Past, The (Mies vailla menneisyyttä) (2002)",Comedy|Crime|Drama,6286,2002.0,"Man Without a Past, The (Mies vailla menneisyyttä)",3.875,4
6287,Anger Management (2003),Comedy,6287,2003.0,Anger Management,3.0588235294117645,34
6288,Better Luck Tomorrow (2002),Crime|Drama,6288,2002.0,Better Luck Tomorrow,3.875,4
6289,Ghosts of the Abyss (2003),Documentary|IMAX,6289,2003.0,Ghosts of the Abyss,3.5,1
6290,House of 1000 Corpses (2003),Horror,6290,2003.0,House of 1000 Corpses,2.7142857142857144,7
6291,Lilya 4-Ever (Lilja 4-ever) (2002),Crime|Drama,6291,2002.0,Lilya 4-Ever (Lilja 4-ever),3.5,3
6294,Bulletproof Monk (2003),Action|Adventure|Sci-Fi,6294,2003.0,Bulletproof Monk,2.409090909090909,11
6295,Chasing Papi (a.k.a. Papi Chulo) (2003),Comedy,6295,2003.0,Chasing Papi (a.k.a. Papi Chulo),2.0,1
6296,"Mighty Wind, A (2003)",Comedy|Musical,6296,2003.0,"Mighty Wind, A",3.75,14
6297,Holes (2003),Adventure|Children|Comedy|Mystery,6297,2003.0,Holes,3.425,20
6298,Malibu's Most Wanted (2003),Comedy|Crime,6298,2003.0,Malibu's Most Wanted,2.6666666666666665,3
6299,"Winged Migration (Peuple migrateur, Le) (2001)",Documentary,6299,2001.0,"Winged Migration (Peuple migrateur, Le)",3.5,9
6300,Flickering Lights (Blinkende lygter) (2000),Action|Comedy|Crime,6300,2000.0,Flickering Lights (Blinkende lygter),4.5,3
6301,Straw Dogs (1971),Drama|Thriller,6301,1971.0,Straw Dogs,4.0,5
6302,Beginning of the End (1957),Sci-Fi,6302,1957.0,Beginning of the End,1.0,1
6303,"Andromeda Strain, The (1971)",Mystery|Sci-Fi,6303,1971.0,"Andromeda Strain, The",3.625,8
6305,Fahrenheit 451 (1966),Drama|Sci-Fi,6305,1966.0,Fahrenheit 451,3.6,10
6306,I Am Trying to Break Your Heart (2002),Documentary,6306,2002.0,I Am Trying to Break Your Heart,4.166666666666667,3
6308,Legal Eagles (1986),Comedy|Crime|Romance,6308,1986.0,Legal Eagles,2.625,4
6310,Memories of Me (1988),Comedy|Drama,6310,1988.0,Memories of Me,2.5,1
6313,Sibling Rivalry (1990),Comedy,6313,1990.0,Sibling Rivalry,2.5,2
6314,Undercover Blues (1993),Comedy|Crime,6314,1993.0,Undercover Blues,2.0,2
6315,Wildcats (1986),Comedy,6315,1986.0,Wildcats,1.8333333333333333,3
6316,"Wiz, The (1978)",Adventure|Children|Comedy|Fantasy|Musical,6316,1978.0,"Wiz, The",2.0,1
6319,"My Father the Hero (Mon père, ce héros.) (1991)",Comedy|Drama,6319,1991.0,"My Father the Hero (Mon père, ce héros.)",2.1666666666666665,3
6320,Scenes from a Mall (1991),Comedy,6320,1991.0,Scenes from a Mall,1.5,2
6322,Confidence (2003),Crime|Thriller,6322,2003.0,Confidence,2.8333333333333335,6
6323,Identity (2003),Crime|Horror|Mystery|Thriller,6323,2003.0,Identity,3.6818181818181817,22
6324,It Runs in the Family (2003),Comedy|Drama,6324,2003.0,It Runs in the Family,2.5,2
6327,"Decade Under the Influence, A (2003)",Documentary,6327,2003.0,"Decade Under the Influence, A",3.5,3
6329,Manic (2001),Drama,6329,2001.0,Manic,3.0,1
6330,People I Know (2002),Crime|Drama,6330,2002.0,People I Know,3.0,2
6331,Spellbound (2002),Documentary,6331,2002.0,Spellbound,3.923076923076923,13
6332,"Lizzie McGuire Movie, The (2003)",Children|Comedy|Romance,6332,2003.0,"Lizzie McGuire Movie, The",3.0,4
6333,X2: X-Men United (2003),Action|Adventure|Sci-Fi|Thriller,6333,2003.0,X2: X-Men United,3.723684210526316,76
6334,Blue Car (2002),Drama,6334,2002.0,Blue Car,3.5,3
6335,"Dancer Upstairs, The (2002)",Crime|Drama|Thriller,6335,2002.0,"Dancer Upstairs, The",3.8333333333333335,3
6336,Marooned in Iraq (Gomgashtei dar Aragh) (2002),Drama,6336,2002.0,Marooned in Iraq (Gomgashtei dar Aragh),3.0,1
6337,Owning Mahowny (2003),Crime|Drama|Thriller,6337,2003.0,Owning Mahowny,3.5,4
6338,Daddy Day Care (2003),Children|Comedy,6338,2003.0,Daddy Day Care,2.3333333333333335,6
6339,"Man on the Train (Homme du train, L') (2002)",Comedy|Drama,6339,2002.0,"Man on the Train (Homme du train, L')",3.875,4
6341,"Shape of Things, The (2003)",Drama,6341,2003.0,"Shape of Things, The",3.25,4
6342,"Trip, The (2002)",Comedy|Drama|Romance,6342,2002.0,"Trip, The",2.0,1
6344,101 Reykjavik (101 Reykjavík) (2000),Comedy|Drama|Romance,6344,2000.0,101 Reykjavik (101 Reykjavík),3.5,1
6345,"Chorus Line, A (1985)",Comedy|Drama|Musical,6345,1985.0,"Chorus Line, A",4.666666666666667,3
6347,Beat Street (1984),Drama|Musical,6347,1984.0,Beat Street,1.0,1
6348,Breakin' 2: Electric Boogaloo (1984),Musical,6348,1984.0,Breakin' 2: Electric Boogaloo,1.6666666666666667,3
6349,Breakin' (1984),Drama|Musical,6349,1984.0,Breakin',2.0,3
6350,Laputa: Castle in the Sky (Tenkû no shiro Rapyuta) (1986),Action|Adventure|Animation|Children|Fantasy|Sci-Fi,6350,1986.0,Laputa: Castle in the Sky (Tenkû no shiro Rapyuta),4.0625,24
6357,High Society (1956),Comedy|Musical|Romance,6357,1956.0,High Society,3.0,2
6358,Kiss Me Kate (1953),Comedy|Musical|Romance,6358,1953.0,Kiss Me Kate,3.5,1
6365,"Matrix Reloaded, The (2003)",Action|Adventure|Sci-Fi|Thriller|IMAX,6365,2003.0,"Matrix Reloaded, The",3.3541666666666665,96
6367,Down with Love (2003),Comedy|Romance,6367,2003.0,Down with Love,2.9,10
6368,Cinemania (2002),Documentary,6368,2002.0,Cinemania,4.0,4
6370,"Spanish Apartment, The (L'auberge espagnole) (2002)",Comedy|Drama|Romance,6370,2002.0,"Spanish Apartment, The (L'auberge espagnole)",4.0,5
6371,Pokémon Heroes (2003),Animation|Children,6371,2003.0,Pokémon Heroes,0.5,1
6373,Bruce Almighty (2003),Comedy|Drama|Fantasy|Romance,6373,2003.0,Bruce Almighty,3.316901408450704,71
6374,"In-Laws, The (2003)",Comedy,6374,2003.0,"In-Laws, The",2.1666666666666665,3
6375,Gigantic (A Tale of Two Johns) (2002),Documentary,6375,2002.0,Gigantic (A Tale of Two Johns),4.0,4
6376,Respiro (2002),Comedy|Drama,6376,2002.0,Respiro,3.5,2
6377,Finding Nemo (2003),Adventure|Animation|Children|Comedy,6377,2003.0,Finding Nemo,3.9609929078014185,141
6378,"Italian Job, The (2003)",Action|Crime,6378,2003.0,"Italian Job, The",3.6186440677966103,59
6379,Wrong Turn (2003),Horror|Thriller,6379,2003.0,Wrong Turn,3.0,2
6380,Capturing the Friedmans (2003),Documentary,6380,2003.0,Capturing the Friedmans,3.9285714285714284,7
6382,Together (Han ni Zai Yiki) (2002),Drama,6382,2002.0,Together (Han ni Zai Yiki),3.0,1
6383,"2 Fast 2 Furious (Fast and the Furious 2, The) (2003)",Action|Crime|Thriller,6383,2003.0,"2 Fast 2 Furious (Fast and the Furious 2, The)",2.6052631578947367,19
6385,Whale Rider (2002),Drama,6385,2002.0,Whale Rider,3.75,14
6386,Nevada Smith (1966),Western,6386,1966.0,Nevada Smith,4.0,1
6387,Once a Thief (Zong heng si hai) (1991),Action|Comedy|Crime|Thriller,6387,1991.0,Once a Thief (Zong heng si hai),3.6666666666666665,3
6390,Silk Stockings (1957),Musical,6390,1957.0,Silk Stockings,3.5,1
6395,"Crazies, The (a.k.a. Code Name: Trixie) (1973)",Action|Drama|Horror|Sci-Fi|Thriller,6395,1973.0,"Crazies, The (a.k.a. Code Name: Trixie)",3.5,1
6400,Murder on a Sunday Morning (Un coupable idéal) (2001),Documentary,6400,2001.0,Murder on a Sunday Morning (Un coupable idéal),3.5,1
6402,Siam Sunset (1999),Comedy,6402,1999.0,Siam Sunset,5.0,1
6405,Treasure Island (1950),Adventure|Children,6405,1950.0,Treasure Island,3.25,2
6407,"Walk, Don't Run (1966)",Comedy|Romance,6407,1966.0,"Walk, Don't Run",2.0,1
6408,Animals are Beautiful People (1974),Comedy|Documentary,6408,1974.0,Animals are Beautiful People,5.0,1
6410,Car Wash (1976),Comedy,6410,1976.0,Car Wash,3.75,2
6412,Destry Rides Again (1939),Comedy|Western,6412,1939.0,Destry Rides Again,3.75,2
6415,Intervista (1987),Comedy|Drama,6415,1987.0,Intervista,4.0,1
6417,Live Wire (1992),Action,6417,1992.0,Live Wire,4.0,1
6422,Shenandoah (1965),Drama|War|Western,6422,1965.0,Shenandoah,4.0,1
6424,Oscar (1991),Comedy|Crime|Mystery|Romance,6424,1991.0,Oscar,1.0,1
6425,"6th Man, The (Sixth Man, The) (1997)",Comedy,6425,1997.0,"6th Man, The (Sixth Man, The)",1.5,2
6427,"Railway Children, The (1970)",Children|Drama,6427,1970.0,"Railway Children, The",4.0,1
6428,Two Mules for Sister Sara (1970),Comedy|War|Western,6428,1970.0,Two Mules for Sister Sara,3.0,2
6429,Winchester '73 (1950),Western,6429,1950.0,Winchester '73,4.0,1
6433,"Man with the Movie Camera, The (Chelovek s kino-apparatom) (1929)",Documentary,6433,1929.0,"Man with the Movie Camera, The (Chelovek s kino-apparatom)",3.3333333333333335,3
6434,"Objective, Burma! (1945)",War,6434,1945.0,"Objective, Burma!",3.0,1
6436,This Boy's Life (1993),Drama,6436,1993.0,This Boy's Life,3.3333333333333335,3
6440,Barton Fink (1991),Drama|Thriller,6440,1991.0,Barton Fink,4.035714285714286,14
6442,Belle époque (1992),Comedy|Romance,6442,1992.0,Belle époque,5.0,2
6448,"Flight of the Phoenix, The (1965)",Action|Adventure|Drama,6448,1965.0,"Flight of the Phoenix, The",4.0,2
6449,From the Terrace (1960),Drama,6449,1960.0,From the Terrace,3.0,1
6452,"Long, Hot Summer, The (1958)",Drama,6452,1958.0,"Long, Hot Summer, The",4.0,1
6453,Man of Aran (1934),Documentary,6453,1934.0,Man of Aran,3.5,1
6454,Music Box (1989),Drama,6454,1989.0,Music Box,3.5,1
6460,"Trial, The (Procès, Le) (1962)",Drama,6460,1962.0,"Trial, The (Procès, Le)",4.9,5
6461,"Unforgiven, The (1960)",Drama|Western,6461,1960.0,"Unforgiven, The",3.8333333333333335,6
6464,Good Burger (1997),Children|Comedy,6464,1997.0,Good Burger,2.0,2
6465,Jubilee (1977),Drama,6465,1977.0,Jubilee,3.0,1
6466,Mississippi Masala (1991),Drama|Romance,6466,1991.0,Mississippi Masala,3.5,3
6476,Shattered (1991),Mystery|Thriller,6476,1991.0,Shattered,3.0,1
6477,"Song of Bernadette, The (1943)",Drama,6477,1943.0,"Song of Bernadette, The",3.0,1
6480,Thoroughly Modern Millie (1967),Comedy|Musical,6480,1967.0,Thoroughly Modern Millie,3.0,1
6482,Dumb and Dumberer: When Harry Met Lloyd (2003),Comedy,6482,2003.0,Dumb and Dumberer: When Harry Met Lloyd,1.9545454545454546,11
6483,From Justin to Kelly (2003),Musical|Romance,6483,2003.0,From Justin to Kelly,0.8333333333333334,3
6484,Hollywood Homicide (2003),Action|Crime|Drama,6484,2003.0,Hollywood Homicide,2.9285714285714284,7
6493,Alex and Emma (2003),Comedy|Drama|Romance,6493,2003.0,Alex and Emma,2.0,1
6502,28 Days Later (2002),Action|Horror|Sci-Fi,6502,2002.0,28 Days Later,3.9741379310344827,58
6503,Charlie's Angels: Full Throttle (2003),Action|Adventure|Comedy|Crime|Thriller,6503,2003.0,Charlie's Angels: Full Throttle,2.3703703703703702,27
6506,Fulltime Killer (Chuen jik sat sau) (2001),Action|Thriller,6506,2001.0,Fulltime Killer (Chuen jik sat sau),3.5,1
6509,Ali: Fear Eats the Soul (Angst essen Seele auf) (1974),Drama|Romance,6509,1974.0,Ali: Fear Eats the Soul (Angst essen Seele auf),4.0,2
6510,"Bodies, Rest & Motion (1993)",Drama|Romance,6510,1993.0,"Bodies, Rest & Motion",3.0,1
6514,Ring of Terror (1962),Horror,6514,1962.0,Ring of Terror,0.5,1
6515,You Only Live Once (1937),Crime|Film-Noir,6515,1937.0,You Only Live Once,4.5,1
6516,Anastasia (1956),Drama,6516,1956.0,Anastasia,3.5,1
6517,"Babe, The (1992)",Drama,6517,1992.0,"Babe, The",2.25,2
6523,Mr. Baseball (1992),Comedy|Romance,6523,1992.0,Mr. Baseball,2.5,2
6527,Scaramouche (1952),Adventure|Romance,6527,1952.0,Scaramouche,3.0,1
6528,Start the Revolution Without Me (1970),Comedy,6528,1970.0,Start the Revolution Without Me,2.0,1
6530,"Tenant, The (Locataire, Le) (1976)",Drama|Horror|Mystery|Thriller,6530,1976.0,"Tenant, The (Locataire, Le)",4.25,2
6533,"What's Up, Doc? (1972)",Comedy,6533,1972.0,"What's Up, Doc?",4.5,1
6534,Hulk (2003),Action|Adventure|Sci-Fi,6534,2003.0,Hulk,2.5606060606060606,33
6535,"Legally Blonde 2: Red, White & Blonde (2003)",Comedy,6535,2003.0,"Legally Blonde 2: Red, White & Blonde",2.409090909090909,11
6536,Sinbad: Legend of the Seven Seas (2003),Adventure|Animation|Children|Fantasy,6536,2003.0,Sinbad: Legend of the Seven Seas,3.6666666666666665,6
6537,Terminator 3: Rise of the Machines (2003),Action|Adventure|Sci-Fi,6537,2003.0,Terminator 3: Rise of the Machines,3.0444444444444443,45
6538,Swimming Pool (2003),Drama|Mystery|Thriller,6538,2003.0,Swimming Pool,3.6,5
6539,Pirates of the Caribbean: The Curse of the Black Pearl (2003),Action|Adventure|Comedy|Fantasy,6539,2003.0,Pirates of the Caribbean: The Curse of the Black Pearl,3.778523489932886,149
6541,"League of Extraordinary Gentlemen, The (a.k.a. LXG) (2003)",Action|Fantasy|Sci-Fi,6541,2003.0,"League of Extraordinary Gentlemen, The (a.k.a. LXG)",2.625,32
6542,"Cuckoo, The (Kukushka) (2002)",Comedy|Drama|War,6542,2002.0,"Cuckoo, The (Kukushka)",3.5,1
6545,I Capture the Castle (2003),Drama|Romance,6545,2003.0,I Capture the Castle,4.5,1
6547,Northfork (2003),Drama|Fantasy,6547,2003.0,Northfork,2.25,2
6548,Bad Boys II (2003),Action|Comedy|Crime|Thriller,6548,2003.0,Bad Boys II,2.8823529411764706,17
6549,How to Deal (2003),Comedy|Drama|Romance,6549,2003.0,How to Deal,3.5,3
6550,Johnny English (2003),Action|Comedy|Thriller,6550,2003.0,Johnny English,2.9615384615384617,13
6551,"Anarchist Cookbook, The (2002)",Comedy|Romance,6551,2002.0,"Anarchist Cookbook, The",4.0,1
6552,Dirty Pretty Things (2002),Crime|Drama|Thriller,6552,2002.0,Dirty Pretty Things,3.625,12
6553,"Embalmer, The (Imbalsamatore, L') (2002)",Drama,6553,2002.0,"Embalmer, The (Imbalsamatore, L')",4.0,1
6554,Garage Days (2002),Comedy|Musical,6554,2002.0,Garage Days,1.25,2
6557,Born to Be Wild (1995),Adventure|Children|Comedy|Drama,6557,1995.0,Born to Be Wild,0.5,1
6558,Curly Sue (1991),Comedy|Drama,6558,1991.0,Curly Sue,2.3333333333333335,3
6559,Little Giants (1994),Children|Comedy,6559,1994.0,Little Giants,2.5,4
6560,Loose Cannons (1990),Action|Comedy,6560,1990.0,Loose Cannons,2.0,1
6561,"Mouse That Roared, The (1959)",Comedy|War,6561,1959.0,"Mouse That Roared, The",3.0,1
6563,Masked & Anonymous (2003),Comedy|Drama,6563,2003.0,Masked & Anonymous,2.5,1
6564,Lara Croft Tomb Raider: The Cradle of Life (2003),Action|Adventure|Comedy|Romance|Thriller,6564,2003.0,Lara Croft Tomb Raider: The Cradle of Life,2.6470588235294117,17
6565,Seabiscuit (2003),Drama,6565,2003.0,Seabiscuit,3.6944444444444446,18
6566,Spy Kids 3-D: Game Over (2003),Action|Adventure|Children,6566,2003.0,Spy Kids 3-D: Game Over,2.0,3
6567,Buffalo Soldiers (2001),Comedy|Crime|Drama|War,6567,2001.0,Buffalo Soldiers,3.5,3
6568,Camp (2003),Comedy|Musical,6568,2003.0,Camp,3.25,2
6571,"Mondays in the Sun (Lunes al sol, Los) (2002)",Drama,6571,2002.0,"Mondays in the Sun (Lunes al sol, Los)",4.0,1
6572,Scorched (2003),Comedy|Crime,6572,2003.0,Scorched,3.5,2
6573,Avanti! (1972),Comedy|Drama,6573,1972.0,Avanti!,4.0,1
6574,Eve of Destruction (1991),Action|Sci-Fi|Thriller,6574,1991.0,Eve of Destruction,1.0,1
6577,Kickboxer 2: The Road Back (1991),Action|Drama,6577,1991.0,Kickboxer 2: The Road Back,3.5,2
6578,"Kiss Me, Stupid (1964)",Comedy,6578,1964.0,"Kiss Me, Stupid",3.5,1
6579,"One, Two, Three (1961)",Comedy,6579,1961.0,"One, Two, Three",4.0,2
6581,"Private Life of Sherlock Holmes, The (1970)",Comedy|Drama|Mystery,6581,1970.0,"Private Life of Sherlock Holmes, The",2.5,2
6582,Remo Williams: The Adventure Begins (1985),Action|Comedy|Crime|Thriller,6582,1985.0,Remo Williams: The Adventure Begins,2.3333333333333335,3
6583,"Blood of Heroes, The (Salute of the Jugger, The) (1989)",Action|Sci-Fi,6583,1989.0,"Blood of Heroes, The (Salute of the Jugger, The)",4.0,1
6584,"What's Up, Tiger Lily? (1966)",Adventure|Comedy|Crime|Thriller,6584,1966.0,"What's Up, Tiger Lily?",3.1666666666666665,3
6586,American Wedding (American Pie 3) (2003),Comedy,6586,2003.0,American Wedding (American Pie 3),3.09375,16
6587,Gigli (2003),Comedy|Crime|Romance,6587,2003.0,Gigli,1.5,1
6588,And Now... Ladies and Gentlemen... (2002),Romance|Thriller,6588,2002.0,And Now... Ladies and Gentlemen...,4.0,1
6591,"Magdalene Sisters, The (2002)",Drama,6591,2002.0,"Magdalene Sisters, The",4.333333333333333,6
6592,"Secret Lives of Dentists, The (2002)",Drama,6592,2002.0,"Secret Lives of Dentists, The",4.0,1
6593,Freaky Friday (2003),Children|Comedy|Fantasy,6593,2003.0,Freaky Friday,3.2083333333333335,24
6595,S.W.A.T. (2003),Action|Thriller,6595,2003.0,S.W.A.T.,3.3214285714285716,14
6596,"Divorce, Le (2003)",Comedy|Drama|Romance,6596,2003.0,"Divorce, Le",3.5,1
6597,"Princess Blade, The (Shura Yukihime) (2001)",Action|Sci-Fi,6597,2001.0,"Princess Blade, The (Shura Yukihime)",3.0,1
6598,Step Into Liquid (2002),Documentary,6598,2002.0,Step Into Liquid,3.5,1
6603,"Double Life, A (1947)",Crime|Drama|Film-Noir,6603,1947.0,"Double Life, A",2.5,1
6604,Hawks and Sparrows (Uccellacci e Uccellini) (1966),Comedy,6604,1966.0,Hawks and Sparrows (Uccellacci e Uccellini),4.0,1
6609,"Gospel According to St. Matthew, The (Vangelo secondo Matteo, Il) (1964)",Drama,6609,1964.0,"Gospel According to St. Matthew, The (Vangelo secondo Matteo, Il)",3.5,1
6611,Umberto D. (1952),Drama,6611,1952.0,Umberto D.,5.0,1
6612,Brother's Keeper (1992),Documentary,6612,1992.0,Brother's Keeper,4.25,2
6614,I Love You to Death (1990),Comedy|Crime,6614,1990.0,I Love You to Death,2.6666666666666665,3
6615,Freddy vs. Jason (2003),Action|Horror|Thriller,6615,2003.0,Freddy vs. Jason,2.3333333333333335,9
6616,Grind (2003),Action|Comedy,6616,2003.0,Grind,2.75,2
6617,Open Range (2003),Western,6617,2003.0,Open Range,3.9444444444444446,9
6618,Shaolin Soccer (Siu lam juk kau) (2001),Action|Comedy,6618,2001.0,Shaolin Soccer (Siu lam juk kau),3.823529411764706,17
6619,Uptown Girls (2003),Comedy,6619,2003.0,Uptown Girls,2.9166666666666665,6
6620,American Splendor (2003),Comedy|Drama,6620,2003.0,American Splendor,3.8333333333333335,18
6624,Agent Cody Banks (2003),Action|Adventure|Children|Fantasy,6624,2003.0,Agent Cody Banks,1.9,5
6625,Camp Nowhere (1994),Adventure|Children|Comedy,6625,1994.0,Camp Nowhere,2.5,4
6628,Hot Dog... The Movie (1984),Comedy,6628,1984.0,Hot Dog... The Movie,2.0,1
6629,House of Wax (1953),Crime|Horror|Mystery|Thriller,6629,1953.0,House of Wax,3.5,3
6631,Man's Best Friend (1993),Horror|Sci-Fi|Thriller,6631,1993.0,Man's Best Friend,1.5,2
6636,"Sure Thing, The (1985)",Comedy|Romance,6636,1985.0,"Sure Thing, The",3.75,4
6638,Valley Girl (1983),Comedy|Romance,6638,1983.0,Valley Girl,2.1666666666666665,3
6639,Wait Until Dark (1967),Drama|Thriller,6639,1967.0,Wait Until Dark,3.4285714285714284,7
6643,Tokyo Story (Tôkyô monogatari) (1953),Drama,6643,1953.0,Tokyo Story (Tôkyô monogatari),2.625,4
6644,"Green Ray, The (Rayon vert, Le) (1986)",Drama|Romance,6644,1986.0,"Green Ray, The (Rayon vert, Le)",4.0,1
6645,THX 1138 (1971),Action|Adventure|Drama|Sci-Fi,6645,1971.0,THX 1138,3.7857142857142856,7
6650,Kind Hearts and Coronets (1949),Comedy|Drama,6650,1949.0,Kind Hearts and Coronets,3.3333333333333335,3
6654,Atragon (Kaitei Gunkan) (1963),Adventure|Sci-Fi,6654,1963.0,Atragon (Kaitei Gunkan),3.5,1
6656,Attack of the Puppet People (1958),Horror|Sci-Fi,6656,1958.0,Attack of the Puppet People,4.0,1
6658,10 (1979),Comedy|Romance,6658,1979.0,10,3.375,4
6659,Tremors (1990),Comedy|Horror|Sci-Fi,6659,1990.0,Tremors,3.4375,16
6660,"Red Shoes, The (1948)",Drama|Fantasy|Musical|Romance,6660,1948.0,"Red Shoes, The",3.5,1
6662,"Pink Panther, The (1963)",Comedy|Crime,6662,1963.0,"Pink Panther, The",3.4545454545454546,11
6663,"Pink Panther Strikes Again, The (1976)",Comedy|Crime,6663,1976.0,"Pink Panther Strikes Again, The",3.4,5
6664,Commando (1985),Action|Adventure,6664,1985.0,Commando,3.5,6
6665,Dracula (1979),Horror|Romance,6665,1979.0,Dracula,4.5,1
6666,"Discreet Charm of the Bourgeoisie, The (Charme discret de la bourgeoisie, Le) (1972)",Comedy|Drama|Fantasy,6666,1972.0,"Discreet Charm of the Bourgeoisie, The (Charme discret de la bourgeoisie, Le)",4.3,5
6667,Waco: The Rules of Engagement (1997),Documentary,6667,1997.0,Waco: The Rules of Engagement,3.5,1
6668,"Road Home, The (Wo de fu qin mu qin) (1999)",Drama|Romance,6668,1999.0,"Road Home, The (Wo de fu qin mu qin)",0.0,0
6669,Ikiru (1952),Drama,6669,1952.0,Ikiru,3.4166666666666665,6
6670,Comic Book Villains (2002),Comedy,6670,2002.0,Comic Book Villains,2.25,2
6671,"Angel at My Table, An (1990)",Drama,6671,1990.0,"Angel at My Table, An",4.0,1
6678,"Handmaid's Tale, The (1990)",Drama|Sci-Fi,6678,1990.0,"Handmaid's Tale, The",3.5,1
6679,Revolution OS (2001),Documentary,6679,2001.0,Revolution OS,4.0,1
6684,Death in Venice (Morte a Venezia) (1971),Drama|Romance,6684,1971.0,Death in Venice (Morte a Venezia),4.0,2
6686,"Medallion, The (2003)",Action|Comedy|Crime|Fantasy,6686,2003.0,"Medallion, The",2.7,5
6687,My Boss's Daughter (2003),Comedy|Romance,6687,2003.0,My Boss's Daughter,2.0,4
6688,Autumn Spring (Babí léto) (2001),Comedy|Drama,6688,2001.0,Autumn Spring (Babí léto),3.5,1
6689,"Battle of Shaker Heights, The (2003)",Comedy|Drama|Romance,6689,2003.0,"Battle of Shaker Heights, The",4.0,1
6691,Dust (2001),Drama|Western,6691,2001.0,Dust,2.5,1
6692,Stoked: The Rise and Fall of Gator (2002),Documentary,6692,2002.0,Stoked: The Rise and Fall of Gator,2.0,1
6695,Jeepers Creepers 2 (2003),Horror|Thriller,6695,2003.0,Jeepers Creepers 2,1.875,4
6696,Bollywood/Hollywood (2002),Comedy|Drama|Musical|Romance,6696,2002.0,Bollywood/Hollywood,2.5,1
6699,Once Upon a Time in the Midlands (2002),Drama,6699,2002.0,Once Upon a Time in the Midlands,3.0,1
6702,Dickie Roberts: Former Child Star (2003),Comedy,6702,2003.0,Dickie Roberts: Former Child Star,2.3,5
6705,Party Monster (2003),Comedy|Crime|Drama|Thriller,6705,2003.0,Party Monster,2.5,1
6706,Taking Sides (2001),Drama,6706,2001.0,Taking Sides,3.5,1
6707,Cabin Fever (2002),Horror|Thriller,6707,2002.0,Cabin Fever,2.875,8
6708,Matchstick Men (2003),Comedy|Crime|Drama,6708,2003.0,Matchstick Men,3.7205882352941178,34
6709,Once Upon a Time in Mexico (2003),Action|Adventure|Crime|Thriller,6709,2003.0,Once Upon a Time in Mexico,3.2142857142857144,14
6710,Dummy (2002),Comedy|Drama|Romance,6710,2002.0,Dummy,3.625,4
6711,Lost in Translation (2003),Comedy|Drama|Romance,6711,2003.0,Lost in Translation,4.033783783783784,74
6713,Millennium Actress (Sennen joyû) (2001),Animation|Drama|Romance,6713,2001.0,Millennium Actress (Sennen joyû),3.8,5
6715,Children of the Night (1991),Horror,6715,1991.0,Children of the Night,3.5,1
6718,Gotcha! (1985),Comedy,6718,1985.0,Gotcha!,2.5,1
6720,Kuffs (1992),Action|Comedy|Crime,6720,1992.0,Kuffs,2.5,2
6721,Once Upon a Time in China (Wong Fei Hung) (1991),Action|Adventure|Drama,6721,1991.0,Once Upon a Time in China (Wong Fei Hung),3.357142857142857,7
6722,Once Upon a Time in China II (Wong Fei-hung Ji Yi: Naam yi dong ji keung) (1992),Action|Romance,6722,1992.0,Once Upon a Time in China II (Wong Fei-hung Ji Yi: Naam yi dong ji keung),2.5,1
6723,Once Upon a Time in China III (Wong Fei-hung tsi sam: Siwong tsangba) (1993),Action,6723,1993.0,Once Upon a Time in China III (Wong Fei-hung tsi sam: Siwong tsangba),3.0,2
6724,Paper Moon (1973),Comedy|Crime|Drama,6724,1973.0,Paper Moon,3.6,5
6731,Day of the Dead (1985),Horror|Sci-Fi|Thriller,6731,1985.0,Day of the Dead,3.625,8
6732,"Hello, Dolly! (1969)",Comedy|Musical|Romance,6732,1969.0,"Hello, Dolly!",3.75,2
6734,Memoirs of an Invisible Man (1992),Comedy|Romance|Sci-Fi|Thriller,6734,1992.0,Memoirs of an Invisible Man,2.0,2
6744,Once Bitten (1985),Comedy|Horror,6744,1985.0,Once Bitten,2.25,4
6746,Squirm (1976),Horror|Romance,6746,1976.0,Squirm,2.0,1
6748,"Brood, The (1979)",Horror,6748,1979.0,"Brood, The",3.0,1
6750,Anything Else (2003),Comedy|Drama|Romance,6750,2003.0,Anything Else,2.8333333333333335,3
6751,Cold Creek Manor (2003),Drama|Thriller,6751,2003.0,Cold Creek Manor,2.5,1
6752,"Fighting Temptations, The (2003)",Drama,6752,2003.0,"Fighting Temptations, The",3.5,1
6753,Secondhand Lions (2003),Children|Comedy|Drama,6753,2003.0,Secondhand Lions,3.5,12
6754,Underworld (2003),Action|Fantasy|Horror,6754,2003.0,Underworld,3.5,33
6755,Bubba Ho-tep (2002),Comedy|Horror,6755,2002.0,Bubba Ho-tep,3.3214285714285716,14
6760,In This World (2002),Adventure|Drama,6760,2002.0,In This World,3.0,2
6763,Duplex (2003),Comedy|Crime,6763,2003.0,Duplex,2.4285714285714284,7
6764,"Rundown, The (2003)",Action|Adventure|Comedy,6764,2003.0,"Rundown, The",3.1470588235294117,17
6765,Under the Tuscan Sun (2003),Comedy|Drama|Romance,6765,2003.0,Under the Tuscan Sun,3.2777777777777777,9
6768,Luther (2003),Drama,6768,2003.0,Luther,4.0,1
6769,Mambo Italiano (2003),Comedy,6769,2003.0,Mambo Italiano,3.0,1
6770,My Life Without Me (2003),Drama|Romance,6770,2003.0,My Life Without Me,3.5,2
6772,To Be and to Have (Être et avoir) (2002),Documentary,6772,2002.0,To Be and to Have (Être et avoir),3.0,1
6773,"Triplets of Belleville, The (Les triplettes de Belleville) (2003)",Animation|Comedy|Fantasy,6773,2003.0,"Triplets of Belleville, The (Les triplettes de Belleville)",3.7045454545454546,22
6774,Videodrome (1983),Fantasy|Horror|Sci-Fi|Thriller,6774,1983.0,Videodrome,3.6875,8
6775,Life and Debt (2001),Documentary,6775,2001.0,Life and Debt,4.0,1
6776,Lagaan: Once Upon a Time in India (2001),Comedy|Drama|Musical|Romance,6776,2001.0,Lagaan: Once Upon a Time in India,4.166666666666667,3
6777,Judgment at Nuremberg (1961),Drama,6777,1961.0,Judgment at Nuremberg,3.6,5
6780,"Brief History of Time, A (1991)",Documentary,6780,1991.0,"Brief History of Time, A",3.25,2
6782,Leningrad Cowboys Go America (1989),Comedy|Musical,6782,1989.0,Leningrad Cowboys Go America,4.0,1
6783,"Rules of the Game, The (La règle du jeu) (1939)",Comedy|Drama,6783,1939.0,"Rules of the Game, The (La règle du jeu)",3.5,3
6785,Seven Brides for Seven Brothers (1954),Comedy|Musical|Romance|Western,6785,1954.0,Seven Brides for Seven Brothers,3.75,4
6786,Kiss of the Spider Woman (1985),Drama,6786,1985.0,Kiss of the Spider Woman,3.875,4
6787,All the President's Men (1976),Drama|Thriller,6787,1976.0,All the President's Men,4.018518518518518,27
6788,Angie (1994),Comedy|Drama|Romance,6788,1994.0,Angie,2.0,1
6789,"Apartment, The (Appartement, L') (1996)",Drama|Mystery|Romance,6789,1996.0,"Apartment, The (Appartement, L')",4.0,1
6790,Avalon (2001),Drama|Fantasy|Sci-Fi,6790,2001.0,Avalon,3.5,3
6791,Babette's Feast (Babettes gæstebud) (1987),Drama,6791,1987.0,Babette's Feast (Babettes gæstebud),4.4,5
6793,Beethoven (1992),Children|Comedy|Drama,6793,1992.0,Beethoven,1.7727272727272727,11
6794,Beethoven's 2nd (1993),Children|Comedy,6794,1993.0,Beethoven's 2nd,1.5,5
6796,Boyz N the Hood (1991),Crime|Drama,6796,1991.0,Boyz N the Hood,3.7222222222222223,18
6797,Bugsy (1991),Crime|Drama,6797,1991.0,Bugsy,3.0,1
6798,Bugsy Malone (1976),Children|Comedy|Crime|Musical,6798,1976.0,Bugsy Malone,2.75,2
6800,Cobra (1986),Action|Crime,6800,1986.0,Cobra,2.3333333333333335,3
6803,Phenomena (a.k.a. Creepers) (1985),Horror|Mystery|Thriller,6803,1985.0,Phenomena (a.k.a. Creepers),3.5,1
6804,Crimewave (1985),Comedy|Crime,6804,1985.0,Crimewave,2.0,1
6807,Monty Python's The Meaning of Life (1983),Comedy,6807,1983.0,Monty Python's The Meaning of Life,3.95,40
6808,Where Eagles Dare (1968),Action|Adventure|War,6808,1968.0,Where Eagles Dare,4.0,4
6809,Tightrope (1984),Thriller,6809,1984.0,Tightrope,3.0,1
6810,Sleeping with the Enemy (1991),Drama|Thriller,6810,1991.0,Sleeping with the Enemy,2.5,5
6811,PCU (1994),Comedy,6811,1994.0,PCU,2.5,5
6812,"Rookie, The (1990)",Action|Comedy|Thriller,6812,1990.0,"Rookie, The",2.25,2
6814,City Heat (1984),Action|Comedy,6814,1984.0,City Heat,3.0,1
6816,Three O'Clock High (1987),Comedy,6816,1987.0,Three O'Clock High,4.0,1
6817,"White Hunter, Black Heart (1990)",Adventure|Drama,6817,1990.0,"White Hunter, Black Heart",3.0,1
6818,Come and See (Idi i smotri) (1985),Drama|War,6818,1985.0,Come and See (Idi i smotri),5.0,2
6820,Ginger Snaps (2000),Drama|Horror|Thriller,6820,2000.0,Ginger Snaps,4.0,6
6821,More American Graffiti (1979),Comedy,6821,1979.0,More American Graffiti,3.0,1
6827,It's Pat (1994),Comedy,6827,1994.0,It's Pat,0.8333333333333334,3
6832,Regarding Henry (1991),Drama,6832,1991.0,Regarding Henry,3.6,5
6835,Alien Contamination (1980),Action|Horror|Sci-Fi,6835,1980.0,Alien Contamination,5.0,1
6836,"Amazing Transparent Man, The (1960)",Sci-Fi,6836,1960.0,"Amazing Transparent Man, The",3.5,1
6837,Love Affair (1939),Comedy|Drama|Romance,6837,1939.0,Love Affair,3.0,1
6849,Scrooge (1970),Drama|Fantasy|Musical,6849,1970.0,Scrooge,0.0,0
6850,Leap of Faith (1992),Comedy|Drama,6850,1992.0,Leap of Faith,2.3333333333333335,3
6851,"Gas, Food, Lodging (1992)",Drama|Romance,6851,1992.0,"Gas, Food, Lodging",2.75,2
6852,In Cold Blood (1967),Crime|Drama,6852,1967.0,In Cold Blood,3.625,4
6853,Campus Man (1987),Comedy,6853,1987.0,Campus Man,1.0,1
6856,Yankee Doodle Dandy (1942),Drama|Musical,6856,1942.0,Yankee Doodle Dandy,4.0,2
6857,Ninja Scroll (Jûbei ninpûchô) (1995),Action|Adventure|Animation|Fantasy,6857,1995.0,Ninja Scroll (Jûbei ninpûchô),3.769230769230769,13
6858,Knife in the Water (Nóz w wodzie) (1962),Drama,6858,1962.0,Knife in the Water (Nóz w wodzie),3.75,2
6860,Mobsters (1991),Crime|Drama,6860,1991.0,Mobsters,2.0,1
6862,Out of Time (2003),Crime|Drama|Thriller,6862,2003.0,Out of Time,3.5,2
6863,School of Rock (2003),Comedy|Musical,6863,2003.0,School of Rock,3.4015151515151514,66
6867,"Station Agent, The (2003)",Comedy|Drama,6867,2003.0,"Station Agent, The",3.5833333333333335,12
6868,Wonderland (2003),Crime|Drama|Mystery|Thriller,6868,2003.0,Wonderland,3.4285714285714284,7
6869,Bus 174 (Ônibus 174) (2002),Crime|Documentary,6869,2002.0,Bus 174 (Ônibus 174),3.8333333333333335,3
6870,Mystic River (2003),Crime|Drama|Mystery,6870,2003.0,Mystic River,3.7115384615384617,52
6872,"House of the Dead, The (2003)",Action|Horror,6872,2003.0,"House of the Dead, The",1.125,4
6873,Intolerable Cruelty (2003),Comedy|Romance,6873,2003.0,Intolerable Cruelty,3.175,20
6874,Kill Bill: Vol. 1 (2003),Action|Crime|Thriller,6874,2003.0,Kill Bill: Vol. 1,3.9618320610687023,131
6879,Runaway Jury (2003),Drama|Thriller,6879,2003.0,Runaway Jury,3.4411764705882355,17
6880,"Texas Chainsaw Massacre, The (2003)",Horror,6880,2003.0,"Texas Chainsaw Massacre, The",1.8571428571428572,7
6881,Pieces of April (2003),Comedy|Drama,6881,2003.0,Pieces of April,3.0714285714285716,7
6882,Returner (Ritaanaa) (2002),Action|Adventure|Sci-Fi,6882,2002.0,Returner (Ritaanaa),2.5,1
6883,Sylvia (2003),Drama|Romance,6883,2003.0,Sylvia,3.0,1
6884,Veronica Guerin (2003),Crime|Drama|Thriller,6884,2003.0,Veronica Guerin,3.0,2
6885,In the Cut (2003),Crime|Drama|Mystery|Romance|Thriller,6885,2003.0,In the Cut,2.8333333333333335,3
6886,Beyond Borders (2003),Drama|Romance|War,6886,2003.0,Beyond Borders,3.5,1
6887,Radio (2003),Drama,6887,2003.0,Radio,4.1,5
6888,Scary Movie 3 (2003),Comedy|Horror,6888,2003.0,Scary Movie 3,2.275,20
6889,Brother Bear (2003),Adventure|Animation|Children,6889,2003.0,Brother Bear,3.0,2
6890,Elephant (2003),Drama,6890,2003.0,Elephant,3.5555555555555554,9
6893,"Italian Job, The (1969)",Action|Comedy|Crime,6893,1969.0,"Italian Job, The",3.85,10
6898,Sweet Sixteen (2002),Drama,6898,2002.0,Sweet Sixteen,3.3333333333333335,3
6899,Alien from L.A. (1988),Sci-Fi,6899,1988.0,Alien from L.A.,3.5,1
6902,Interstate 60 (2002),Adventure|Comedy|Drama|Fantasy|Mystery|Sci-Fi|Thriller,6902,2002.0,Interstate 60,4.0,2
6909,"Eye, The (Gin gwai) (Jian gui) (2002)",Thriller,6909,2002.0,"Eye, The (Gin gwai) (Jian gui)",3.25,2
6911,"Jolson Story, The (1946)",Musical,6911,1946.0,"Jolson Story, The",3.5,1
6912,You'll Never Get Rich (1941),Comedy|Musical|Romance,6912,1941.0,You'll Never Get Rich,3.5,1
6918,"Unvanquished, The (Aparajito) (1957)",Drama,6918,1957.0,"Unvanquished, The (Aparajito)",3.75,2
6920,"Cercle Rouge, Le (Red Circle, The) (1970)",Crime|Thriller,6920,1970.0,"Cercle Rouge, Le (Red Circle, The)",3.5,3
6927,"Human Stain, The (2003)",Drama|Romance|Thriller,6927,2003.0,"Human Stain, The",4.0,1
6932,Shattered Glass (2003),Crime|Drama,6932,2003.0,Shattered Glass,3.5,7
6934,"Matrix Revolutions, The (2003)",Action|Adventure|Sci-Fi|Thriller|IMAX,6934,2003.0,"Matrix Revolutions, The",3.151898734177215,79
6935,"Revolution Will Not Be Televised, The (a.k.a. Chavez: Inside the Coup) (2003)",Documentary,6935,2003.0,"Revolution Will Not Be Televised, The (a.k.a. Chavez: Inside the Coup)",4.0,1
6936,Elf (2003),Children|Comedy|Fantasy,6936,2003.0,Elf,3.6923076923076925,39
6938,Billabong Odyssey (2003),Documentary,6938,2003.0,Billabong Odyssey,4.0,1
6939,Gloomy Sunday (Ein Lied von Liebe und Tod) (1999),Drama|Romance,6939,1999.0,Gloomy Sunday (Ein Lied von Liebe und Tod),4.0,1
6942,Love Actually (2003),Comedy|Drama|Romance,6942,2003.0,Love Actually,3.788135593220339,59
6944,Father of the Bride (1991),Comedy,6944,1991.0,Father of the Bride,3.5,13
6945,My Architect: A Son's Journey (2003),Documentary,6945,2003.0,My Architect: A Son's Journey,4.25,2
6946,Looney Tunes: Back in Action (2003),Action|Animation|Children|Fantasy,6946,2003.0,Looney Tunes: Back in Action,2.75,2
6947,Master and Commander: The Far Side of the World (2003),Adventure|Drama|War,6947,2003.0,Master and Commander: The Far Side of the World,3.638888888888889,36
6948,Tupac: Resurrection (2003),Documentary,6948,2003.0,Tupac: Resurrection,4.0,1
6949,"Big Empty, The (2003)",Comedy|Mystery|Sci-Fi,6949,2003.0,"Big Empty, The",3.5,1
6950,"Missing, The (2003)",Adventure|Thriller|Western,6950,2003.0,"Missing, The",3.6666666666666665,3
6951,"Cat in the Hat, The (2003)",Children|Comedy,6951,2003.0,"Cat in the Hat, The",2.1,5
6952,Gothika (2003),Horror|Thriller,6952,2003.0,Gothika,3.111111111111111,9
6953,21 Grams (2003),Crime|Drama|Mystery|Romance|Thriller,6953,2003.0,21 Grams,3.3,25
6954,"Barbarian Invasions, The (Les invasions barbares) (2003)",Comedy|Crime|Drama|Mystery|Romance,6954,2003.0,"Barbarian Invasions, The (Les invasions barbares)",4.0,3
6957,Bad Santa (2003),Comedy|Crime,6957,2003.0,Bad Santa,3.3653846153846154,26
6958,"Haunted Mansion, The (2003)",Children|Comedy|Fantasy|Horror,6958,2003.0,"Haunted Mansion, The",2.5,10
6959,Timeline (2003),Action|Adventure|Sci-Fi,6959,2003.0,Timeline,2.0,3
6961,Damage (Fatale) (1992),Drama,6961,1992.0,Damage (Fatale),4.0,1
6962,OT: Our Town (2002),Documentary,6962,2002.0,OT: Our Town,3.5,1
6963,Devil's Playground (2002),Documentary,6963,2002.0,Devil's Playground,4.25,2
6965,Journeys with George (2002),Documentary,6965,2002.0,Journeys with George,3.5,1
6966,Darkman (1990),Action|Crime|Fantasy|Sci-Fi|Thriller,6966,1990.0,Darkman,3.8333333333333335,3
6967,Dead of Night (1945),Horror|Mystery,6967,1945.0,Dead of Night,0.5,1
6969,"Dernier Combat, Le (Last Battle, The) (1983)",Drama|Sci-Fi,6969,1983.0,"Dernier Combat, Le (Last Battle, The)",4.5,1
6970,Desk Set (1957),Comedy|Romance,6970,1957.0,Desk Set,3.75,2
6971,Europa (Zentropa) (1991),Drama|Thriller,6971,1991.0,Europa (Zentropa),4.0,1
6973,Final Analysis (1992),Drama|Romance|Thriller,6973,1992.0,Final Analysis,2.5,1
6974,"Freshman, The (1990)",Comedy|Crime,6974,1990.0,"Freshman, The",3.0,6
6975,Funny Games (1997),Drama|Horror|Thriller,6975,1997.0,Funny Games,3.2,5
6978,Slacker (1991),Comedy|Drama,6978,1991.0,Slacker,3.25,4
6979,WarGames (1983),Drama|Sci-Fi|Thriller,6979,1983.0,WarGames,3.3095238095238093,21
6981,"Ordet (Word, The) (1955)",Drama,6981,1955.0,"Ordet (Word, The)",3.75,2
6982,Forbidden Games (Jeux interdits) (1952),Drama|War,6982,1952.0,Forbidden Games (Jeux interdits),3.5,1
6983,Jane Eyre (1944),Drama|Romance,6983,1944.0,Jane Eyre,5.0,1
6984,"Tale of Two Cities, A (1935)",Drama,6984,1935.0,"Tale of Two Cities, A",4.0,1
6985,"Passion of Joan of Arc, The (Passion de Jeanne d'Arc, La) (1928)",Drama,6985,1928.0,"Passion of Joan of Arc, The (Passion de Jeanne d'Arc, La)",3.9,5
6986,Ben-Hur: A Tale of the Christ (1925),Adventure|Drama|Romance,6986,1925.0,Ben-Hur: A Tale of the Christ,3.0,1
6987,"Cabinet of Dr. Caligari, The (Cabinet des Dr. Caligari., Das) (1920)",Crime|Fantasy|Horror,6987,1920.0,"Cabinet of Dr. Caligari, The (Cabinet des Dr. Caligari., Das)",3.857142857142857,7
6989,Gorky Park (1983),Crime|Drama|Thriller,6989,1983.0,Gorky Park,3.5,4
6990,The Great Train Robbery (1978),Action|Adventure|Comedy|Crime|Drama,6990,1978.0,The Great Train Robbery,3.5,1
6992,Guarding Tess (1994),Comedy|Drama,6992,1994.0,Guarding Tess,2.75,2
6993,Hannah and Her Sisters (1986),Comedy|Drama|Romance,6993,1986.0,Hannah and Her Sisters,3.769230769230769,13
6994,"Hard Way, The (1991)",Action|Comedy,6994,1991.0,"Hard Way, The",3.25,2
6996,Highlander II: The Quickening (1991),Action|Sci-Fi,6996,1991.0,Highlander II: The Quickening,1.8571428571428572,7
6997,Hoffa (1992),Crime|Drama,6997,1992.0,Hoffa,3.0,2
6998,House of Cards (1993),Drama,6998,1993.0,House of Cards,2.0,1
6999,Housesitter (1992),Comedy|Romance,6999,1992.0,Housesitter,2.25,2
7000,Hudson Hawk (1991),Action|Adventure|Comedy,7000,1991.0,Hudson Hawk,3.0,4
7001,Invasion of the Body Snatchers (1978),Horror|Mystery|Sci-Fi|Thriller,7001,1978.0,Invasion of the Body Snatchers,3.75,6
7004,Kindergarten Cop (1990),Action|Comedy|Crime|Thriller,7004,1990.0,Kindergarten Cop,2.8823529411764706,17
7005,King Ralph (1991),Comedy,7005,1991.0,King Ralph,1.5,1
7007,"Last Boy Scout, The (1991)",Action|Comedy|Crime|Drama|Thriller,7007,1991.0,"Last Boy Scout, The",3.5,8
7008,Last Tango in Paris (Ultimo tango a Parigi) (1972),Drama|Romance,7008,1972.0,Last Tango in Paris (Ultimo tango a Parigi),4.5,5
7009,Lorenzo's Oil (1992),Drama,7009,1992.0,Lorenzo's Oil,3.3333333333333335,3
7010,"Lover, The (Amant, L') (1992)",Drama|Romance,7010,1992.0,"Lover, The (Amant, L')",3.5,3
7012,Mr. Destiny (1990),Comedy|Fantasy,7012,1990.0,Mr. Destiny,3.0,1
7013,"Night of the Hunter, The (1955)",Drama|Film-Noir|Thriller,7013,1955.0,"Night of the Hunter, The",4.0,7
7015,Only the Lonely (1991),Comedy|Romance,7015,1991.0,Only the Lonely,3.1666666666666665,3
7016,Over the Top (1987),Action|Drama,7016,1987.0,Over the Top,1.5,3
7017,Passenger 57 (1992),Action|Thriller,7017,1992.0,Passenger 57,3.5,3
7018,Presumed Innocent (1990),Crime|Drama|Thriller,7018,1990.0,Presumed Innocent,3.9,5
7019,Project X (1987),Comedy|Drama,7019,1987.0,Project X,2.75,2
7020,Proof (1991),Comedy|Drama|Romance,7020,1991.0,Proof,0.0,0
7022,Battle Royale (Batoru rowaiaru) (2000),Action|Drama|Horror|Thriller,7022,2000.0,Battle Royale (Batoru rowaiaru),3.933333333333333,30
7023,"Wedding Banquet, The (Xi yan) (1993)",Comedy|Drama|Romance,7023,1993.0,"Wedding Banquet, The (Xi yan)",4.5,1
7024,"Salo, or The 120 Days of Sodom (Salò o le 120 giornate di Sodoma) (1976)",Drama,7024,1976.0,"Salo, or The 120 Days of Sodom (Salò o le 120 giornate di Sodoma)",3.6666666666666665,3
7025,"Midnight Clear, A (1992)",Drama|War,7025,1992.0,"Midnight Clear, A",3.75,2
7026,Summer School (1987),Comedy,7026,1987.0,Summer School,2.375,4
7027,Silverado (1985),Action|Western,7027,1985.0,Silverado,3.2,5
7028,Quick Change (1990),Comedy|Crime,7028,1990.0,Quick Change,3.5714285714285716,7
7030,Radio Flyer (1992),Drama,7030,1992.0,Radio Flyer,2.75,2
7031,"Real McCoy, The (1993)",Action|Crime|Drama|Thriller,7031,1993.0,"Real McCoy, The",4.0,1
7032,Revenge (1990),Drama|Romance|Thriller,7032,1990.0,Revenge,4.0,1
7033,"Secret of My Succe$s, The (a.k.a. The Secret of My Success) (1987)",Comedy|Romance,7033,1987.0,"Secret of My Succe$s, The (a.k.a. The Secret of My Success)",3.125,4
7034,Show Me Love (Fucking Åmål) (1998),Drama|Romance,7034,1998.0,Show Me Love (Fucking Åmål),3.8125,8
7036,Teen Wolf (1985),Comedy|Fantasy,7036,1985.0,Teen Wolf,3.142857142857143,7
7037,High Heels (Tacones lejanos) (1991),Comedy|Drama,7037,1991.0,High Heels (Tacones lejanos),4.5,1
7038,Things You Can Tell Just by Looking at Her (2000),Drama|Romance,7038,2000.0,Things You Can Tell Just by Looking at Her,4.0,1
7040,To Live and Die in L.A. (1985),Action|Crime|Drama|Thriller,7040,1985.0,To Live and Die in L.A.,2.5,1
7041,Trapped in Paradise (1994),Comedy|Crime,7041,1994.0,Trapped in Paradise,2.5,1
7044,Wild at Heart (1990),Crime|Drama|Mystery|Romance|Thriller,7044,1990.0,Wild at Heart,3.8,5
7045,"Witches, The (1990)",Children|Fantasy,7045,1990.0,"Witches, The",3.1666666666666665,3
7046,"Witches of Eastwick, The (1987)",Comedy|Fantasy|Horror|Thriller,7046,1987.0,"Witches of Eastwick, The",2.5,11
7047,Year of the Dragon (1985),Action|Crime|Drama,7047,1985.0,Year of the Dragon,2.5,1
7048,Nothing to Lose (1997),Action|Adventure|Comedy|Crime,7048,1997.0,Nothing to Lose,3.375,4
7049,Flying Down to Rio (1933),Comedy|Musical|Romance,7049,1933.0,Flying Down to Rio,3.0,1
7050,Follow the Fleet (1936),Comedy|Musical|Romance,7050,1936.0,Follow the Fleet,3.75,2
7051,"What's New, Pussycat (1965)",Comedy,7051,1965.0,"What's New, Pussycat",3.5,2
7052,Mary of Scotland (1936),Drama,7052,1936.0,Mary of Scotland,3.0,1
7053,Roberta (1935),Comedy|Musical|Romance,7053,1935.0,Roberta,4.0,1
7054,Little Women (1949),Drama,7054,1949.0,Little Women,3.5,2
7055,Swing Time (1936),Comedy|Musical|Romance,7055,1936.0,Swing Time,4.0,1
7056,"Public Enemy, The (1931)",Action|Crime|Drama,7056,1931.0,"Public Enemy, The",4.25,2
7057,"Midsummer Night's Dream, A (1935)",Comedy|Fantasy|Romance,7057,1935.0,"Midsummer Night's Dream, A",3.5,1
7058,Life with Father (1947),Comedy,7058,1947.0,Life with Father,3.5,1
7059,National Velvet (1944),Children|Drama,7059,1944.0,National Velvet,3.75,2
7060,Jesus Christ Superstar (1973),Drama|Musical,7060,1973.0,Jesus Christ Superstar,4.0,3
7061,Dark Victory (1939),Drama|Romance,7061,1939.0,Dark Victory,4.0,1
7062,Birdman of Alcatraz (1962),Drama,7062,1962.0,Birdman of Alcatraz,4.0,1
7063,"Aguirre: The Wrath of God (Aguirre, der Zorn Gottes) (1972)",Adventure|Drama,7063,1972.0,"Aguirre: The Wrath of God (Aguirre, der Zorn Gottes)",4.0,8
7064,Beauty and the Beast (La belle et la bête) (1946),Drama|Fantasy,7064,1946.0,Beauty and the Beast (La belle et la bête),3.25,6
7065,"Birth of a Nation, The (1915)",Drama|War,7065,1915.0,"Birth of a Nation, The",2.0,1
7067,Juliet of the Spirits (Giulietta degli spiriti) (1965),Comedy|Drama|Fantasy|Romance,7067,1965.0,Juliet of the Spirits (Giulietta degli spiriti),3.25,2
7069,"Macbeth (a.k.a. Tragedy of Macbeth, The) (1971)",Drama,7069,1971.0,"Macbeth (a.k.a. Tragedy of Macbeth, The)",3.5,4
7070,Red River (1948),Action|Adventure|Western,7070,1948.0,Red River,4.0,1
7071,"Woman Under the Influence, A (1974)",Drama,7071,1974.0,"Woman Under the Influence, A",5.0,1
7072,Stagecoach (1939),Action|Drama|Romance|Western,7072,1939.0,Stagecoach,3.5,3
7073,"Shot in the Dark, A (1964)",Comedy|Crime|Mystery,7073,1964.0,"Shot in the Dark, A",2.5,1
7074,"Navigator, The (1924)",Comedy,7074,1924.0,"Navigator, The",3.5,1
7075,"Court Jester, The (1956)",Adventure|Comedy|Musical,7075,1956.0,"Court Jester, The",3.5,1
7076,Bullitt (1968),Action|Crime|Drama|Thriller,7076,1968.0,Bullitt,3.875,8
7078,Jezebel (1938),Drama,7078,1938.0,Jezebel,3.8333333333333335,3
7079,"Hunchback of Notre Dame, The (1939)",Drama,7079,1939.0,"Hunchback of Notre Dame, The",3.5,2
7080,42nd Street (1933),Drama|Musical|Romance,7080,1933.0,42nd Street,4.0,3
7082,That Touch of Mink (1962),Comedy|Romance,7082,1962.0,That Touch of Mink,3.75,2
7083,Sweet Dreams (1985),Drama,7083,1985.0,Sweet Dreams,3.0,1
7084,"Play It Again, Sam (1972)",Comedy|Romance,7084,1972.0,"Play It Again, Sam",3.75,4
7085,Send Me No Flowers (1964),Comedy|Romance,7085,1964.0,Send Me No Flowers,3.25,2
7086,Pygmalion (1938),Comedy|Drama,7086,1938.0,Pygmalion,3.5,1
7087,"Passage to India, A (1984)",Adventure|Drama,7087,1984.0,"Passage to India, A",4.0,2
7088,Black Orpheus (Orfeu Negro) (1959),Drama|Romance,7088,1959.0,Black Orpheus (Orfeu Negro),4.0,1
7089,Amarcord (1973),Comedy|Drama,7089,1973.0,Amarcord,4.0,2
7090,Hero (Ying xiong) (2002),Action|Adventure|Drama,7090,2002.0,Hero (Ying xiong),3.9210526315789473,38
7091,Horse Feathers (1932),Comedy,7091,1932.0,Horse Feathers,4.0,2
7092,Anna Karenina (1935),Drama|Romance,7092,1935.0,Anna Karenina,3.5,2
7093,"Front Page, The (1974)",Comedy,7093,1974.0,"Front Page, The",3.75,2
7096,Rivers and Tides (2001),Documentary,7096,2001.0,Rivers and Tides,5.0,1
7099,Nausicaä of the Valley of the Wind (Kaze no tani no Naushika) (1984),Adventure|Animation|Drama|Fantasy|Sci-Fi,7099,1984.0,Nausicaä of the Valley of the Wind (Kaze no tani no Naushika),4.0,23
7101,Doc Hollywood (1991),Comedy|Romance,7101,1991.0,Doc Hollywood,3.0,6
7102,Dragnet (1987),Comedy|Crime|Drama,7102,1987.0,Dragnet,2.5,4
7103,Madhouse (1990),Comedy,7103,1990.0,Madhouse,3.5,1
7104,1941 (1979),Comedy|War,7104,1979.0,1941,2.6666666666666665,3
7107,Foul Play (1978),Comedy|Thriller,7107,1978.0,Foul Play,2.75,2
7108,Crime Story (Zhong an zu) (1993),Action|Crime|Drama,7108,1993.0,Crime Story (Zhong an zu),3.25,2
7109,Beyond the Clouds (Al di là delle nuvole) (1996),Drama|Romance,7109,1996.0,Beyond the Clouds (Al di là delle nuvole),3.0,1
7114,"Collector, The (1965)",Drama|Horror|Thriller,7114,1965.0,"Collector, The",0.5,1
7115,Deep Red (Profondo rosso) (1975),Horror|Mystery|Thriller,7115,1975.0,Deep Red (Profondo rosso),2.6,5
7116,Diabolique (Les diaboliques) (1955),Horror|Mystery|Thriller,7116,1955.0,Diabolique (Les diaboliques),3.125,4
7117,Leprechaun (1993),Comedy|Horror,7117,1993.0,Leprechaun,2.3,5
7118,Wings of Honneamise (Ôritsu uchûgun Oneamisu no tsubasa) (1987),Animation|Drama|Sci-Fi|War,7118,1987.0,Wings of Honneamise (Ôritsu uchûgun Oneamisu no tsubasa),3.75,2
7121,Adam's Rib (1949),Comedy|Romance,7121,1949.0,Adam's Rib,4.75,4
7122,King of Hearts (1966),Comedy|Drama|War,7122,1966.0,King of Hearts,5.0,1
7123,Naked Lunch (1991),Drama|Fantasy|Mystery|Sci-Fi,7123,1991.0,Naked Lunch,3.4444444444444446,9
7124,Grass (1999),Documentary,7124,1999.0,Grass,3.1666666666666665,3
7125,Spring Forward (1999),Drama,7125,1999.0,Spring Forward,2.0,1
7127,Run (1991),Action|Drama|Thriller,7127,1991.0,Run,3.5,1
7131,"Summer Place, A (1959)",Drama,7131,1959.0,"Summer Place, A",3.0,1
7132,"Night at the Opera, A (1935)",Comedy|Musical|Romance,7132,1935.0,"Night at the Opera, A",4.111111111111111,9
7134,"Element of Crime, The (Forbrydelsens Element) (1984)",Drama|Thriller,7134,1984.0,"Element of Crime, The (Forbrydelsens Element)",4.0,1
7137,"Cooler, The (2003)",Comedy|Drama|Romance,7137,2003.0,"Cooler, The",3.55,10
7139,In America (2002),Drama|Romance,7139,2002.0,In America,3.857142857142857,7
7141,My Flesh and Blood (2003),Documentary,7141,2003.0,My Flesh and Blood,4.0,1
7142,Honey (2003),Drama|Romance,7142,2003.0,Honey,3.0,3
7143,"Last Samurai, The (2003)",Action|Adventure|Drama|War,7143,2003.0,"Last Samurai, The",3.903225806451613,62
7147,Big Fish (2003),Drama|Fantasy|Romance,7147,2003.0,Big Fish,3.8333333333333335,69
7149,Something's Gotta Give (2003),Comedy|Drama|Romance,7149,2003.0,Something's Gotta Give,3.6470588235294117,17
7150,Stuck on You (2003),Comedy,7150,2003.0,Stuck on You,2.8,10
7151,Girl with a Pearl Earring (2003),Drama|Romance,7151,2003.0,Girl with a Pearl Earring,3.375,12
7153,"Lord of the Rings: The Return of the King, The (2003)",Action|Adventure|Drama|Fantasy,7153,2003.0,"Lord of the Rings: The Return of the King, The",4.118918918918919,185
7154,Mona Lisa Smile (2003),Drama|Romance,7154,2003.0,Mona Lisa Smile,2.8,10
7155,Calendar Girls (2003),Comedy,7155,2003.0,Calendar Girls,2.625,8
7156,"Fog of War: Eleven Lessons from the Life of Robert S. McNamara, The (2003)",Documentary|War,7156,2003.0,"Fog of War: Eleven Lessons from the Life of Robert S. McNamara, The",4.3076923076923075,13
7158,House of Sand and Fog (2003),Drama,7158,2003.0,House of Sand and Fog,3.7777777777777777,9
7160,Monster (2003),Crime|Drama,7160,2003.0,Monster,3.5294117647058822,17
7161,Cheaper by the Dozen (2003),Children|Comedy,7161,2003.0,Cheaper by the Dozen,1.9375,8
7162,Cold Mountain (2003),Drama|Romance|War,7162,2003.0,Cold Mountain,3.2916666666666665,12
7163,Paycheck (2003),Action|Sci-Fi|Thriller,7163,2003.0,Paycheck,2.911764705882353,17
7164,Peter Pan (2003),Action|Adventure|Children|Fantasy,7164,2003.0,Peter Pan,3.0833333333333335,6
7165,"Company, The (2003)",Drama|Musical,7165,2003.0,"Company, The",3.0,1
7167,Japanese Story (2003),Drama,7167,2003.0,Japanese Story,3.0,1
7169,Chasing Liberty (2004),Comedy|Romance,7169,2004.0,Chasing Liberty,3.9375,8
7171,Aileen: Life and Death of a Serial Killer (2003),Documentary,7171,2003.0,Aileen: Life and Death of a Serial Killer,3.5,2
7173,Along Came Polly (2004),Comedy|Romance,7173,2004.0,Along Came Polly,3.0416666666666665,24
7175,Torque (2004),Action|Crime,7175,2004.0,Torque,2.25,2
7176,Crimson Gold (Talaye sorgh) (2003),Drama,7176,2003.0,Crimson Gold (Talaye sorgh),3.5,1
7177,Osama (2003),Drama,7177,2003.0,Osama,3.5,1
7178,"Great Gatsby, The (1974)",Drama,7178,1974.0,"Great Gatsby, The",3.0,1
7179,Wuthering Heights (1992),Drama|Romance,7179,1992.0,Wuthering Heights,2.5,1
7181,Ship of Fools (1965),Drama,7181,1965.0,Ship of Fools,3.5,1
7184,This Property is Condemned (1966),Drama|Romance,7184,1966.0,This Property is Condemned,4.5,1
7190,Jane Eyre (1970),Drama,7190,1970.0,Jane Eyre,3.5,1
7191,Blame It on the Bellboy (1992),Comedy,7191,1992.0,Blame It on the Bellboy,2.0,1
7192,Only the Strong (1993),Action,7192,1993.0,Only the Strong,3.0,2
7193,"Adventures of Ford Fairlane, The (1990)",Action|Comedy,7193,1990.0,"Adventures of Ford Fairlane, The",3.0,2
7202,Beyond Re-Animator (2003),Horror,7202,2003.0,Beyond Re-Animator,3.0,1
7205,"Wind and the Lion, The (1975)",Adventure,7205,1975.0,"Wind and the Lion, The",3.0,1
7206,Mon Oncle (My Uncle) (1958),Comedy,7206,1958.0,Mon Oncle (My Uncle),3.8333333333333335,3
7208,Dr. Jekyll and Mr. Hyde (1941),Drama|Horror,7208,1941.0,Dr. Jekyll and Mr. Hyde,3.75,2
7209,"M. Hulot’s Holiday (Mr. Hulot's Holiday) (Vacances de Monsieur Hulot, Les) (1953)",Comedy,7209,1953.0,"M. Hulot’s Holiday (Mr. Hulot's Holiday) (Vacances de Monsieur Hulot, Les)",3.5,3
7211,People Will Talk (1951),Comedy|Romance,7211,1951.0,People Will Talk,3.5,1
7212,I Was a Male War Bride (1949),Comedy|Romance,7212,1949.0,I Was a Male War Bride,4.25,2
7215,To Have and Have Not (1944),Adventure|Drama|Romance|Thriller|War,7215,1944.0,To Have and Have Not,3.5,4
7216,High Sierra (1941),Crime|Drama|Film-Noir|Thriller,7216,1941.0,High Sierra,4.166666666666667,3
7217,Dark Passage (1947),Crime|Drama|Film-Noir|Romance|Thriller,7217,1947.0,Dark Passage,4.0,1
7218,"Ox-Bow Incident, The (1943)",Drama|Western,7218,1943.0,"Ox-Bow Incident, The",4.5,1
7219,They Drive by Night (1940),Drama,7219,1940.0,They Drive by Night,4.0,1
7222,Reefer Madness (a.k.a. Tell Your Children) (1938),Comedy|Drama,7222,1938.0,Reefer Madness (a.k.a. Tell Your Children),3.25,2
7223,D.O.A. (1950),Drama|Film-Noir|Mystery,7223,1950.0,D.O.A.,2.5,1
7225,Pumping Iron (1977),Documentary,7225,1977.0,Pumping Iron,3.6666666666666665,3
7228,Cool World (1992),Animation|Comedy|Fantasy,7228,1992.0,Cool World,2.5,4
7234,"Strada, La (1954)",Drama,7234,1954.0,"Strada, La",4.25,6
7235,Ichi the Killer (Koroshiya 1) (2001),Action|Comedy|Crime|Drama|Horror|Thriller,7235,2001.0,Ichi the Killer (Koroshiya 1),3.4166666666666665,6
7236,"Boy and His Dog, A (1975)",Sci-Fi,7236,1975.0,"Boy and His Dog, A",4.0,3
7238,Ashes and Diamonds (Popiól i diament) (1958),Drama|War,7238,1958.0,Ashes and Diamonds (Popiól i diament),4.0,1
7243,Intolerance: Love's Struggle Throughout the Ages (1916),Drama,7243,1916.0,Intolerance: Love's Struggle Throughout the Ages,3.5,1
7245,Tormented (1960),Horror|Thriller,7245,1960.0,Tormented,1.0,1
7247,Chitty Chitty Bang Bang (1968),Adventure|Children|Comedy|Fantasy|Musical,7247,1968.0,Chitty Chitty Bang Bang,3.4545454545454546,11
7248,"Suriyothai (a.k.a. Legend of Suriyothai, The) (2001)",Action|Adventure|Drama|War,7248,2001.0,"Suriyothai (a.k.a. Legend of Suriyothai, The)",3.5,1
7251,Where the Day Takes You (1992),Drama,7251,1992.0,Where the Day Takes You,4.0,1
7254,The Butterfly Effect (2004),Drama|Sci-Fi|Thriller,7254,2004.0,The Butterfly Effect,3.630434782608696,46
7255,Win a Date with Tad Hamilton! (2004),Comedy|Romance,7255,2004.0,Win a Date with Tad Hamilton!,2.8125,8
7256,Touching the Void (2003),Adventure|Documentary,7256,2003.0,Touching the Void,4.0,8
7257,"Big Bounce, The (2004)",Comedy|Crime|Thriller,7257,2004.0,"Big Bounce, The",2.0,4
7258,"Perfect Score, The (2004)",Comedy|Crime,7258,2004.0,"Perfect Score, The",2.75,4
7259,You Got Served (2004),Drama|Musical,7259,2004.0,You Got Served,2.125,4
7260,Latter Days (2003),Comedy|Drama|Romance,7260,2003.0,Latter Days,3.5,1
7261,Barbershop 2: Back in Business (2004),Comedy,7261,2004.0,Barbershop 2: Back in Business,2.1666666666666665,3
7262,Catch That Kid (2004),Action|Adventure|Children|Comedy|Crime,7262,2004.0,Catch That Kid,2.0,1
7263,Miracle (2004),Drama,7263,2004.0,Miracle,3.35,10
7264,An Amazing Couple (2002),Comedy|Romance,7264,2002.0,An Amazing Couple,4.0,1
7265,"Dreamers, The (2003)",Drama,7265,2003.0,"Dreamers, The",3.730769230769231,13
7266,"Lost Skeleton of Cadavra, The (2002)",Comedy|Horror|Sci-Fi,7266,2002.0,"Lost Skeleton of Cadavra, The",4.0,1
7282,"Hip Hop Witch, Da (2000)",Comedy|Horror|Thriller,7282,2000.0,"Hip Hop Witch, Da",1.0,1
7285,Thirteen (2003),Drama,7285,2003.0,Thirteen,3.611111111111111,9
7292,Best Defense (1984),Comedy|War,7292,1984.0,Best Defense,2.5,1
7293,50 First Dates (2004),Comedy|Romance,7293,2004.0,50 First Dates,3.5531914893617023,47
7294,Welcome to Mooseport (2004),Comedy,7294,2004.0,Welcome to Mooseport,3.25,4
7297,Kitchen Stories (Salmer fra kjøkkenet) (2003),Comedy|Drama,7297,2003.0,Kitchen Stories (Salmer fra kjøkkenet),3.6666666666666665,3
7299,Monsieur Ibrahim (Monsieur Ibrahim et les fleurs du Coran) (2003),Drama,7299,2003.0,Monsieur Ibrahim (Monsieur Ibrahim et les fleurs du Coran),3.6666666666666665,3
7301,Diary of a Country Priest (Journal d'un curé de campagne) (1951),Drama,7301,1951.0,Diary of a Country Priest (Journal d'un curé de campagne),3.5,3
7302,"Thief of Bagdad, The (1924)",Action|Adventure|Fantasy,7302,1924.0,"Thief of Bagdad, The",3.5,1
7303,The Diary of Anne Frank (1959),Drama|War,7303,1959.0,The Diary of Anne Frank,4.0,4
7304,Allegro non troppo (1977),Animation|Comedy|Fantasy|Musical,7304,1977.0,Allegro non troppo,4.0,1
7305,Black Widow (1987),Crime|Drama|Mystery|Thriller,7305,1987.0,Black Widow,2.5,2
7306,"Herod's Law (Ley de Herodes, La) (2000)",Comedy|Crime|Mystery,7306,2000.0,"Herod's Law (Ley de Herodes, La)",3.0,1
7307,Flesh & Blood (1985),Action|Adventure|Drama|War,7307,1985.0,Flesh & Blood,3.0,2
7308,King Solomon's Mines (1985),Adventure|Comedy,7308,1985.0,King Solomon's Mines,2.5,1
7310,Raw Deal (1986),Action,7310,1986.0,Raw Deal,3.3333333333333335,3
7311,"Goodbye, Mr. Chips (1939)",Drama|Romance,7311,1939.0,"Goodbye, Mr. Chips",3.6666666666666665,3
7312,"Follow Me, Boys! (1966)",Comedy|Drama,7312,1966.0,"Follow Me, Boys!",0.5,1
7315,Against the Ropes (2004),Comedy|Drama,7315,2004.0,Against the Ropes,2.0,2
7316,Confessions of a Teenage Drama Queen (2004),Comedy,7316,2004.0,Confessions of a Teenage Drama Queen,2.375,4
7317,EuroTrip (2004),Adventure|Comedy,7317,2004.0,EuroTrip,3.1333333333333333,15
7318,"Passion of the Christ, The (2004)",Drama,7318,2004.0,"Passion of the Christ, The",2.6153846153846154,13
7319,Club Dread (2004),Comedy|Horror,7319,2004.0,Club Dread,2.0833333333333335,6
7320,Dirty Dancing: Havana Nights (2004),Romance,7320,2004.0,Dirty Dancing: Havana Nights,3.4,5
7321,Twisted (2004),Thriller,7321,2004.0,Twisted,2.75,2
7323,"Good bye, Lenin! (2003)",Comedy|Drama,7323,2003.0,"Good bye, Lenin!",3.8043478260869565,23
7324,Hidalgo (2004),Adventure|Drama,7324,2004.0,Hidalgo,3.3181818181818183,11
7325,Starsky & Hutch (2004),Action|Comedy|Crime|Thriller,7325,2004.0,Starsky & Hutch,3.2857142857142856,21
7326,"Reckoning, The (2004)",Crime|Drama,7326,2004.0,"Reckoning, The",3.5,1
7327,Persona (1966),Drama,7327,1966.0,Persona,3.75,6
7328,"Passion of Anna, The (Passion, En) (1969)",Drama,7328,1969.0,"Passion of Anna, The (Passion, En)",3.5,1
7333,"Corbeau, Le (Raven, The) (1943)",Crime|Drama|Thriller,7333,1943.0,"Corbeau, Le (Raven, The)",4.25,2
7335,Pickup on South Street (1953),Film-Noir,7335,1953.0,Pickup on South Street,4.0,1
7336,"Damned, The (La Caduta degli dei) (1969)",Drama|War,7336,1969.0,"Damned, The (La Caduta degli dei)",3.5,1
7340,Just One of the Guys (1985),Comedy,7340,1985.0,Just One of the Guys,2.75,4
7344,"Wrong Arm of the Law, The (1963)",Comedy|Crime,7344,1963.0,"Wrong Arm of the Law, The",3.5,1
7345,Agent Cody Banks 2: Destination London (2004),Action|Adventure|Children|Comedy,7345,2004.0,Agent Cody Banks 2: Destination London,4.0,1
7346,"Girl Next Door, The (2004)",Comedy|Romance,7346,2004.0,"Girl Next Door, The",3.125,20
7347,Secret Window (2004),Mystery|Thriller,7347,2004.0,Secret Window,3.3,15
7348,Spartan (2004),Thriller,7348,2004.0,Spartan,3.5,3
7349,Broken Wings (Knafayim Shvurot) (2002),Drama,7349,2002.0,Broken Wings (Knafayim Shvurot),3.0,1
7352,Wilbur Wants to Kill Himself (2002),Comedy|Drama|Romance,7352,2002.0,Wilbur Wants to Kill Himself,4.0,2
7354,Mad Dog and Glory (1993),Comedy|Drama|Romance,7354,1993.0,Mad Dog and Glory,3.3333333333333335,3
7357,Peyton Place (1957),Drama|Romance,7357,1957.0,Peyton Place,3.5,1
7360,Dawn of the Dead (2004),Action|Drama|Horror|Thriller,7360,2004.0,Dawn of the Dead,3.90625,16
7361,Eternal Sunshine of the Spotless Mind (2004),Drama|Romance|Sci-Fi,7361,2004.0,Eternal Sunshine of the Spotless Mind,4.1603053435114505,131
7362,Taking Lives (2004),Crime|Drama|Thriller,7362,2004.0,Taking Lives,3.25,4
7364,Intermission (2003),Comedy|Crime|Drama,7364,2003.0,Intermission,4.0,1
7366,Jersey Girl (2004),Comedy|Drama|Romance,7366,2004.0,Jersey Girl,2.9375,8
7367,"Ladykillers, The (2004)",Comedy|Crime,7367,2004.0,"Ladykillers, The",2.5714285714285716,14
7368,Never Die Alone (2004),Crime|Drama|Thriller,7368,2004.0,Never Die Alone,3.5,1
7369,Scooby-Doo 2: Monsters Unleashed (2004),Action|Adventure|Children|Comedy|Mystery,7369,2004.0,Scooby-Doo 2: Monsters Unleashed,2.25,4
7371,Dogville (2003),Drama|Mystery|Thriller,7371,2003.0,Dogville,4.025,20
7372,Ned Kelly (2003),Drama,7372,2003.0,Ned Kelly,3.0,1
7373,Hellboy (2004),Action|Adventure|Fantasy|Horror,7373,2004.0,Hellboy,3.3780487804878048,41
7375,"Prince & Me, The (2004)",Comedy|Romance,7375,2004.0,"Prince & Me, The",3.0714285714285716,7
7376,Walking Tall (2004),Action,7376,2004.0,Walking Tall,3.0,6
7377,"United States of Leland, The (2003)",Crime|Drama,7377,2003.0,"United States of Leland, The",3.5,1
7379,The Alamo (2004),Drama|War|Western,7379,2004.0,The Alamo,3.5,6
7380,Ella Enchanted (2004),Comedy|Fantasy|Romance,7380,2004.0,Ella Enchanted,3.357142857142857,7
7381,"Whole Ten Yards, The (2004)",Action|Comedy|Crime,7381,2004.0,"Whole Ten Yards, The",3.142857142857143,7
7382,I'm Not Scared (Io non ho paura) (2003),Drama|Mystery|Thriller,7382,2003.0,I'm Not Scared (Io non ho paura),4.25,2
7386,"Ten Commandments, The (1956)",Adventure|Drama,7386,1956.0,"Ten Commandments, The",3.75,4
7387,Dawn of the Dead (1978),Action|Drama|Horror,7387,1978.0,Dawn of the Dead,3.975,20
7390,Prey for Rock & Roll (2003),Drama|Musical,7390,2003.0,Prey for Rock & Roll,1.5,1
7394,Those Magnificent Men in Their Flying Machines (1965),Action|Adventure|Comedy,7394,1965.0,Those Magnificent Men in Their Flying Machines,2.5,1
7395,Cheaper by the Dozen (1950),Comedy|Drama,7395,1950.0,Cheaper by the Dozen,2.75,2
7396,Scenes From a Marriage (Scener ur ett äktenskap) (1973),Drama,7396,1973.0,Scenes From a Marriage (Scener ur ett äktenskap),4.0,7
7411,Munchies (1987),Comedy|Horror,7411,1987.0,Munchies,1.5,1
7414,Going in Style (1979),Comedy|Drama,7414,1979.0,Going in Style,2.5,1
7419,After Hours (1985),Comedy|Thriller,7419,1985.0,After Hours,3.7857142857142856,7
7438,Kill Bill: Vol. 2 (2004),Action|Drama|Thriller,7438,2004.0,Kill Bill: Vol. 2,3.868181818181818,110
7439,"Punisher, The (2004)",Action|Crime|Thriller,7439,2004.0,"Punisher, The",3.5,14
7440,Paper Clips (2004),Documentary,7440,2004.0,Paper Clips,3.25,2
7443,This So-Called Disaster (2003),Documentary,7443,2003.0,This So-Called Disaster,3.5,1
7444,13 Going on 30 (2004),Comedy|Fantasy|Romance,7444,2004.0,13 Going on 30,3.1904761904761907,21
7445,Man on Fire (2004),Action|Crime|Drama|Mystery|Thriller,7445,2004.0,Man on Fire,3.6285714285714286,35
7448,Envy (2004),Comedy,7448,2004.0,Envy,2.75,4
7449,Godsend (2004),Drama|Horror|Thriller,7449,2004.0,Godsend,2.5,2
7450,Laws of Attraction (2004),Comedy|Romance,7450,2004.0,Laws of Attraction,2.75,4
7451,Mean Girls (2004),Comedy,7451,2004.0,Mean Girls,3.7564102564102564,39
7454,Van Helsing (2004),Action|Adventure|Fantasy|Horror,7454,2004.0,Van Helsing,2.7083333333333335,24
7455,"Mudge Boy, The (2003)",Drama,7455,2003.0,"Mudge Boy, The",3.0,1
7457,Breakin' All the Rules (2004),Comedy|Romance,7457,2004.0,Breakin' All the Rules,3.5,1
7458,Troy (2004),Action|Adventure|Drama|War,7458,2004.0,Troy,3.4270833333333335,48
7459,Carandiru (2003),Crime|Drama,7459,2003.0,Carandiru,4.5,1
7460,Coffee and Cigarettes (2003),Comedy|Drama,7460,2003.0,Coffee and Cigarettes,3.5833333333333335,6
7477,Eye See You (D-Tox) (2002),Horror|Thriller,7477,2002.0,Eye See You (D-Tox),2.5,1
7479,Watch on the Rhine (1943),Drama,7479,1943.0,Watch on the Rhine,4.0,1
7481,Enemy Mine (1985),Adventure|Drama|Sci-Fi,7481,1985.0,Enemy Mine,4.0,4
7482,Enter the Dragon (1973),Action|Crime,7482,1973.0,Enter the Dragon,4.038461538461538,13
7486,Happy Together (a.k.a. Buenos Aires Affair) (Chun gwong cha sit) (1997),Drama|Romance,7486,1997.0,Happy Together (a.k.a. Buenos Aires Affair) (Chun gwong cha sit),4.75,2
7487,Henry & June (1990),Drama,7487,1990.0,Henry & June,4.0,1
7492,Martin (1977),Drama|Horror,7492,1977.0,Martin,4.0,1
7493,"Three Faces of Eve, The (1957)",Drama,7493,1957.0,"Three Faces of Eve, The",4.0,2
7541,100 Girls (2000),Comedy|Romance,7541,2000.0,100 Girls,3.25,4
7560,Fail-Safe (1964),Drama|Thriller|War,7560,1964.0,Fail-Safe,4.0,1
7561,Paperhouse (1988),Fantasy|Horror|Thriller,7561,1988.0,Paperhouse,3.5,1
7562,Dobermann (1997),Action|Crime,7562,1997.0,Dobermann,2.5,1
7564,Kwaidan (Kaidan) (1964),Horror,7564,1964.0,Kwaidan (Kaidan),2.5,2
7566,28 Up (1985),Documentary,7566,1985.0,28 Up,4.0,3
7569,You Only Live Twice (1967),Action|Adventure|Sci-Fi|Thriller,7569,1967.0,You Only Live Twice,3.8333333333333335,12
7570,Octopussy (1983),Action|Adventure|Thriller,7570,1983.0,Octopussy,3.3125,8
7572,Wit (2001),Drama,7572,2001.0,Wit,4.5,1
7573,Never Say Never Again (1983),Action|Adventure|Thriller,7573,1983.0,Never Say Never Again,3.125,8
7579,Pride and Prejudice (1940),Comedy|Drama|Romance,7579,1940.0,Pride and Prejudice,3.6666666666666665,3
7581,"Fountainhead, The (1949)",Drama,7581,1949.0,"Fountainhead, The",3.25,2
7584,Woman of the Year (1942),Comedy|Romance,7584,1942.0,Woman of the Year,4.0,2
7587,"Samouraï, Le (Godson, The) (1967)",Crime|Drama|Thriller,7587,1967.0,"Samouraï, Le (Godson, The)",4.0,4
7614,Oklahoma! (1955),Musical|Romance|Western,7614,1955.0,Oklahoma!,4.5,2
7615,Desert Hearts (1985),Drama,7615,1985.0,Desert Hearts,4.5,1
7616,Body Double (1984),Mystery|Thriller,7616,1984.0,Body Double,2.5,1
7618,Chaplin (1992),Drama,7618,1992.0,Chaplin,3.5,2
7619,"Miracle Worker, The (1962)",Drama,7619,1962.0,"Miracle Worker, The",3.6666666666666665,3
7620,Monster in a Box (1992),Comedy|Drama,7620,1992.0,Monster in a Box,4.0,1
7624,School Ties (1992),Drama,7624,1992.0,School Ties,2.75,6
7636,Raising Cain (1992),Horror|Thriller,7636,1992.0,Raising Cain,0.5,1
7646,Rose Red (2002),Horror|Mystery|Thriller,7646,2002.0,Rose Red,3.0,2
7647,Noises Off... (1992),Comedy,7647,1992.0,Noises Off...,3.75,2
7649,Babylon 5: In the Beginning (1998),Adventure|Sci-Fi,7649,1998.0,Babylon 5: In the Beginning,2.8,5
7650,"Witchfinder General (Conquerer Worm, The) (1968)",Horror,7650,1968.0,"Witchfinder General (Conquerer Worm, The)",2.0,3
7657,Versus (2000),Action|Comedy|Fantasy|Horror,7657,2000.0,Versus,3.75,2
7669,Pride and Prejudice (1995),Drama|Romance,7669,1995.0,Pride and Prejudice,3.5555555555555554,9
7698,"China Syndrome, The (1979)",Drama|Thriller,7698,1979.0,"China Syndrome, The",3.7,5
7700,"Wages of Fear, The (Salaire de la peur, Le) (1953)",Action|Adventure|Drama|Thriller,7700,1953.0,"Wages of Fear, The (Salaire de la peur, Le)",3.3,5
7701,Look Who's Talking Too (1990),Comedy|Romance,7701,1990.0,Look Who's Talking Too,1.7857142857142858,7
7702,"Bells of St. Mary's, The (1945)",Drama,7702,1945.0,"Bells of St. Mary's, The",3.5,1
7704,"Delta Force, The (1986)",Action,7704,1986.0,"Delta Force, The",2.0,1
7705,Pat and Mike (1952),Comedy|Romance,7705,1952.0,Pat and Mike,4.0,2
7706,Animal Crackers (1930),Comedy|Musical,7706,1930.0,Animal Crackers,4.125,4
7707,"He Said, She Said (1991)",Comedy|Drama|Romance,7707,1991.0,"He Said, She Said",2.0,1
7708,Bedazzled (1967),Comedy|Fantasy,7708,1967.0,Bedazzled,2.0,1
7713,Cat People (1942),Drama|Horror|Romance|Thriller,7713,1942.0,Cat People,4.0,1
7714,Camelot (1967),Drama|Musical|Romance,7714,1967.0,Camelot,4.0,1
7716,"Lonely Guy, The (1984)",Comedy,7716,1984.0,"Lonely Guy, The",3.5,1
7720,"Four Musketeers, The (1974)",Action|Adventure|Comedy|Romance,7720,1974.0,"Four Musketeers, The",2.75,4
7727,Protocol (1984),Comedy,7727,1984.0,Protocol,3.0,1
7728,"Postman Always Rings Twice, The (1946)",Crime|Drama|Film-Noir|Thriller,7728,1946.0,"Postman Always Rings Twice, The",3.6666666666666665,3
7730,Matinee (1993),Comedy|Drama,7730,1993.0,Matinee,3.0,1
7742,Baxter (1989),Drama|Horror,7742,1989.0,Baxter,0.5,1
7743,Explorers (1985),Adventure|Children|Sci-Fi,7743,1985.0,Explorers,3.5,2
7745,"Scent of Green Papaya, The (Mùi du du xhan - L'odeur de la papaye verte) (1993)",Drama,7745,1993.0,"Scent of Green Papaya, The (Mùi du du xhan - L'odeur de la papaye verte)",4.0,1
7748,Pierrot le fou (1965),Crime|Drama,7748,1965.0,Pierrot le fou,3.875,4
7749,Weekend (a.k.a. Le Week-end) (Week End) (1967),Drama,7749,1967.0,Weekend (a.k.a. Le Week-end) (Week End),4.0,1
7753,Tuesdays with Morrie (1999),Drama,7753,1999.0,Tuesdays with Morrie,3.5,2
7756,Alexander Nevsky (Aleksandr Nevskiy) (1938),Action|Drama|War,7756,1938.0,Alexander Nevsky (Aleksandr Nevskiy),4.0,2
7757,Jason and the Argonauts (1963),Action|Adventure|Fantasy,7757,1963.0,Jason and the Argonauts,3.5,6
7762,"Tinker, Tailor, Soldier, Spy (1979)",Drama|Thriller,7762,1979.0,"Tinker, Tailor, Soldier, Spy",3.625,4
7766,Throne of Blood (Kumonosu jô) (1957),Action|Drama|Thriller|War,7766,1957.0,Throne of Blood (Kumonosu jô),4.0,4
7767,"Best of Youth, The (La meglio gioventù) (2003)",Drama,7767,2003.0,"Best of Youth, The (La meglio gioventù)",4.75,2
7772,Undercurrent (1946),Film-Noir|Thriller,7772,1946.0,Undercurrent,3.5,1
7773,"Bang, Bang, You're Dead (2002)",Drama,7773,2002.0,"Bang, Bang, You're Dead",4.0,2
7781,Twister (1990),Comedy,7781,1990.0,Twister,1.5,1
7782,Sniper (1993),Action|Drama,7782,1993.0,Sniper,3.0,2
7786,Genghis Blues (1999),Documentary,7786,1999.0,Genghis Blues,3.5,1
7789,"11'09""01 - September 11 (2002)",Drama,7789,2002.0,"11'09""01 - September 11",4.0,2
7792,"Parallax View, The (1974)",Thriller,7792,1974.0,"Parallax View, The",0.0,0
7802,"Warriors, The (1979)",Action|Adventure|Crime|Thriller,7802,1979.0,"Warriors, The",3.9375,8
7810,Babylon 5: A Call to Arms (1999),Adventure|Sci-Fi,7810,1999.0,Babylon 5: A Call to Arms,3.3333333333333335,3
7811,Babylon 5: The River of Souls (1998),Drama|Sci-Fi,7811,1998.0,Babylon 5: The River of Souls,4.0,1
7812,Babylon 5: Thirdspace (1998),Drama|Sci-Fi,7812,1998.0,Babylon 5: Thirdspace,3.6666666666666665,3
7815,True Stories (1986),Comedy|Musical,7815,1986.0,True Stories,5.0,1
7820,"Virgin Spring, The (Jungfrukällan) (1960)",Crime|Drama,7820,1960.0,"Virgin Spring, The (Jungfrukällan)",3.75,2
7822,Mogambo (1953),Adventure|Drama|Romance,7822,1953.0,Mogambo,3.0,1
7826,"Secret Life of Walter Mitty, The (1947)",Comedy|Romance|Thriller,7826,1947.0,"Secret Life of Walter Mitty, The",3.5,1
7831,Another Thin Man (1939),Comedy|Crime|Drama|Mystery|Romance,7831,1939.0,Another Thin Man,3.5,1
7832,"Thin Man Goes Home, The (1945)",Comedy|Crime|Mystery,7832,1945.0,"Thin Man Goes Home, The",3.5,1
7833,Shadow of the Thin Man (1941),Comedy|Crime|Mystery,7833,1941.0,Shadow of the Thin Man,3.5,1
7834,After the Thin Man (1936),Comedy|Crime|Mystery|Romance,7834,1936.0,After the Thin Man,2.8333333333333335,3
7835,Song of the Thin Man (1947),Comedy|Crime|Drama|Musical|Mystery|Romance,7835,1947.0,Song of the Thin Man,3.5,1
7839,Love Crazy (1941),Comedy,7839,1941.0,Love Crazy,3.5,1
7840,Gunga Din (1939),Adventure|Comedy|War,7840,1939.0,Gunga Din,3.1666666666666665,3
7841,Children of Dune (2003),Fantasy|Sci-Fi,7841,2003.0,Children of Dune,3.75,2
7842,Dune (2000),Drama|Fantasy|Sci-Fi,7842,2000.0,Dune,4.375,4
7843,Lammbock (2001),Comedy,7843,2001.0,Lammbock,4.5,1
7844,"Legend, The (Legend of Fong Sai-Yuk, The) (Fong Sai Yuk) (1993)",Action|Comedy,7844,1993.0,"Legend, The (Legend of Fong Sai-Yuk, The) (Fong Sai Yuk)",3.5,2
7845,Tremors II: Aftershocks (1996),Comedy|Horror|Sci-Fi,7845,1996.0,Tremors II: Aftershocks,2.7,5
7846,Tremors 3: Back to Perfection (2001),Comedy|Horror|Sci-Fi,7846,2001.0,Tremors 3: Back to Perfection,3.0,3
7879,Notorious C.H.O. (2002),Comedy,7879,2002.0,Notorious C.H.O.,3.5,1
7882,The Plague of the Zombies (1966),Horror,7882,1966.0,The Plague of the Zombies,3.0,1
7883,I Walked with a Zombie (1943),Drama|Horror,7883,1943.0,I Walked with a Zombie,2.0,2
7884,Highway 61 (1991),Comedy,7884,1991.0,Highway 61,3.25,2
7888,How to Succeed in Business Without Really Trying (1967),Comedy|Musical,7888,1967.0,How to Succeed in Business Without Really Trying,4.25,2
7889,Pat Garrett and Billy the Kid (1973),Western,7889,1973.0,Pat Garrett and Billy the Kid,3.75,2
7891,"Last Man on Earth, The (Ultimo uomo della Terra, L') (1964)",Drama|Horror|Sci-Fi,7891,1964.0,"Last Man on Earth, The (Ultimo uomo della Terra, L')",3.0,1
7894,"Duck, You Sucker (1971)",Action|Western,7894,1971.0,"Duck, You Sucker",3.5,4
7895,Bring Me the Head of Alfredo Garcia (1974),Crime|Drama|Thriller,7895,1974.0,Bring Me the Head of Alfredo Garcia,3.5,2
7896,Ride the High Country (1962),Adventure|Drama|Western,7896,1962.0,Ride the High Country,3.5,1
7899,Master of the Flying Guillotine (Du bi quan wang da po xue di zi) (1975),Action,7899,1975.0,Master of the Flying Guillotine (Du bi quan wang da po xue di zi),4.5,1
7900,Frankenstein Must Be Destroyed (1969),Drama|Horror|Sci-Fi,7900,1969.0,Frankenstein Must Be Destroyed,3.0,1
7916,Gidget (1959),Comedy,7916,1959.0,Gidget,3.5,1
7920,Desperate Living (1977),Comedy|Crime,7920,1977.0,Desperate Living,3.5,1
7924,Stray Dog (Nora inu) (1949),Drama|Film-Noir|Thriller,7924,1949.0,Stray Dog (Nora inu),3.5,1
7925,"Hidden Fortress, The (Kakushi-toride no san-akunin) (1958)",Action|Adventure,7925,1958.0,"Hidden Fortress, The (Kakushi-toride no san-akunin)",4.25,2
7926,High and Low (Tengoku to jigoku) (1963),Crime|Drama|Film-Noir|Thriller,7926,1963.0,High and Low (Tengoku to jigoku),4.0,1
7930,"People Under the Stairs, The (1991)",Horror|Mystery|Thriller,7930,1991.0,"People Under the Stairs, The",3.75,2
7932,Dark Days (2000),Documentary,7932,2000.0,Dark Days,3.6666666666666665,3
7934,Zelig (1983),Comedy,7934,1983.0,Zelig,4.0,7
7936,Shame (Skammen) (1968),Drama|War,7936,1968.0,Shame (Skammen),4.0,1
7937,"Silence, The (Tystnaden) (1963)",Drama,7937,1963.0,"Silence, The (Tystnaden)",3.5,2
7938,Winter Light (Nattvardsgästerna) (1963),Drama,7938,1963.0,Winter Light (Nattvardsgästerna),3.5,1
7939,Through a Glass Darkly (Såsom i en spegel) (1961),Drama,7939,1961.0,Through a Glass Darkly (Såsom i en spegel),4.5,1
7940,The Magician (1958),Drama,7940,1958.0,The Magician,4.5,1
7943,"Killers, The (1946)",Crime|Film-Noir,7943,1946.0,"Killers, The",4.0,1
7944,"Night of the Iguana, The (1964)",Drama|Thriller,7944,1964.0,"Night of the Iguana, The",3.0,1
7951,Nightbreed (1990),Fantasy|Horror,7951,1990.0,Nightbreed,2.0,1
7976,Ken Park (2002),Drama,7976,2002.0,Ken Park,4.5,1
7979,Monterey Pop (1968),Documentary|Musical,7979,1968.0,Monterey Pop,3.5,1
7980,"Bridge Too Far, A (1977)",Action|Drama|War,7980,1977.0,"Bridge Too Far, A",3.7857142857142856,7
7981,Infernal Affairs (Mou gaan dou) (2002),Crime|Drama|Thriller,7981,2002.0,Infernal Affairs (Mou gaan dou),4.333333333333333,9
7982,"Tale of Two Sisters, A (Janghwa, Hongryeon) (2003)",Drama|Horror|Mystery|Thriller,7982,2003.0,"Tale of Two Sisters, A (Janghwa, Hongryeon)",3.25,4
7983,Broadway Danny Rose (1984),Comedy,7983,1984.0,Broadway Danny Rose,4.2,5
7984,From Beyond (1986),Horror|Sci-Fi,7984,1986.0,From Beyond,4.0,1
7986,Robot Jox (1990),Sci-Fi,7986,1990.0,Robot Jox,1.0,1
7987,Dolls (1987),Horror,7987,1987.0,Dolls,2.5,1
7988,Space Truckers (1996),Comedy|Sci-Fi,7988,1996.0,Space Truckers,2.0,1
7991,Death Race 2000 (1975),Action|Sci-Fi,7991,1975.0,Death Race 2000,3.6666666666666665,3
7993,"Bucket Of Blood, A (1959)",Comedy|Horror,7993,1959.0,"Bucket Of Blood, A",2.5,1
8008,Brigadoon (1954),Fantasy|Musical|Romance,8008,1954.0,Brigadoon,4.0,3
8010,"Power of One, The (1992)",Drama,8010,1992.0,"Power of One, The",4.0,1
8011,"Weather Underground, The (2002)",Documentary,8011,2002.0,"Weather Underground, The",4.0,4
8012,Kikujiro (Kikujirô no natsu) (1999),Comedy|Drama,8012,1999.0,Kikujiro (Kikujirô no natsu),3.6666666666666665,3
8014,"Spring, Summer, Fall, Winter... and Spring (Bom yeoreum gaeul gyeoul geurigo bom) (2003)",Drama,8014,2003.0,"Spring, Summer, Fall, Winter... and Spring (Bom yeoreum gaeul gyeoul geurigo bom)",4.25,10
8015,"Phantom Tollbooth, The (1970)",Adventure|Animation|Children|Fantasy,8015,1970.0,"Phantom Tollbooth, The",3.5,1
8016,"Getaway, The (1972)",Action|Crime|Drama|Thriller,8016,1972.0,"Getaway, The",4.0,2
8019,Dark Water (Honogurai mizu no soko kara) (2002),Drama|Horror|Mystery|Thriller,8019,2002.0,Dark Water (Honogurai mizu no soko kara),4.0,1
8024,"Thing Called Love, The (1993)",Comedy|Drama|Romance,8024,1993.0,"Thing Called Love, The",3.5,2
8025,The Thief (1997),Drama,8025,1997.0,The Thief,4.5,1
8033,How to Steal a Million (1966),Comedy|Crime|Romance,8033,1966.0,How to Steal a Million,3.6666666666666665,3
8035,"Stendhal Syndrome, The (Sindrome di Stendhal, La) (1996)",Crime|Horror|Thriller,8035,1996.0,"Stendhal Syndrome, The (Sindrome di Stendhal, La)",2.0,2
8042,Mean Streets (1973),Crime|Drama,8042,1973.0,Mean Streets,4.0,7
8043,Jack the Bear (1993),Comedy|Drama,8043,1993.0,Jack the Bear,1.5,1
8044,I Am a Fugitive from a Chain Gang (1932),Crime|Drama|Film-Noir,8044,1932.0,I Am a Fugitive from a Chain Gang,3.6666666666666665,3
8045,Hamburger Hill (1987),Action|Drama|War,8045,1987.0,Hamburger Hill,2.0,1
8057,Sweet Bird of Youth (1962),Drama,8057,1962.0,Sweet Bird of Youth,3.0,1
8092,Frankenstein Unbound (1990),Drama|Horror|Sci-Fi,8092,1990.0,Frankenstein Unbound,3.0,1
8093,Shiri (Swiri) (1999),Action|Drama|Romance|Thriller,8093,1999.0,Shiri (Swiri),3.5,1
8094,Bad Day at Black Rock (1955),Drama|Thriller|Western,8094,1955.0,Bad Day at Black Rock,3.5,1
8117,In China They Eat Dogs (I Kina spiser de hunde) (1999),Action|Comedy,8117,1999.0,In China They Eat Dogs (I Kina spiser de hunde),4.0,1
8118,Delta Force 2 (Delta Force 2: The Colombian Connection) (1990),Action|Adventure|Thriller|War,8118,1990.0,Delta Force 2 (Delta Force 2: The Colombian Connection),4.0,1
8119,Crossroads (1986),Drama,8119,1986.0,Crossroads,3.0,3
8121,"Seducing Doctor Lewis (Grande séduction, La) (2003)",Comedy,8121,2003.0,"Seducing Doctor Lewis (Grande séduction, La)",2.0,2
8125,Sunrise: A Song of Two Humans (1927),Drama|Romance,8125,1927.0,Sunrise: A Song of Two Humans,4.0,1
8126,Shock Corridor (1963),Drama,8126,1963.0,Shock Corridor,3.5,1
8128,Au revoir les enfants (1987),Drama,8128,1987.0,Au revoir les enfants,4.1,5
8131,Pursuit of Happiness (2001),Comedy|Romance,8131,2001.0,Pursuit of Happiness,3.5,1
8132,Gladiator (1992),Action|Drama,8132,1992.0,Gladiator,4.333333333333333,9
8136,Indestructible Man (1956),Crime|Horror|Sci-Fi,8136,1956.0,Indestructible Man,0.5,1
8137,"Wasp Woman, The (1959)",Horror|Sci-Fi,8137,1959.0,"Wasp Woman, The",0.5,1
8138,Attack of the Giant Leeches (1959),Horror|Sci-Fi,8138,1959.0,Attack of the Giant Leeches,2.25,2
8142,Dead or Alive: Hanzaisha (1999),Action|Crime,8142,1999.0,Dead or Alive: Hanzaisha,4.25,2
8143,Lola Montès (1955),Drama,8143,1955.0,Lola Montès,3.5,1
8147,Charly (1968),Drama|Sci-Fi,8147,1968.0,Charly,4.0,1
8153,Lust for Life (1956),Drama,8153,1956.0,Lust for Life,2.5,1
8154,"Dolce Vita, La (1960)",Drama,8154,1960.0,"Dolce Vita, La",3.75,6
8157,Jin Roh: The Wolf Brigade (Jin-Rô) (1998),Animation|Fantasy|Thriller,8157,1998.0,Jin Roh: The Wolf Brigade (Jin-Rô),3.5,5
8158,Rush (1991),Crime|Drama,8158,1991.0,Rush,4.0,1
8167,Captain Blood (1935),Action|Adventure|Romance,8167,1935.0,Captain Blood,4.0,2
8169,*batteries not included (1987),Children|Comedy|Fantasy|Sci-Fi,8169,1987.0,*batteries not included,3.2857142857142856,7
8183,Educating Rita (1983),Comedy|Drama,8183,1983.0,Educating Rita,3.1666666666666665,3
8188,Sansho the Bailiff (Sanshô dayû) (1954),Drama,8188,1954.0,Sansho the Bailiff (Sanshô dayû),3.5,1
8189,Zazie dans le métro (1960),Comedy,8189,1960.0,Zazie dans le métro,3.0,1
8190,"Americanization of Emily, The (1964)",Comedy|Drama|War,8190,1964.0,"Americanization of Emily, The",4.0,1
8191,Anne of the Thousand Days (1969),Drama,8191,1969.0,Anne of the Thousand Days,4.0,1
8195,"Avventura, L' (Adventure, The) (1960)",Drama|Mystery|Romance,8195,1960.0,"Avventura, L' (Adventure, The)",4.0,2
8196,Beyond the Valley of the Dolls (1970),Comedy|Horror,8196,1970.0,Beyond the Valley of the Dolls,3.5,1
8197,Hiroshima Mon Amour (1959),Drama|Romance|War,8197,1959.0,Hiroshima Mon Amour,4.0,1
8199,Ugetsu (Ugetsu monogatari) (1953),Drama|Thriller,8199,1953.0,Ugetsu (Ugetsu monogatari),2.5,2
8207,"Day of the Jackal, The (1973)",Crime|Thriller,8207,1973.0,"Day of the Jackal, The",4.083333333333333,6
8225,Night of the Living Dead (1990),Horror,8225,1990.0,Night of the Living Dead,4.0,1
8228,"Maltese Falcon, The (a.k.a. Dangerous Female) (1931)",Mystery,8228,1931.0,"Maltese Falcon, The (a.k.a. Dangerous Female)",3.6176470588235294,17
8232,I Love You Again (1940),Comedy|Drama,8232,1940.0,I Love You Again,3.5,1
8235,Safety Last! (1923),Action|Comedy|Romance,8235,1923.0,Safety Last!,4.0,2
8236,While the City Sleeps (1956),Drama|Film-Noir,8236,1956.0,While the City Sleeps,0.5,1
8238,Little Murders (1971),Comedy|Crime,8238,1971.0,Little Murders,5.0,1
8239,Viridiana (1961),Comedy|Drama,8239,1961.0,Viridiana,4.0,1
8241,Masterminds (1997),Action|Comedy|Thriller,8241,1997.0,Masterminds,4.0,1
8253,Lupin III: The Castle Of Cagliostro (Rupan sansei: Kariosutoro no shiro) (1979),Action|Adventure|Animation|Comedy|Crime|Mystery,8253,1979.0,Lupin III: The Castle Of Cagliostro (Rupan sansei: Kariosutoro no shiro),3.4,5
8254,Arizona Dream (1993),Comedy|Drama|Fantasy|Romance,8254,1993.0,Arizona Dream,4.25,6
8261,3 Women (Three Women) (1977),Drama,8261,1977.0,3 Women (Three Women),4.166666666666667,3
8264,Grey Gardens (1975),Documentary,8264,1975.0,Grey Gardens,3.5,1
8266,Purple Rain (1984),Drama|Musical,8266,1984.0,Purple Rain,2.7,5
8268,Point of No Return (1993),Action|Thriller,8268,1993.0,Point of No Return,4.25,2
8270,"Hairdresser's Husband, The (Le mari de la coiffeuse) (1990)",Comedy|Drama|Romance,8270,1990.0,"Hairdresser's Husband, The (Le mari de la coiffeuse)",3.75,2
8275,College (1927),Comedy,8275,1927.0,College,3.5,1
8290,Mitchell (1975),Action|Crime,8290,1975.0,Mitchell,0.75,2
8293,Used People (1992),Comedy|Drama,8293,1992.0,Used People,3.5,1
8302,"Front Page, The (1931)",Comedy|Drama|Romance,8302,1931.0,"Front Page, The",3.5,1
8327,Dolls (2002),Drama|Romance,8327,2002.0,Dolls,4.25,2
8331,"Man Who Came to Dinner, The (1942)",Comedy,8331,1942.0,"Man Who Came to Dinner, The",4.0,1
8335,Make Way for Tomorrow (1937),Drama,8335,1937.0,Make Way for Tomorrow,3.5,1
8336,"Major and the Minor, The (1942)",Comedy|Romance,8336,1942.0,"Major and the Minor, The",3.5,1
8337,"Caine Mutiny, The (1954)",Drama|War,8337,1954.0,"Caine Mutiny, The",4.0,2
8338,Black Narcissus (1947),Drama,8338,1947.0,Black Narcissus,4.0,1
8340,Escape from Alcatraz (1979),Drama|Thriller,8340,1979.0,Escape from Alcatraz,3.7857142857142856,7
8341,Oliver Twist (1948),Adventure|Crime|Drama,8341,1948.0,Oliver Twist,3.8333333333333335,3
8360,Shrek 2 (2004),Adventure|Animation|Children|Comedy|Musical|Romance,8360,2004.0,Shrek 2,3.5760869565217392,92
8361,"Day After Tomorrow, The (2004)",Action|Adventure|Drama|Sci-Fi|Thriller,8361,2004.0,"Day After Tomorrow, The",3.05,50
8362,Raising Helen (2004),Comedy|Drama|Romance,8362,2004.0,Raising Helen,2.75,4
8363,Soul Plane (2004),Comedy,8363,2004.0,Soul Plane,3.75,2
8364,Baadasssss! (How to Get the Man's Foot Outta Your Ass) (2003),Drama,8364,2003.0,Baadasssss! (How to Get the Man's Foot Outta Your Ass),3.375,4
8366,Saved! (2004),Comedy|Drama,8366,2004.0,Saved!,3.892857142857143,14
8368,Harry Potter and the Prisoner of Azkaban (2004),Adventure|Fantasy|IMAX,8368,2004.0,Harry Potter and the Prisoner of Azkaban,3.913978494623656,93
8369,Mindhunters (2004),Action|Crime|Horror|Mystery|Thriller,8369,2004.0,Mindhunters,2.6666666666666665,3
8370,"Blind Swordsman: Zatoichi, The (Zatôichi) (2003)",Action|Comedy|Crime|Drama,8370,2003.0,"Blind Swordsman: Zatoichi, The (Zatôichi)",3.9583333333333335,12
8371,"Chronicles of Riddick, The (2004)",Action|Sci-Fi|Thriller,8371,2004.0,"Chronicles of Riddick, The",3.3043478260869565,23
8372,Garfield: The Movie (2004),Animation|Children|Comedy,8372,2004.0,Garfield: The Movie,2.3,5
8373,"Stepford Wives, The (2004)",Comedy|Fantasy|Thriller,8373,2004.0,"Stepford Wives, The",2.25,12
8375,"Hunting of the President, The (2004)",Documentary,8375,2004.0,"Hunting of the President, The",2.5,1
8376,Napoleon Dynamite (2004),Comedy,8376,2004.0,Napoleon Dynamite,3.324324324324324,37
8378,"Doctor, The (1991)",Drama,8378,1991.0,"Doctor, The",4.0,1
8379,"Dresser, The (1983)",Drama,8379,1983.0,"Dresser, The",3.0,1
8380,Father Hood (1993),Comedy,8380,1993.0,Father Hood,2.5,1
8382,Hello Again (1987),Comedy,8382,1987.0,Hello Again,2.5,1
8383,Hope Springs (2003),Comedy|Romance,8383,2003.0,Hope Springs,1.0,1
8385,Lover Come Back (1961),Comedy|Romance,8385,1961.0,Lover Come Back,3.0,1
8387,Police Academy: Mission to Moscow (1994),Comedy|Crime,8387,1994.0,Police Academy: Mission to Moscow,0.8,5
8391,Big Wednesday (1978),Comedy|Drama,8391,1978.0,Big Wednesday,3.0,1
8402,Book of Love (1990),Comedy|Romance,8402,1990.0,Book of Love,2.0,1
8405,Hour of the Wolf (Vargtimmen) (1968),Drama|Horror,8405,1968.0,Hour of the Wolf (Vargtimmen),4.5,2
8410,Suddenly (1954),Crime|Drama|Film-Noir,8410,1954.0,Suddenly,3.5,1
8424,"Divorcee, The (1930)",Drama|Romance,8424,1930.0,"Divorcee, The",4.0,1
8425,Meet the Applegates (1991),Comedy,8425,1991.0,Meet the Applegates,2.0,1
8426,Robot Carnival (Roboto kânibauru) (1987),Animation|Comedy|Drama|Fantasy|Sci-Fi,8426,1987.0,Robot Carnival (Roboto kânibauru),4.0,1
8427,Americathon (1979),Comedy|Sci-Fi,8427,1979.0,Americathon,1.5,1
8446,Sands of Iwo Jima (1949),Action|Drama|Romance|War,8446,1949.0,Sands of Iwo Jima,2.5,1
8447,This Island Earth (1955),Sci-Fi,8447,1955.0,This Island Earth,1.0,1
8450,Anthony Adverse (1936),Adventure|Romance,8450,1936.0,Anthony Adverse,3.0,1
8451,Blackboard Jungle (1955),Drama,8451,1955.0,Blackboard Jungle,3.25,2
8454,Luna Papa (1999),Comedy|Drama|Fantasy,8454,1999.0,Luna Papa,3.5,1
8456,Investigation of a Citizen Above Suspicion (Indagine su un cittadino al di sopra di ogni sospetto) (1970),Crime|Drama|Thriller,8456,1970.0,Investigation of a Citizen Above Suspicion (Indagine su un cittadino al di sopra di ogni sospetto),4.0,1
8458,To Each His Own (1946),Drama,8458,1946.0,To Each His Own,3.5,1
8459,"Heiress, The (1949)",Drama|Romance,8459,1949.0,"Heiress, The",3.5,1
8461,Dragon Seed (1944),Drama|War,8461,1944.0,Dragon Seed,3.5,1
8462,Executive Suite (1954),Drama,8462,1954.0,Executive Suite,3.0,1
8463,Johnny Belinda (1948),Drama,8463,1948.0,Johnny Belinda,4.0,1
8464,Super Size Me (2004),Comedy|Documentary|Drama,8464,2004.0,Super Size Me,3.51,50
8465,Johnny Eager (1942),Crime|Drama|Film-Noir|Romance,8465,1942.0,Johnny Eager,3.5,1
8477,"Jetée, La (1962)",Romance|Sci-Fi,8477,1962.0,"Jetée, La",4.5,2
8481,Northwest Passage (1940),Action|Adventure|Drama|Romance|Thriller|Western,8481,1940.0,Northwest Passage,3.0,1
8482,"Picture of Dorian Gray, The (1945)",Drama|Fantasy|Horror,8482,1945.0,"Picture of Dorian Gray, The",2.0,2
8484,"Human Condition I, The (Ningen no joken I) (1959)",Drama|War,8484,1959.0,"Human Condition I, The (Ningen no joken I)",4.5,1
8487,Please Don't Eat the Daisies (1960),Children|Comedy|Musical,8487,1960.0,Please Don't Eat the Daisies,3.5,2
8491,White Heat (1949),Crime|Drama|Film-Noir,8491,1949.0,White Heat,3.6666666666666665,3
8492,"Christmas Carol, A (Scrooge) (1951)",Drama|Fantasy,8492,1951.0,"Christmas Carol, A (Scrooge)",3.25,2
8493,Memphis Belle (1990),Action|Drama|War,8493,1990.0,Memphis Belle,3.0833333333333335,6
8494,"Cincinnati Kid, The (1965)",Drama,8494,1965.0,"Cincinnati Kid, The",0.5,1
8495,Animal Factory (2000),Crime|Drama,8495,2000.0,Animal Factory,2.5,1
8500,Godzilla vs. Mechagodzilla (Gojira tai Mekagojira) (1974),Action|Horror|Sci-Fi,8500,1974.0,Godzilla vs. Mechagodzilla (Gojira tai Mekagojira),2.5,1
8501,"Hitcher, The (1986)",Action|Thriller,8501,1986.0,"Hitcher, The",3.625,4
8502,Show Boat (1951),Drama|Musical|Romance,8502,1951.0,Show Boat,3.0,1
8506,Fear X (2003),Mystery|Thriller,8506,2003.0,Fear X,2.25,2
8507,Freaks (1932),Crime|Drama|Horror,8507,1932.0,Freaks,3.1666666666666665,9
8511,"Immigrant, The (1917)",Comedy,8511,1917.0,"Immigrant, The",4.5,1
8512,Silent Movie (1976),Comedy,8512,1976.0,Silent Movie,3.5,1
8518,Anna Christie (1930),Drama,8518,1930.0,Anna Christie,3.5,1
8521,Dr. Jekyll and Mr. Hyde (1931),Drama|Horror,8521,1931.0,Dr. Jekyll and Mr. Hyde,2.0,2
8526,Around the World in 80 Days (2004),Adventure|Children|Comedy,8526,2004.0,Around the World in 80 Days,2.5,3
8528,Dodgeball: A True Underdog Story (2004),Comedy,8528,2004.0,Dodgeball: A True Underdog Story,3.551282051282051,39
8529,"Terminal, The (2004)",Comedy|Drama|Romance,8529,2004.0,"Terminal, The",3.3191489361702127,47
8530,Dear Frankie (2004),Drama|Romance,8530,2004.0,Dear Frankie,3.75,2
8531,White Chicks (2004),Action|Comedy|Crime,8531,2004.0,White Chicks,2.8333333333333335,6
8532,"Door in the Floor, The (2004)",Drama,8532,2004.0,"Door in the Floor, The",2.5,1
8533,"Notebook, The (2004)",Drama|Romance,8533,2004.0,"Notebook, The",3.5657894736842106,38
8534,Two Brothers (Deux frères) (2004),Adventure|Children|Drama,8534,2004.0,Two Brothers (Deux frères),3.5,1
8535,De-Lovely (2004),Drama|Musical,8535,2004.0,De-Lovely,4.0,1
8542,"Day at the Races, A (1937)",Comedy|Musical,8542,1937.0,"Day at the Races, A",4.0,3
8571,Bob & Carol & Ted & Alice (1969),Comedy|Drama,8571,1969.0,Bob & Carol & Ted & Alice,3.5,1
8574,"Claymation Christmas Celebration, A (1987)",Animation|Children|Comedy|Musical,8574,1987.0,"Claymation Christmas Celebration, A",1.5,2
8575,"Happenstance (Battement d'ailes du papillon, Le) (2001)",Comedy|Drama,8575,2001.0,"Happenstance (Battement d'ailes du papillon, Le)",3.0,1
8577,Comandante (2003),Documentary,8577,2003.0,Comandante,4.0,1
8578,Undead (2003),Action|Comedy|Horror|Sci-Fi,8578,2003.0,Undead,3.25,2
8580,Into the Woods (1991),Adventure|Comedy|Fantasy|Musical,8580,1991.0,Into the Woods,5.0,1
8581,Pirates of Silicon Valley (1999),Documentary|Drama,8581,1999.0,Pirates of Silicon Valley,4.0,4
8582,Manufacturing Consent: Noam Chomsky and the Media (1992),Documentary|War,8582,1992.0,Manufacturing Consent: Noam Chomsky and the Media,4.25,2
8587,Mayor of the Sunset Strip (2003),Documentary,8587,2003.0,Mayor of the Sunset Strip,3.5,1
8588,Killing Me Softly (2002),Drama|Mystery|Romance|Thriller,8588,2002.0,Killing Me Softly,4.0,1
8591,"Philadelphia Experiment, The (1984)",Adventure|Drama|Sci-Fi,8591,1984.0,"Philadelphia Experiment, The",3.5,1
8593,Juice (1992),Action|Crime|Drama|Thriller,8593,1992.0,Juice,4.0,1
8596,Revenge of the Pink Panther (1978),Comedy|Crime,8596,1978.0,Revenge of the Pink Panther,3.25,2
8600,Angels with Dirty Faces (1938),Crime|Drama|Film-Noir|Thriller,8600,1938.0,Angels with Dirty Faces,3.75,2
8601,Zero de conduite (Zero for Conduct) (Zéro de conduite: Jeunes diables au collège) (1933),Comedy|Drama,8601,1933.0,Zero de conduite (Zero for Conduct) (Zéro de conduite: Jeunes diables au collège),4.0,1
8604,Taxi (1998),Action|Comedy,8604,1998.0,Taxi,3.2,5
8605,Taxi 3 (2003),Action|Comedy,8605,2003.0,Taxi 3,3.25,2
8607,Tokyo Godfathers (2003),Adventure|Animation|Drama,8607,2003.0,Tokyo Godfathers,3.9,5
8609,Our Hospitality (1923),Comedy,8609,1923.0,Our Hospitality,3.25,2
8610,All of Me (1984),Comedy|Fantasy,8610,1984.0,All of Me,2.5,2
8611,"Farmer's Daughter, The (1947)",Comedy,8611,1947.0,"Farmer's Daughter, The",3.5,1
8614,Overboard (1987),Comedy|Romance,8614,1987.0,Overboard,3.0,6
8617,Butterfield 8 (1960),Drama,8617,1960.0,Butterfield 8,3.0,1
8620,"Exterminating Angel, The (Ángel exterminador, El) (1962)",Comedy|Drama|Fantasy|Mystery,8620,1962.0,"Exterminating Angel, The (Ángel exterminador, El)",1.5,2
8622,Fahrenheit 9/11 (2004),Documentary,8622,2004.0,Fahrenheit 9/11,3.4864864864864864,37
8623,Roxanne (1987),Comedy|Romance,8623,1987.0,Roxanne,3.272727272727273,11
8626,Dr. Terror's House of Horrors (1965),Horror|Sci-Fi,8626,1965.0,Dr. Terror's House of Horrors,1.5,1
8632,Secret Society (2002),Comedy,8632,2002.0,Secret Society,0.5,1
8633,"Last Starfighter, The (1984)",Action|Adventure|Comedy|Sci-Fi,8633,1984.0,"Last Starfighter, The",3.5714285714285716,7
8636,Spider-Man 2 (2004),Action|Adventure|Sci-Fi|IMAX,8636,2004.0,Spider-Man 2,3.8037974683544302,79
8638,Before Sunset (2004),Drama|Romance,8638,2004.0,Before Sunset,3.7,15
8640,King Arthur (2004),Action|Adventure|Drama|War,8640,2004.0,King Arthur,2.9615384615384617,13
8641,Anchorman: The Legend of Ron Burgundy (2004),Comedy,8641,2004.0,Anchorman: The Legend of Ron Burgundy,3.7719298245614037,57
8643,"Cinderella Story, A (2004)",Comedy|Romance,8643,2004.0,"Cinderella Story, A",3.2777777777777777,9
8644,"I, Robot (2004)",Action|Adventure|Sci-Fi|Thriller,8644,2004.0,"I, Robot",3.4918032786885247,61
8645,"Maria Full of Grace (Maria, Llena eres de gracia) (2004)",Crime|Drama,8645,2004.0,"Maria Full of Grace (Maria, Llena eres de gracia)",3.9375,8
8650,Long Day's Journey Into Night (1962),Drama,8650,1962.0,Long Day's Journey Into Night,3.5,1
8656,"Short Film About Killing, A (Krótki film o zabijaniu) (1988)",Crime|Drama,8656,1988.0,"Short Film About Killing, A (Krótki film o zabijaniu)",3.75,2
8665,"Bourne Supremacy, The (2004)",Action|Crime|Thriller,8665,2004.0,"Bourne Supremacy, The",3.7866666666666666,75
8666,Catwoman (2004),Action|Crime|Fantasy,8666,2004.0,Catwoman,1.3333333333333333,9
8667,A Home at the End of the World (2004),Drama|Romance,8667,2004.0,A Home at the End of the World,3.5,1
8670,"Testament of Dr. Mabuse, The (Das Testament des Dr. Mabuse) (1933)",Crime|Horror|Mystery|Thriller,8670,1933.0,"Testament of Dr. Mabuse, The (Das Testament des Dr. Mabuse)",4.0,1
8677,Flash Gordon Conquers the Universe (1940),Action|Sci-Fi,8677,1940.0,Flash Gordon Conquers the Universe,1.25,2
8684,"Man Escaped, A (Un  condamné à mort s'est échappé ou Le vent souffle où il veut) (1956)",Adventure|Drama,8684,1956.0,"Man Escaped, A (Un  condamné à mort s'est échappé ou Le vent souffle où il veut)",3.5,1
8685,"Miracle of Marcelino, The (Marcelino pan y vino) (1955)",Comedy|Drama,8685,1955.0,"Miracle of Marcelino, The (Marcelino pan y vino)",3.5,1
8690,Slaughterhouse-Five (1972),Comedy|Drama|Sci-Fi|War,8690,1972.0,Slaughterhouse-Five,4.0,1
8695,"Bachelor and the Bobby-Soxer, The (1947)",Comedy,8695,1947.0,"Bachelor and the Bobby-Soxer, The",3.0,3
8711,Mr. Blandings Builds His Dream House (1948),Comedy,8711,1948.0,Mr. Blandings Builds His Dream House,3.0,1
8712,My Favorite Wife (1940),Comedy|Romance,8712,1940.0,My Favorite Wife,3.0,1
8713,"New Adventures of Pippi Longstocking, The (1988)",Adventure|Children|Fantasy|Musical,8713,1988.0,"New Adventures of Pippi Longstocking, The",3.0,1
8714,Night and Day (1946),Drama|Musical,8714,1946.0,Night and Day,2.5,1
8718,"Snake Pit, The (1948)",Drama,8718,1948.0,"Snake Pit, The",3.5,2
8720,"Super, The (1991)",Comedy,8720,1991.0,"Super, The",2.0,1
8724,"Leopard, The (Gattopardo, Il) (1963)",Drama|War,8724,1963.0,"Leopard, The (Gattopardo, Il)",4.25,2
8727,"Day of the Locust, The (1975)",Drama,8727,1975.0,"Day of the Locust, The",2.0,1
8730,To End All Wars (2001),Action|Drama|War,8730,2001.0,To End All Wars,4.0,2
8738,"Woman Is a Woman, A (femme est une femme, Une) (1961)",Comedy|Drama|Musical|Romance,8738,1961.0,"Woman Is a Woman, A (femme est une femme, Une)",5.0,1
8743,Biggles (1986),Adventure|Fantasy|Sci-Fi,8743,1986.0,Biggles,3.0,2
8748,"Yesterday, Today and Tomorrow (Ieri, oggi, domani) (1963)",Comedy,8748,1963.0,"Yesterday, Today and Tomorrow (Ieri, oggi, domani)",4.0,2
8753,Unprecedented: The 2000 Presidential Election (2002),Documentary,8753,2002.0,Unprecedented: The 2000 Presidential Election,3.5,1
8754,"Prime of Miss Jean Brodie, The (1969)",Drama,8754,1969.0,"Prime of Miss Jean Brodie, The",4.0,1
8755,My Voyage to Italy (Il mio viaggio in Italia) (1999),Documentary,8755,1999.0,My Voyage to Italy (Il mio viaggio in Italia),3.0,1
8765,This Gun for Hire (1942),Crime|Film-Noir|Thriller,8765,1942.0,This Gun for Hire,0.0,0
8771,Sherlock Holmes: Terror by Night (1946),Crime|Mystery|Thriller,8771,1946.0,Sherlock Holmes: Terror by Night,3.0,1
8772,"Spy Who Came in from the Cold, The (1965)",Drama|Thriller,8772,1965.0,"Spy Who Came in from the Cold, The",0.5,1
8773,Sherlock Holmes and the Secret Weapon (1942),Crime|Mystery|Thriller,8773,1942.0,Sherlock Holmes and the Secret Weapon,3.0,1
8774,Sherlock Holmes: The Woman in Green (1945),Mystery,8774,1945.0,Sherlock Holmes: The Woman in Green,3.5,1
8778,Sherlock Holmes: Dressed to Kill (1946),Crime|Mystery,8778,1946.0,Sherlock Holmes: Dressed to Kill,3.75,2
8781,"Manchurian Candidate, The (2004)",Thriller,8781,2004.0,"Manchurian Candidate, The",3.0416666666666665,12
8782,Thunderbirds (2004),Action|Adventure|Fantasy|Sci-Fi,8782,2004.0,Thunderbirds,2.75,2
8783,"Village, The (2004)",Drama|Mystery|Thriller,8783,2004.0,"Village, The",3.1923076923076925,26
8784,Garden State (2004),Comedy|Drama|Romance,8784,2004.0,Garden State,3.7083333333333335,48
8795,Musa the Warrior (Musa) (2001),Action|Adventure|Drama|War,8795,2001.0,Musa the Warrior (Musa),4.5,1
8796,"Funny Thing Happened on the Way to the Forum, A (1966)",Comedy|Musical,8796,1966.0,"Funny Thing Happened on the Way to the Forum, A",3.1,5
8798,Collateral (2004),Action|Crime|Drama|Thriller,8798,2004.0,Collateral,3.7613636363636362,44
8799,Little Black Book (2004),Comedy|Romance,8799,2004.0,Little Black Book,2.1666666666666665,3
8800,Code 46 (2003),Romance|Sci-Fi,8800,2003.0,Code 46,4.5,1
8804,"Story of Women (Affaire de femmes, Une) (1988)",Drama,8804,1988.0,"Story of Women (Affaire de femmes, Une)",5.0,1
8807,Harold and Kumar Go to White Castle (2004),Adventure|Comedy,8807,2004.0,Harold and Kumar Go to White Castle,3.4558823529411766,34
8808,"Princess Diaries 2: Royal Engagement, The (2004)",Comedy|Romance,8808,2004.0,"Princess Diaries 2: Royal Engagement, The",2.5,7
8809,Danny Deckchair (2003),Comedy|Romance,8809,2003.0,Danny Deckchair,3.25,2
8810,AVP: Alien vs. Predator (2004),Action|Horror|Sci-Fi|Thriller,8810,2004.0,AVP: Alien vs. Predator,2.823529411764706,17
8813,We Don't Live Here Anymore (2004),Drama,8813,2004.0,We Don't Live Here Anymore,4.0,2
8814,Without a Paddle (2004),Comedy,8814,2004.0,Without a Paddle,2.0,7
8815,Exorcist: The Beginning (2004),Horror|Thriller,8815,2004.0,Exorcist: The Beginning,2.5,3
8827,"Bill Cosby, Himself (1983)",Comedy|Documentary,8827,1983.0,"Bill Cosby, Himself",4.0,5
8830,Anacondas: The Hunt for the Blood Orchid (2004),Adventure|Drama|Horror|Sci-Fi|Thriller,8830,2004.0,Anacondas: The Hunt for the Blood Orchid,1.75,2
8831,Suspect Zero (2004),Crime|Thriller,8831,2004.0,Suspect Zero,3.5,1
8832,Warriors of Heaven and Earth (Tian di ying xiong) (2003),Action|Adventure|Drama,8832,2003.0,Warriors of Heaven and Earth (Tian di ying xiong),3.25,2
8833,Vanity Fair (2004),Drama|Romance,8833,2004.0,Vanity Fair,3.5,3
8835,Paparazzi (2004),Drama|Thriller,8835,2004.0,Paparazzi,2.3333333333333335,3
8836,Wicker Park (2004),Drama|Romance|Thriller,8836,2004.0,Wicker Park,3.3333333333333335,3
8838,Alice Doesn't Live Here Anymore (1974),Drama|Romance,8838,1974.0,Alice Doesn't Live Here Anymore,4.166666666666667,3
8840,Who's That Knocking at My Door? (1967),Drama,8840,1967.0,Who's That Knocking at My Door?,1.0,1
8844,Camera Buff (Amator) (1979),Drama,8844,1979.0,Camera Buff (Amator),3.0,1
8848,"Vitelloni, I (a.k.a. The Young and the Passionate) (1953)",Drama,8848,1953.0,"Vitelloni, I (a.k.a. The Young and the Passionate)",3.5,2
8860,Cellular (2004),Action|Crime|Drama|Mystery|Thriller,8860,2004.0,Cellular,2.857142857142857,7
8861,Resident Evil: Apocalypse (2004),Action|Horror|Sci-Fi|Thriller,8861,2004.0,Resident Evil: Apocalypse,2.9285714285714284,14
8864,Mr. 3000 (2004),Comedy|Drama,8864,2004.0,Mr. 3000,2.6666666666666665,3
8865,Sky Captain and the World of Tomorrow (2004),Action|Adventure|Sci-Fi,8865,2004.0,Sky Captain and the World of Tomorrow,2.638888888888889,18
8866,Wimbledon (2004),Comedy|Romance,8866,2004.0,Wimbledon,3.111111111111111,9
8869,First Daughter (2004),Comedy|Romance,8869,2004.0,First Daughter,3.3333333333333335,6
8870,"Forgotten, The (2004)",Drama|Mystery|Sci-Fi|Thriller,8870,2004.0,"Forgotten, The",2.5,5
8873,"Motorcycle Diaries, The (Diarios de motocicleta) (2004)",Adventure|Drama,8873,2004.0,"Motorcycle Diaries, The (Diarios de motocicleta)",3.7962962962962963,27
8874,Shaun of the Dead (2004),Comedy|Horror,8874,2004.0,Shaun of the Dead,4.0064935064935066,77
8875,"Come Back, Little Sheba (1952)",Drama,8875,1952.0,"Come Back, Little Sheba",4.0,1
8879,Murder on the Orient Express (1974),Crime|Mystery|Thriller,8879,1974.0,Murder on the Orient Express,3.25,6
8880,Mask (1985),Drama,8880,1985.0,Mask,3.4285714285714284,7
8894,Orca: The Killer Whale (1977),Action|Drama|Horror|Thriller,8894,1977.0,Orca: The Killer Whale,1.5,1
8905,1492: Conquest of Paradise (1992),Adventure|Drama,8905,1992.0,1492: Conquest of Paradise,2.5,1
8906,Cannibal Holocaust (1980),Horror,8906,1980.0,Cannibal Holocaust,2.6666666666666665,3
8907,Shark Tale (2004),Animation|Children|Comedy,8907,2004.0,Shark Tale,2.3461538461538463,13
8908,Ladder 49 (2004),Action|Drama|Thriller,8908,2004.0,Ladder 49,3.6666666666666665,6
8910,I Heart Huckabees (2004),Comedy,8910,2004.0,I Heart Huckabees,3.4523809523809526,21
8911,Raise Your Voice (2004),Romance,8911,2004.0,Raise Your Voice,5.0,1
8912,Taxi (2004),Action|Comedy,8912,2004.0,Taxi,1.75,2
8914,Primer (2004),Drama|Sci-Fi,8914,2004.0,Primer,3.7941176470588234,17
8915,Stage Beauty (2004),Drama,8915,2004.0,Stage Beauty,3.5,1
8916,Shall We Dance? (2004),Comedy|Romance,8916,2004.0,Shall We Dance?,3.0,3
8917,Team America: World Police (2004),Action|Adventure|Animation|Comedy,8917,2004.0,Team America: World Police,3.46875,32
8918,Eulogy (2004),Comedy|Crime|Drama,8918,2004.0,Eulogy,3.0,1
8919,P.S. (2004),Comedy|Drama|Fantasy|Romance,8919,2004.0,P.S.,4.25,2
8920,"Country Girl, The (1954)",Drama,8920,1954.0,"Country Girl, The",3.5,1
8921,"Rose Tattoo, The (1955)",Drama|Romance,8921,1955.0,"Rose Tattoo, The",3.5,1
8928,"Fearless Vampire Killers, The (1967)",Comedy|Horror,8928,1967.0,"Fearless Vampire Killers, The",3.6666666666666665,3
8933,"Decline of the American Empire, The (Déclin de l'empire américain, Le) (1986)",Comedy|Drama,8933,1986.0,"Decline of the American Empire, The (Déclin de l'empire américain, Le)",4.0,1
8934,Bebe's Kids (1992),Animation|Children|Comedy,8934,1992.0,Bebe's Kids,1.0,1
8937,Friday Night Lights (2004),Action|Drama,8937,2004.0,Friday Night Lights,3.5625,8
8938,Tarnation (2003),Documentary,8938,2003.0,Tarnation,4.0,1
8939,"Final Cut, The (2004)",Sci-Fi|Thriller,8939,2004.0,"Final Cut, The",3.6666666666666665,3
8943,Being Julia (2004),Comedy|Drama,8943,2004.0,Being Julia,1.75,2
8946,Surviving Christmas (2004),Comedy,8946,2004.0,Surviving Christmas,2.75,2
8947,"Grudge, The (2004)",Horror|Mystery|Thriller,8947,2004.0,"Grudge, The",2.3,10
8948,Alfie (2004),Comedy|Drama|Romance,8948,2004.0,Alfie,2.3333333333333335,3
8949,Sideways (2004),Comedy|Drama|Romance,8949,2004.0,Sideways,3.7435897435897436,39
8950,The Machinist (2004),Drama|Mystery|Thriller,8950,2004.0,The Machinist,3.986842105263158,38
8951,Vera Drake (2004),Drama,8951,2004.0,Vera Drake,3.0,4
8952,Falling Angels (2003),Drama,8952,2003.0,Falling Angels,3.5,1
8954,Lightning in a Bottle (2004),Documentary,8954,2004.0,Lightning in a Bottle,4.0,1
8955,Undertow (2004),Crime|Drama|Thriller,8955,2004.0,Undertow,3.0,1
8957,Saw (2004),Horror|Mystery|Thriller,8957,2004.0,Saw,3.1818181818181817,33
8958,Ray (2004),Drama,8958,2004.0,Ray,3.6842105263157894,19
8959,Birth (2004),Drama|Mystery,8959,2004.0,Birth,2.5,3
8961,"Incredibles, The (2004)",Action|Adventure|Animation|Children|Comedy,8961,2004.0,"Incredibles, The",3.836,125
8964,Callas Forever (2002),Drama,8964,2002.0,Callas Forever,3.0,1
8965,"Polar Express, The (2004)",Adventure|Animation|Children|Fantasy|IMAX,8965,2004.0,"Polar Express, The",3.1363636363636362,11
8966,Kinsey (2004),Drama,8966,2004.0,Kinsey,3.125,8
8967,Seed of Chucky (Child's Play 5) (2004),Comedy|Horror,8967,2004.0,Seed of Chucky (Child's Play 5),1.75,4
8968,After the Sunset (2004),Action|Adventure|Comedy|Crime|Thriller,8968,2004.0,After the Sunset,3.5833333333333335,6
8969,Bridget Jones: The Edge of Reason (2004),Comedy|Drama|Romance,8969,2004.0,Bridget Jones: The Edge of Reason,3.025,20
8970,Finding Neverland (2004),Drama,8970,2004.0,Finding Neverland,3.609375,32
8972,National Treasure (2004),Action|Adventure|Drama|Mystery|Thriller,8972,2004.0,National Treasure,3.263157894736842,38
8973,Bad Education (La mala educación) (2004),Drama|Thriller,8973,2004.0,Bad Education (La mala educación),3.75,8
8974,"SpongeBob SquarePants Movie, The (2004)",Adventure|Animation|Children|Comedy,8974,2004.0,"SpongeBob SquarePants Movie, The",3.0,2
8977,Alexander (2004),Action|Adventure|Drama|War,8977,2004.0,Alexander,2.2,10
8978,Christmas with the Kranks (2004),Children|Comedy,8978,2004.0,Christmas with the Kranks,2.5,2
8979,Guerrilla: The Taking of Patty Hearst (2004),Documentary,8979,2004.0,Guerrilla: The Taking of Patty Hearst,4.0,1
8981,Closer (2004),Drama|Romance,8981,2004.0,Closer,3.71875,16
8982,I Am David (2003),Drama,8982,2003.0,I Am David,3.0,3
8983,House of Flying Daggers (Shi mian mai fu) (2004),Action|Drama|Romance,8983,2004.0,House of Flying Daggers (Shi mian mai fu),3.52,25
8984,Ocean's Twelve (2004),Action|Comedy|Crime|Thriller,8984,2004.0,Ocean's Twelve,3.2906976744186047,43
8985,Blade: Trinity (2004),Action|Fantasy|Horror|Thriller,8985,2004.0,Blade: Trinity,2.857142857142857,14
8987,Bush's Brain (2004),Documentary,8987,2004.0,Bush's Brain,3.0,1
8989,Damn Yankees! (1958),Comedy|Musical,8989,1958.0,Damn Yankees!,3.5,1
8998,That's Entertainment (1974),Documentary,8998,1974.0,That's Entertainment,4.0,1
9004,D.A.R.Y.L. (1985),Adventure|Children|Sci-Fi,9004,1985.0,D.A.R.Y.L.,2.0,1
9005,Fire in the Sky (1993),Drama|Mystery|Sci-Fi,9005,1993.0,Fire in the Sky,2.0,2
9008,"Invisible Man Returns, The (1940)",Horror|Sci-Fi,9008,1940.0,"Invisible Man Returns, The",2.5,1
9010,Love Me If You Dare (Jeux d'enfants) (2003),Drama|Romance,9010,2003.0,Love Me If You Dare (Jeux d'enfants),4.1,5
9018,Control Room (2004),Documentary|War,9018,2004.0,Control Room,4.333333333333333,3
25746,"Hunchback of Notre Dame, The (1923)",Drama|Horror,25746,1923.0,"Hunchback of Notre Dame, The",3.0,1
25750,Sherlock Jr. (1924),Comedy|Fantasy|Romance,25750,1924.0,Sherlock Jr.,3.0,2
25752,"Freshman, The (1925)",Comedy,25752,1925.0,"Freshman, The",4.0,1
25753,Greed (1924),Drama,25753,1924.0,Greed,4.0,1
25757,"Jazz Singer, The (1927)",Drama|Musical|Romance,25757,1927.0,"Jazz Singer, The",4.0,1
25769,"Steamboat Bill, Jr. (1928)",Comedy|Romance,25769,1928.0,"Steamboat Bill, Jr.",4.5,1
25771,"Andalusian Dog, An (Chien andalou, Un) (1929)",Fantasy,25771,1929.0,"Andalusian Dog, An (Chien andalou, Un)",4.5,4
25773,Little Caesar (1931),Crime|Drama,25773,1931.0,Little Caesar,4.0,1
25782,Boudu Saved From Drowning (Boudu sauvé des eaux) (1932),Comedy,25782,1932.0,Boudu Saved From Drowning (Boudu sauvé des eaux),0.5,1
25788,Scarface (1932),Crime|Drama,25788,1932.0,Scarface,3.75,2
25795,Dinner at Eight (1933),Comedy|Drama|Romance,25795,1933.0,Dinner at Eight,3.5,1
25797,Gold Diggers of 1933 (1933),Musical,25797,1933.0,Gold Diggers of 1933,3.5,1
25805,"Atalante, L' (1934)",Comedy|Drama|Romance,25805,1934.0,"Atalante, L'",4.5,1
25825,Fury (1936),Drama|Film-Noir,25825,1936.0,Fury,3.375,4
25826,Libeled Lady (1936),Comedy|Romance,25826,1936.0,Libeled Lady,3.5,1
25827,Mr. Deeds Goes to Town (1936),Comedy|Romance,25827,1936.0,Mr. Deeds Goes to Town,3.5,2
25833,Camille (1936),Drama|Romance,25833,1936.0,Camille,4.0,1
25834,Captains Courageous (1937),Adventure|Drama,25834,1937.0,Captains Courageous,4.0,1
25841,Stage Door (1937),Drama,25841,1937.0,Stage Door,4.166666666666667,3
25850,Holiday (1938),Comedy|Drama|Romance,25850,1938.0,Holiday,3.0,3
25855,"Roaring Twenties, The (1939)",Crime|Drama|Thriller,25855,1939.0,"Roaring Twenties, The",0.0,0
25856,Wuthering Heights (1939),Drama|Romance,25856,1939.0,Wuthering Heights,3.25,2
25865,"Letter, The (1940)",Drama|Film-Noir,25865,1940.0,"Letter, The",4.0,1
25870,Here Comes Mr. Jordan (1941),Comedy|Fantasy|Romance,25870,1941.0,Here Comes Mr. Jordan,3.5,1
25886,Random Harvest (1942),Drama|Romance,25886,1942.0,Random Harvest,4.0,2
25887,Tales of Manhattan (1942),Comedy|Drama,25887,1942.0,Tales of Manhattan,5.0,1
25898,Day of Wrath (Vredens dag) (1943),Drama,25898,1943.0,Day of Wrath (Vredens dag),4.0,2
25905,"Miracle of Morgan's Creek, The (1944)",Comedy|Romance,25905,1944.0,"Miracle of Morgan's Creek, The",3.5,1
25906,Mr. Skeffington (1944),Drama|Romance,25906,1944.0,Mr. Skeffington,5.0,1
25923,Great Expectations (1946),Drama,25923,1946.0,Great Expectations,3.5,1
25927,"Stranger, The (1946)",Drama|Film-Noir|Thriller,25927,1946.0,"Stranger, The",3.0,1
25937,Easter Parade (1948),Musical|Romance,25937,1948.0,Easter Parade,3.3333333333333335,3
25940,"Lady from Shanghai, The (1947)",Drama|Film-Noir|Mystery,25940,1947.0,"Lady from Shanghai, The",3.5,1
25946,"Three Musketeers, The (1948)",Action|Adventure|Drama|Romance,25946,1948.0,"Three Musketeers, The",3.5,1
25947,Unfaithfully Yours (1948),Comedy,25947,1948.0,Unfaithfully Yours,5.0,1
25952,"Letter to Three Wives, A (1949)",Comedy|Drama,25952,1949.0,"Letter to Three Wives, A",4.0,1
25959,Annie Get Your Gun (1950),Comedy|Musical|Romance|Western,25959,1950.0,Annie Get Your Gun,2.5,1
25962,King Solomon's Mines (1950),Action|Adventure|Romance,25962,1950.0,King Solomon's Mines,3.0,1
25963,"Young and the Damned, The (Olvidados, Los) (1950)",Crime|Drama,25963,1950.0,"Young and the Damned, The (Olvidados, Los)",4.0,1
25996,"Star Is Born, A (1954)",Drama|Musical,25996,1954.0,"Star Is Born, A",3.5,1
25999,The Wild One (1953),Drama,25999,1953.0,The Wild One,3.5,1
26002,Confidential Report (1955),Crime|Drama|Mystery|Thriller,26002,1955.0,Confidential Report,3.5,1
26003,Night and Fog (Nuit et brouillard) (1955),Crime|Documentary|War,26003,1955.0,Night and Fog (Nuit et brouillard),4.5,1
26038,Teacher's Pet (1958),Comedy|Romance,26038,1958.0,Teacher's Pet,4.0,1
26048,"Human Condition II, The (Ningen no joken II) (1959)",Drama|War,26048,1959.0,"Human Condition II, The (Ningen no joken II)",4.5,1
26052,Pickpocket (1959),Crime|Drama,26052,1959.0,Pickpocket,2.75,2
26059,When a Woman Ascends the Stairs (Onna ga kaidan wo agaru toki) (1960),Drama,26059,1960.0,When a Woman Ascends the Stairs (Onna ga kaidan wo agaru toki),4.5,1
26073,"Human Condition III, The (Ningen no joken III) (1961)",Drama|War,26073,1961.0,"Human Condition III, The (Ningen no joken III)",5.0,1
26078,Advise and Consent (1962),Drama,26078,1962.0,Advise and Consent,5.0,1
26082,Harakiri (Seppuku) (1962),Drama,26082,1962.0,Harakiri (Seppuku),4.5,3
26084,"Music Man, The (1962)",Children|Comedy|Musical|Romance,26084,1962.0,"Music Man, The",3.9,5
26085,Mutiny on the Bounty (1962),Adventure|Drama|Romance,26085,1962.0,Mutiny on the Bounty,0.0,0
26095,"Carabineers, The (Carabiniers, Les) (1963)",Comedy|Drama|War,26095,1963.0,"Carabineers, The (Carabiniers, Les)",0.5,1
26116,"Hush... Hush, Sweet Charlotte (1964)",Horror|Thriller,26116,1964.0,"Hush... Hush, Sweet Charlotte",4.5,2
26122,Onibaba (1964),Drama|Horror|War,26122,1964.0,Onibaba,4.5,1
26124,Robinson Crusoe on Mars (1964),Sci-Fi,26124,1964.0,Robinson Crusoe on Mars,2.0,1
26131,"Battle of Algiers, The (La battaglia di Algeri) (1966)",Drama|War,26131,1966.0,"Battle of Algiers, The (La battaglia di Algeri)",4.3,5
26133,"Charlie Brown Christmas, A (1965)",Animation|Children|Comedy,26133,1965.0,"Charlie Brown Christmas, A",4.0,6
26142,Major Dundee (1965),Adventure|War|Western,26142,1965.0,Major Dundee,2.0,1
26147,"Thousand Clowns, A (1965)",Comedy|Drama|Romance,26147,1965.0,"Thousand Clowns, A",5.0,1
26150,Andrei Rublev (Andrey Rublyov) (1969),Drama|War,26150,1969.0,Andrei Rublev (Andrey Rublyov),4.5,1
26151,Au Hasard Balthazar (1966),Crime|Drama,26151,1966.0,Au Hasard Balthazar,3.5,2
26152,Batman (1966),Action|Adventure|Comedy,26152,1966.0,Batman,3.0,5
26158,Closely Watched Trains (Ostre sledované vlaky) (1966),Comedy|Drama|War,26158,1966.0,Closely Watched Trains (Ostre sledované vlaky),4.0,1
26159,Tokyo Drifter (Tôkyô nagaremono) (1966),Action|Crime|Drama,26159,1966.0,Tokyo Drifter (Tôkyô nagaremono),3.75,2
26169,Branded to Kill (Koroshi no rakuin) (1967),Action|Crime|Drama,26169,1967.0,Branded to Kill (Koroshi no rakuin),5.0,1
26171,Play Time (a.k.a. Playtime) (1967),Comedy,26171,1967.0,Play Time (a.k.a. Playtime),3.1666666666666665,3
26172,Point Blank (1967),Action|Crime|Drama|Thriller,26172,1967.0,Point Blank,3.0,2
26176,Titicut Follies (1967),Documentary|Drama,26176,1967.0,Titicut Follies,2.5,1
26183,Asterix and Cleopatra (Astérix et Cléopâtre) (1968),Action|Adventure|Animation|Children|Comedy,26183,1968.0,Asterix and Cleopatra (Astérix et Cléopâtre),4.25,2
26184,"Diamond Arm, The (Brilliantovaya ruka) (1968)",Action|Adventure|Comedy|Crime|Thriller,26184,1968.0,"Diamond Arm, The (Brilliantovaya ruka)",3.5,2
26195,Sympathy for the Devil (1968),Documentary|Musical,26195,1968.0,Sympathy for the Devil,3.0,1
26198,"Yours, Mine and Ours (1968)",Children|Comedy,26198,1968.0,"Yours, Mine and Ours",2.75,2
26225,"Claire's Knee (Genou de Claire, Le) (1970)",Comedy|Romance,26225,1970.0,"Claire's Knee (Genou de Claire, Le)",4.5,1
26231,Performance (1970),Crime|Drama|Thriller,26231,1970.0,Performance,4.0,1
26236,"White Sun of the Desert, The (Beloe solntse pustyni) (1970)",Action|Adventure|Comedy|Drama|Romance|War,26236,1970.0,"White Sun of the Desert, The (Beloe solntse pustyni)",4.0,1
26237,Zabriskie Point (1970),Drama|Romance,26237,1970.0,Zabriskie Point,4.0,1
26242,Duel (1971),Action|Mystery|Thriller,26242,1971.0,Duel,3.2,5
26249,They Call Me Trinity (1971),Comedy|Western,26249,1971.0,They Call Me Trinity,3.75,2
26258,"Topo, El (1970)",Fantasy|Western,26258,1970.0,"Topo, El",3.9,5
26265,Dr. Phibes Rises Again (1972),Adventure|Comedy|Horror|Romance,26265,1972.0,Dr. Phibes Rises Again,4.5,1
26283,Charley Varrick (1973),Crime|Drama|Thriller,26283,1973.0,Charley Varrick,3.0,1
26285,Dark Star (1974),Comedy|Sci-Fi|Thriller,26285,1974.0,Dark Star,2.5,1
26303,Sisters (1973),Horror|Thriller,26303,1973.0,Sisters,4.0,1
26308,Turkish Delight (Turks fruit) (1973),Drama|Romance,26308,1973.0,Turkish Delight (Turks fruit),4.0,1
26313,California Split (1974),Comedy|Drama,26313,1974.0,California Split,4.0,1
26317,Emmanuelle (1974),Drama|Romance,26317,1974.0,Emmanuelle,3.5,1
26322,Gone in 60 Seconds (1974),Action|Crime|Drama,26322,1974.0,Gone in 60 Seconds,3.125,4
26326,"Holy Mountain, The (Montaña sagrada, La) (1973)",Drama,26326,1973.0,"Holy Mountain, The (Montaña sagrada, La)",4.5,2
26340,"Twelve Tasks of Asterix, The (Les douze travaux d'Astérix) (1976)",Action|Adventure|Animation|Children|Comedy|Fantasy,26340,1976.0,"Twelve Tasks of Asterix, The (Les douze travaux d'Astérix)",3.6666666666666665,3
26344,French Connection II (1975),Action|Crime|Drama|Thriller,26344,1975.0,French Connection II,3.0,1
26347,"Irony of Fate, or Enjoy Your Bath! (Ironiya sudby, ili S legkim parom!) (1975)",Comedy|Drama|Romance,26347,1975.0,"Irony of Fate, or Enjoy Your Bath! (Ironiya sudby, ili S legkim parom!)",4.0,1
26350,"Passenger, The (Professione: reporter) (1975)",Drama,26350,1975.0,"Passenger, The (Professione: reporter)",5.0,1
26357,Trilogy of Terror (1975),Horror|Thriller,26357,1975.0,Trilogy of Terror,4.0,1
26359,1900 (Novecento) (1976),Drama|War,26359,1976.0,1900 (Novecento),4.5,1
26365,Futureworld (1976),Sci-Fi|Thriller,26365,1976.0,Futureworld,2.5,1
26366,Harlan County U.S.A. (1976),Documentary,26366,1976.0,Harlan County U.S.A.,5.0,1
26375,Silver Streak (1976),Action|Comedy|Crime,26375,1976.0,Silver Streak,3.6666666666666665,3
26386,High Anxiety (1977),Comedy|Thriller,26386,1977.0,High Anxiety,3.5,1
26391,"New York, New York (1977)",Drama|Musical|Romance,26391,1977.0,"New York, New York",2.5,1
26394,"Turning Point, The (1977)",Drama|Romance,26394,1977.0,"Turning Point, The",4.0,1
26399,Five Deadly Venoms (1978),Action,26399,1978.0,Five Deadly Venoms,3.5,1
26401,Last Hurrah for Chivalry (Hao xia) (1979),Action|Drama,26401,1979.0,Last Hurrah for Chivalry (Hao xia),5.0,1
26409,"Clonus Horror, The (1979)",Horror|Sci-Fi,26409,1979.0,"Clonus Horror, The",2.75,2
26413,Snake in the Eagle's Shadow (Se ying diu sau) (1978),Action|Comedy,26413,1978.0,Snake in the Eagle's Shadow (Se ying diu sau),3.25,2
26422,Hair (1979),Comedy|Drama|Musical,26422,1979.0,Hair,3.1666666666666665,3
26429,Love at First Bite (1979),Comedy|Horror|Romance,26429,1979.0,Love at First Bite,4.0,1
26444,"Hitch Hikers Guide to the Galaxy, The (1981)",Adventure|Comedy|Sci-Fi,26444,1981.0,"Hitch Hikers Guide to the Galaxy, The",4.0,2
26453,Smiley's People (1982),Drama|Mystery,26453,1982.0,Smiley's People,4.0,1
26464,Blue Thunder (1983),Action|Crime|Drama,26464,1983.0,Blue Thunder,3.0,1
26467,"Day After, The (1983)",Drama|Sci-Fi,26467,1983.0,"Day After, The",3.0,1
26471,Eddie Murphy Delirious (1983),Comedy|Documentary,26471,1983.0,Eddie Murphy Delirious,4.375,4
26472,"Norte, El (1984)",Adventure|Drama,26472,1984.0,"Norte, El",3.5,1
26492,Twilight Zone: The Movie (1983),Fantasy|Horror|Sci-Fi|Thriller,26492,1983.0,Twilight Zone: The Movie,3.0,3
26498,Boy Meets Girl (1984),Drama,26498,1984.0,Boy Meets Girl,3.0,1
26504,Cloak & Dagger (1984),Action|Adventure|Children|Crime|Mystery|Thriller,26504,1984.0,Cloak & Dagger,3.25,2
26510,"Ewok Adventure, The (a.k.a. Caravan of Courage: An Ewok Adventure) (1984)",Adventure|Children|Fantasy|Sci-Fi,26510,1984.0,"Ewok Adventure, The (a.k.a. Caravan of Courage: An Ewok Adventure)",2.25,2
26523,"Silent Night, Deadly Night (1984)",Horror|Thriller,26523,1984.0,"Silent Night, Deadly Night",3.5,1
26524,"Times of Harvey Milk, The (1984)",Documentary,26524,1984.0,"Times of Harvey Milk, The",4.5,2
26527,What Have I Done to Deserve This? (¿Qué he hecho yo para merecer esto!!) (1984),Comedy|Drama,26527,1984.0,What Have I Done to Deserve This? (¿Qué he hecho yo para merecer esto!!),4.0,1
26528,Anne of Green Gables (1985),Children|Drama,26528,1985.0,Anne of Green Gables,4.5,3
26539,Death of a Salesman (1985),Drama,26539,1985.0,Death of a Salesman,3.0,1
26542,Ewoks: The Battle for Endor (1985),Adventure|Children|Fantasy|Sci-Fi,26542,1985.0,Ewoks: The Battle for Endor,3.0,2
26547,Police Story (Ging chaat goo si) (1985),Action|Comedy|Crime|Thriller,26547,1985.0,Police Story (Ging chaat goo si),4.25,2
26554,"Quiet Earth, The (1985)",Drama|Mystery|Sci-Fi,26554,1985.0,"Quiet Earth, The",4.25,2
26555,Spies Like Us (1985),Comedy,26555,1985.0,Spies Like Us,2.75,2
26562,White Nights (1985),Drama,26562,1985.0,White Nights,3.0,1
26564,'Round Midnight (1986),Drama|Musical,26564,1986.0,'Round Midnight,3.5,2
26567,Club Paradise (1986),Comedy,26567,1986.0,Club Paradise,2.0,1
26578,"Sacrifice, The (Offret - Sacraficatio) (1986)",Drama,26578,1986.0,"Sacrifice, The (Offret - Sacraficatio)",4.166666666666667,3
26585,"Better Tomorrow, A (Ying hung boon sik) (1986)",Crime|Drama|Thriller,26585,1986.0,"Better Tomorrow, A (Ying hung boon sik)",3.8333333333333335,3
26587,"Decalogue, The (Dekalog) (1989)",Crime|Drama|Romance,26587,1989.0,"Decalogue, The (Dekalog)",5.0,1
26590,G.I. Joe: The Movie (1987),Action|Adventure|Animation|Children|Fantasy|Sci-Fi,26590,1987.0,G.I. Joe: The Movie,2.0,1
26593,Hell Comes to Frogtown (1988),Action|Comedy|Sci-Fi,26593,1988.0,Hell Comes to Frogtown,2.0,1
26599,"Law of Desire (Ley del deseo, La) (1987)",Comedy|Drama|Romance,26599,1987.0,"Law of Desire (Ley del deseo, La)",4.0,1
26603,Prince of Darkness (1987),Fantasy|Horror|Sci-Fi|Thriller,26603,1987.0,Prince of Darkness,4.5,1
26606,"Chinese Ghost Story, A (Sinnui yauwan) (1987)",Action|Fantasy|Horror|Romance,26606,1987.0,"Chinese Ghost Story, A (Sinnui yauwan)",4.25,2
26612,"Better Tomorrow II, A (Ying hung boon sik II) (1987)",Crime|Drama|Thriller,26612,1987.0,"Better Tomorrow II, A (Ying hung boon sik II)",4.0,2
26614,"Bourne Identity, The (1988)",Action|Adventure|Drama|Mystery|Thriller,26614,1988.0,"Bourne Identity, The",3.388888888888889,9
26622,Dominick and Eugene (1988),Drama,26622,1988.0,Dominick and Eugene,3.0,1
26629,Killer Klowns from Outer Space (1988),Comedy|Horror|Sci-Fi,26629,1988.0,Killer Klowns from Outer Space,2.0,3
26630,Moonwalker (1988),Musical,26630,1988.0,Moonwalker,3.0,1
26631,Alice (Neco z Alenky) (1988),Animation|Fantasy|Mystery,26631,1988.0,Alice (Neco z Alenky),3.75,2
26645,Life Is a Long Quiet River (La vie est un long fleuve tranquille) (1988),Comedy,26645,1988.0,Life Is a Long Quiet River (La vie est un long fleuve tranquille),4.0,1
26649,Lonesome Dove (1989),Adventure|Drama|Western,26649,1989.0,Lonesome Dove,3.75,2
26662,Kiki's Delivery Service (Majo no takkyûbin) (1989),Adventure|Animation|Children|Drama|Fantasy,26662,1989.0,Kiki's Delivery Service (Majo no takkyûbin),4.0588235294117645,17
26676,Almost an Angel (1990),Comedy,26676,1990.0,Almost an Angel,2.5,1
26680,Cry-Baby (1990),Comedy|Musical|Romance,26680,1990.0,Cry-Baby,3.8,5
26681,Bullet in the Head (1990),Action|Drama|War,26681,1990.0,Bullet in the Head,4.0,2
26686,Ghost Dad (1990),Comedy|Fantasy,26686,1990.0,Ghost Dad,1.5,3
26693,It (1990),Drama|Fantasy|Horror|Mystery|Thriller,26693,1990.0,It,4.0,1
26694,Ju Dou (1990),Drama,26694,1990.0,Ju Dou,3.5,1
26695,"Krays, The (1990)",Drama,26695,1990.0,"Krays, The",3.5,1
26696,Lionheart (1990),Action,26696,1990.0,Lionheart,0.5,1
26700,Nuns on the Run (1990),Comedy|Crime,26700,1990.0,Nuns on the Run,2.25,2
26701,Patlabor: The Movie (Kidô keisatsu patorebâ: The Movie) (1989),Action|Animation|Crime|Drama|Film-Noir|Mystery|Sci-Fi|Thriller,26701,1989.0,Patlabor: The Movie (Kidô keisatsu patorebâ: The Movie),3.0,1
26704,State of Grace (1990),Crime|Drama|Thriller,26704,1990.0,State of Grace,4.0,2
26712,35 Up (1991),Documentary,26712,1991.0,35 Up,4.0,3
26713,Days of Being Wild (A Fei jingjyuhn) (1990),Drama|Romance,26713,1990.0,Days of Being Wild (A Fei jingjyuhn),4.5,1
26717,Begotten (1990),Drama|Horror,26717,1990.0,Begotten,0.5,1
26726,Dutch (1991),Comedy,26726,1991.0,Dutch,2.5,1
26729,Hearts of Darkness: A Filmmakers Apocalypse (1991),Documentary,26729,1991.0,Hearts of Darkness: A Filmmakers Apocalypse,3.8,5
26732,Johnny Stecchino (1991),Comedy,26732,1991.0,Johnny Stecchino,4.0,1
26736,Riki-Oh: The Story of Ricky (Lik Wong) (1991),Action|Crime|Thriller,26736,1991.0,Riki-Oh: The Story of Ricky (Lik Wong),4.5,1
26741,Mannequin 2: On the Move (1991),Comedy|Fantasy|Romance,26741,1991.0,Mannequin 2: On the Move,1.5,1
26743,Only Yesterday (Omohide poro poro) (1991),Animation|Drama,26743,1991.0,Only Yesterday (Omohide poro poro),2.5,1
26745,Other People's Money (1991),Comedy|Drama|Romance,26745,1991.0,Other People's Money,2.5,1
26750,Quigley Down Under (1990),Adventure|Drama|Western,26750,1990.0,Quigley Down Under,3.25,2
26761,Prime Suspect 2 (1992),Crime|Drama|Mystery|Romance|Thriller,26761,1992.0,Prime Suspect 2,3.0,1
26764,Captain America (1990),Action|Fantasy|Sci-Fi|Thriller|War,26764,1990.0,Captain America,1.25,2
26765,City Hunter (Sing si lip yan) (1993),Action|Comedy|Romance,26765,1993.0,City Hunter (Sing si lip yan),2.75,2
26776,Porco Rosso (Crimson Pig) (Kurenai no buta) (1992),Adventure|Animation|Comedy|Fantasy|Romance,26776,1992.0,Porco Rosso (Crimson Pig) (Kurenai no buta),3.892857142857143,14
26777,"Stolen Children (Ladro di bambini, Il) (1992)",Drama,26777,1992.0,"Stolen Children (Ladro di bambini, Il)",4.0,1
26778,Ladybugs (1992),Comedy,26778,1992.0,Ladybugs,3.0,3
26782,"Mambo Kings, The (1992)",Drama|Musical,26782,1992.0,"Mambo Kings, The",2.0,1
26791,Shining Through (1992),Drama|Romance|Thriller|War,26791,1992.0,Shining Through,1.5,1
26792,Sidekicks (1992),Action|Adventure|Children|Comedy,26792,1992.0,Sidekicks,1.5,2
26796,"Heart in Winter, A (Un coeur en hiver) (1992)",Drama|Romance,26796,1992.0,"Heart in Winter, A (Un coeur en hiver)",3.5,1
26797,Visions of Light: The Art of Cinematography (1992),Documentary,26797,1992.0,Visions of Light: The Art of Cinematography,3.0,1
26810,Bad Boy Bubby (1993),Drama,26810,1993.0,Bad Boy Bubby,4.833333333333333,3
26812,Barbarians at the Gate (1993),Drama,26812,1993.0,Barbarians at the Gate,2.75,2
26819,Fortress (1992),Action|Sci-Fi,26819,1992.0,Fortress,2.5,1
26828,Mr. Nanny (1993),Action|Children|Comedy,26828,1993.0,Mr. Nanny,1.5,1
26838,"Snapper, The (1993)",Comedy|Drama,26838,1993.0,"Snapper, The",3.0,1
26840,Sonatine (Sonachine) (1993),Action|Comedy|Crime|Drama,26840,1993.0,Sonatine (Sonachine),5.0,1
26849,"Stand, The (1994)",Adventure|Drama|Fantasy|Horror|Sci-Fi,26849,1994.0,"Stand, The",5.0,1
26854,"Darkman II: Return of Durant, The (1995)",Action|Crime|Horror,26854,1995.0,"Darkman II: Return of Durant, The",2.5,1
26861,Freaked (1993),Comedy|Sci-Fi,26861,1993.0,Freaked,3.5,1
26865,Fist of Legend (Jing wu ying xiong) (1994),Action|Drama,26865,1994.0,Fist of Legend (Jing wu ying xiong),3.375,4
26870,Major League II (1994),Comedy,26870,1994.0,Major League II,2.6666666666666665,3
26871,My Father the Hero (1994),Comedy|Romance,26871,1994.0,My Father the Hero,2.25,2
26875,"Pure Formality, A (Pura formalità, Una) (1994)",Crime|Film-Noir|Mystery|Thriller,26875,1994.0,"Pure Formality, A (Pura formalità, Una)",4.0,1
26887,"Langoliers, The (1995)",Drama|Fantasy|Horror|Mystery|Sci-Fi|Thriller,26887,1995.0,"Langoliers, The",3.0,1
26900,"Last Wedding, The (Kivenpyörittäjän kylä) (1995)",Comedy|Drama,26900,1995.0,"Last Wedding, The (Kivenpyörittäjän kylä)",3.0,1
26901,Last of the Dogmen (1995),Adventure|Western,26901,1995.0,Last of the Dogmen,2.5,1
26903,Whisper of the Heart (Mimi wo sumaseba) (1995),Animation|Drama|Romance,26903,1995.0,Whisper of the Heart (Mimi wo sumaseba),3.8,5
26913,Street Fighter II: The Animated Movie (Sutorîto Faitâ II gekijô-ban) (1994),Action|Animation,26913,1994.0,Street Fighter II: The Animated Movie (Sutorîto Faitâ II gekijô-ban),1.5,1
26928,"Summer's Tale, A (Conte d'été) (1996)",Comedy|Drama|Romance,26928,1996.0,"Summer's Tale, A (Conte d'été)",5.0,1
26940,"Late Shift, The (1996)",Comedy,26940,1996.0,"Late Shift, The",2.5,1
26947,Pusher (1996),Crime|Thriller,26947,1996.0,Pusher,2.5,1
26958,Emma (1996),Romance,26958,1996.0,Emma,3.5,1
26965,"Boxer, The (1997)",Drama|Thriller,26965,1997.0,"Boxer, The",3.5,2
26974,Gummo (1997),Drama,26974,1997.0,Gummo,3.1666666666666665,3
26985,Nirvana (1997),Action|Sci-Fi,26985,1997.0,Nirvana,4.5,1
26999,"Lion King II: Simba's Pride, The (1998)",Adventure|Animation|Children|Musical|Romance,26999,1998.0,"Lion King II: Simba's Pride, The",3.0,2
27002,From the Earth to the Moon (1998),Action|Documentary|Drama|Thriller,27002,1998.0,From the Earth to the Moon,3.5,1
27003,Beowulf (1999),Action|Horror|Sci-Fi,27003,1999.0,Beowulf,3.0,1
27006,RKO 281 (1999),Drama,27006,1999.0,RKO 281,3.5,1
27008,From Dusk Till Dawn 2: Texas Blood Money (1999) ,Comedy|Crime|Horror,27008,1999.0,From Dusk Till Dawn 2: Texas Blood Money,1.0,1
27020,Gia (1998),Drama|Romance,27020,1998.0,Gia,3.4,5
27022,Thursday (1998),Action|Crime|Thriller,27022,1998.0,Thursday,4.0,1
27032,Who Am I? (Wo shi shei) (1998),Action|Adventure|Comedy|Sci-Fi|Thriller,27032,1998.0,Who Am I? (Wo shi shei),3.5,2
27036,Merlin (1998),Action|Adventure|Drama|Fantasy|Romance,27036,1998.0,Merlin,3.0,1
27074,Brave New World (1998),Sci-Fi,27074,1998.0,Brave New World,1.5,1
27075,Addams Family Reunion (1998),Children|Comedy|Fantasy,27075,1998.0,Addams Family Reunion,3.0,1
27105,Purgatory (1999),Fantasy|Western,27105,1999.0,Purgatory,2.5,1
27124,Bleeder (1999),Drama|Thriller,27124,1999.0,Bleeder,2.0,1
27134,Dark Portals: The Chronicles of Vidocq  (Vidocq) (2001),Action|Crime|Fantasy,27134,2001.0,Dark Portals: The Chronicles of Vidocq  (Vidocq),4.0,1
27140,Candyman 3: Day of the Dead (1999),Horror,27140,1999.0,Candyman 3: Day of the Dead,3.0,1
27155,"Batman/Superman Movie, The (1998)",Action|Adventure|Animation|Children|Fantasy|Sci-Fi,27155,1998.0,"Batman/Superman Movie, The",2.0,1
27156,"Neon Genesis Evangelion: The End of Evangelion (Shin seiki Evangelion Gekijô-ban: Air/Magokoro wo, kimi ni) (1997)",Action|Animation|Drama|Fantasy|Sci-Fi,27156,1997.0,"Neon Genesis Evangelion: The End of Evangelion (Shin seiki Evangelion Gekijô-ban: Air/Magokoro wo, kimi ni)",4.3,5
27176,Style Wars (1983),Documentary,27176,1983.0,Style Wars,4.5,1
27178,In July (Im Juli) (2000),Comedy|Romance,27178,2000.0,In July (Im Juli),4.0,1
27186,Kirikou and the Sorceress (Kirikou et la sorcière) (1998),Adventure|Animation|Children|Fantasy,27186,1998.0,Kirikou and the Sorceress (Kirikou et la sorcière),4.0,2
27193,Taxi 2 (2000),Action|Comedy,27193,2000.0,Taxi 2,3.875,4
27246,If These Walls Could Talk 2 (2000),Drama|Romance,27246,2000.0,If These Walls Could Talk 2,4.0,1
27251,"10th Kingdom, The (2000)",Adventure|Comedy|Fantasy,27251,2000.0,"10th Kingdom, The",2.75,2
27255,"Wind Will Carry Us, The (Bad ma ra khahad bord) (1999)",Drama,27255,1999.0,"Wind Will Carry Us, The (Bad ma ra khahad bord)",3.5,1
27266,2046 (2004),Drama|Fantasy|Romance|Sci-Fi,27266,2004.0,2046,4.071428571428571,7
27306,Bartleby (2001),Comedy|Drama,27306,2001.0,Bartleby,1.5,1
27311,Batman Beyond: Return of the Joker (2000),Action|Animation|Crime|Sci-Fi|Thriller,27311,2000.0,Batman Beyond: Return of the Joker,3.5,3
27317,Audition (Ôdishon) (1999),Drama|Horror|Mystery|Romance|Thriller,27317,1999.0,Audition (Ôdishon),3.75,6
27320,"Nine Lives of Tomas Katz, The (2000)",Comedy|Drama|Fantasy,27320,2000.0,"Nine Lives of Tomas Katz, The",5.0,1
27328,Monday (2000),Action|Comedy|Crime|Fantasy|Thriller,27328,2000.0,Monday,4.5,1
27329,Paradise Lost 2: Revelations (2000),Documentary,27329,2000.0,Paradise Lost 2: Revelations,4.0,1
27368,Asterix & Obelix: Mission Cleopatra (Astérix & Obélix: Mission Cléopâtre) (2002),Adventure|Comedy|Fantasy,27368,2002.0,Asterix & Obelix: Mission Cleopatra (Astérix & Obélix: Mission Cléopâtre),4.0,3
27369,Daria: Is It Fall Yet? (2000),Animation|Comedy,27369,2000.0,Daria: Is It Fall Yet?,4.0,1
27370,Late Night Shopping (2001),Comedy,27370,2001.0,Late Night Shopping,4.5,1
27373,61* (2001),Drama,27373,2001.0,61*,5.0,1
27397,Joint Security Area (Gongdong gyeongbi guyeok JSA) (2000),Crime|Drama|Mystery|Thriller|War,27397,2000.0,Joint Security Area (Gongdong gyeongbi guyeok JSA),4.25,4
27408,Ripley's Game (2002),Drama|Thriller,27408,2002.0,Ripley's Game,3.3333333333333335,3
27416,Jalla! Jalla! (2000),Comedy|Drama|Romance,27416,2000.0,Jalla! Jalla!,3.75,2
27420,Teknolust (2002),Comedy|Drama|Romance|Sci-Fi,27420,2002.0,Teknolust,2.0,1
27426,"Accidental Spy, The (Dak miu mai shing) (2001)",Action|Comedy|Thriller,27426,2001.0,"Accidental Spy, The (Dak miu mai shing)",2.5,1
27434,Darkness (2002),Horror|Mystery,27434,2002.0,Darkness,1.5,3
27441,Blood: The Last Vampire (2000),Action|Animation|Horror,27441,2000.0,Blood: The Last Vampire,3.25,2
27450,Blueberry (2004),Adventure|Western,27450,2004.0,Blueberry,2.5,1
27473,American Psycho II: All American Girl (2002),Comedy|Crime|Horror|Mystery|Thriller,27473,2002.0,American Psycho II: All American Girl,2.5,1
27478,Ali G Indahouse (2002),Comedy,27478,2002.0,Ali G Indahouse,3.0,3
27480,Dead or Alive 2: Tôbôsha (2000),Action|Crime|Thriller,27480,2000.0,Dead or Alive 2: Tôbôsha,4.5,1
27482,Cube 2: Hypercube (2002),Horror|Mystery|Sci-Fi,27482,2002.0,Cube 2: Hypercube,3.75,2
27491,Pulse (Kairo) (2001),Horror|Mystery|Thriller,27491,2001.0,Pulse (Kairo),3.0,1
27513,Dog Days (Hundstage) (2001),Drama,27513,2001.0,Dog Days (Hundstage),3.0,1
27523,My Sassy Girl (Yeopgijeogin geunyeo) (2001),Comedy|Romance,27523,2001.0,My Sassy Girl (Yeopgijeogin geunyeo),5.0,1
27537,Nothing (2003),Comedy|Fantasy|Mystery|Sci-Fi,27537,2003.0,Nothing,3.5,1
27539,Undertaking Betty (Plots with a View) (2002),Comedy|Romance,27539,2002.0,Undertaking Betty (Plots with a View),2.5,1
27549,Dead or Alive: Final (2002),Comedy|Crime|Drama|Sci-Fi|Thriller,27549,2002.0,Dead or Alive: Final,1.5,1
27555,Fubar (2002),Comedy,27555,2002.0,Fubar,3.75,2
27563,"Happiness of the Katakuris, The (Katakuri-ke no kôfuku) (2001)",Comedy|Horror|Musical,27563,2001.0,"Happiness of the Katakuris, The (Katakuri-ke no kôfuku)",4.333333333333333,3
27584,Dead End (2003),Comedy|Horror|Mystery|Thriller,27584,2003.0,Dead End,3.5,2
27592,Sympathy for Mr. Vengeance (Boksuneun naui geot) (2002),Crime|Drama,27592,2002.0,Sympathy for Mr. Vengeance (Boksuneun naui geot),3.8,5
27595,Jesus Christ Vampire Hunter (2001),Action|Comedy|Horror|Musical,27595,2001.0,Jesus Christ Vampire Hunter,0.5,1
27604,Suicide Club (Jisatsu saakuru) (2001),Horror|Mystery|Thriller,27604,2001.0,Suicide Club (Jisatsu saakuru),3.125,4
27611,Battlestar Galactica (2003),Drama|Sci-Fi|War,27611,2003.0,Battlestar Galactica,3.8157894736842106,19
27618,"Sound of Thunder, A (2005)",Action|Adventure|Drama|Sci-Fi|Thriller,27618,2005.0,"Sound of Thunder, A",2.75,2
27619,"Lion King 1½, The (2004)",Adventure|Animation|Children|Comedy,27619,2004.0,"Lion King 1½, The",4.5,2
27627,Oasis (2002),Drama|Romance,27627,2002.0,Oasis,4.5,1
27644,Remember Me (Ricordati di me) (2003),Comedy|Drama|Romance,27644,2003.0,Remember Me (Ricordati di me),3.5,1
27660,"Animatrix, The (2003)",Action|Animation|Drama|Sci-Fi,27660,2003.0,"Animatrix, The",3.7,20
27664,"Brown Bunny, The (2003)",Drama,27664,2003.0,"Brown Bunny, The",3.25,2
27667,Ju-on: The Curse (2000),Horror,27667,2000.0,Ju-on: The Curse,3.0,1
27674,11:14 (2003),Comedy|Crime|Drama|Mystery|Thriller,27674,2003.0,11:14,3.75,4
27683,Tremors 4: The Legend Begins (2004),Action|Comedy|Horror|Sci-Fi|Thriller|Western,27683,2004.0,Tremors 4: The Legend Begins,2.0,1
27685,Bring It On Again (2004),Comedy,27685,2004.0,Bring It On Again,1.75,2
27689,"Crimson Rivers 2: Angels of the Apocalypse (Rivières pourpres II - Les anges de l'apocalypse, Les) (2004)",Action|Crime|Thriller,27689,2004.0,"Crimson Rivers 2: Angels of the Apocalypse (Rivières pourpres II - Les anges de l'apocalypse, Les)",2.5,1
27692,And Starring Pancho Villa as Himself (2003),Action|Comedy|Drama|War,27692,2003.0,And Starring Pancho Villa as Himself,3.5,1
27695,Nicotina (2003),Action|Comedy|Drama,27695,2003.0,Nicotina,3.0,1
27704,Battle Royale 2: Requiem (Batoru rowaiaru II: Chinkonka) (2003),Action|Drama|Thriller|War,27704,2003.0,Battle Royale 2: Requiem (Batoru rowaiaru II: Chinkonka),5.0,1
27705,In Hell (2003),Action|Drama|Thriller,27705,2003.0,In Hell,1.5,1
27706,Lemony Snicket's A Series of Unfortunate Events (2004),Adventure|Children|Comedy|Fantasy,27706,2004.0,Lemony Snicket's A Series of Unfortunate Events,3.16,25
27708,Helen of Troy (2003),Action|Adventure|Drama|Romance,27708,2003.0,Helen of Troy,4.0,1
27716,"Green Butchers, The (Grønne slagtere, De) (2003)",Comedy|Crime|Drama|Romance,27716,2003.0,"Green Butchers, The (Grønne slagtere, De)",4.5,1
27721,"Very Long Engagement, A (Un long dimanche de fiançailles) (2004)",Drama|Mystery|Romance|War,27721,2004.0,"Very Long Engagement, A (Un long dimanche de fiançailles)",3.6666666666666665,6
27722,Last Life in the Universe (Ruang rak noi nid mahasan) (2003),Drama|Romance,27722,2003.0,Last Life in the Universe (Ruang rak noi nid mahasan),4.166666666666667,3
27728,Ghost in the Shell 2: Innocence (a.k.a. Innocence) (Inosensu) (2004),Action|Animation|Drama|Sci-Fi|Thriller,27728,2004.0,Ghost in the Shell 2: Innocence (a.k.a. Innocence) (Inosensu),2.1666666666666665,3
27731,"Cat Returns, The (Neko no ongaeshi) (2002)",Adventure|Animation|Children|Fantasy,27731,2002.0,"Cat Returns, The (Neko no ongaeshi)",3.75,8
27741,"Twilight Samurai, The (Tasogare Seibei) (2002)",Drama|Romance,27741,2002.0,"Twilight Samurai, The (Tasogare Seibei)",3.8333333333333335,6
27744,"Facing Windows (Finestra di fronte, La) (2003)",Drama|Romance,27744,2003.0,"Facing Windows (Finestra di fronte, La)",4.5,1
27746,Ginger Snaps: Unleashed (2004),Horror|Thriller,27746,2004.0,Ginger Snaps: Unleashed,3.0,1
27751,'Salem's Lot (2004),Drama|Horror|Mystery|Thriller,27751,2004.0,'Salem's Lot,5.0,1
27762,Comic Book: The Movie (2004),Comedy,27762,2004.0,Comic Book: The Movie,2.5,1
27768,Intimate Strangers (Confidences trop intimes) (2004),Drama,27768,2004.0,Intimate Strangers (Confidences trop intimes),3.75,2
27769,Down to the Bone (2004),Drama,27769,2004.0,Down to the Bone,3.0,1
27772,Ju-on: The Grudge (2002),Horror,27772,2002.0,Ju-on: The Grudge,2.5833333333333335,6
27773,Old Boy (2003),Mystery|Thriller,27773,2003.0,Old Boy,4.089743589743589,39
27776,Red Lights (Feux rouges) (2004),Drama,27776,2004.0,Red Lights (Feux rouges),4.5,1
27778,Ginger Snaps Back: The Beginning (2004),Fantasy|Horror,27778,2004.0,Ginger Snaps Back: The Beginning,3.0,1
27784,One Missed Call (Chakushin ari) (2003),Horror|Mystery,27784,2003.0,One Missed Call (Chakushin ari),1.5,1
27788,"Jacket, The (2005)",Drama|Mystery|Sci-Fi|Thriller,27788,2005.0,"Jacket, The",3.0,8
27790,Millions (2004),Children|Comedy|Crime|Drama|Fantasy,27790,2004.0,Millions,3.5,4
27793,Starship Troopers 2: Hero of the Federation (2004),Action|Horror|Sci-Fi|War,27793,2004.0,Starship Troopers 2: Hero of the Federation,1.5,2
27801,Ong-Bak: The Thai Warrior (Ong Bak) (2003),Action|Thriller,27801,2003.0,Ong-Bak: The Thai Warrior (Ong Bak),4.0,12
27802,Infernal Affairs 2 (Mou gaan dou II) (2003),Action|Crime|Drama|Thriller,27802,2003.0,Infernal Affairs 2 (Mou gaan dou II),3.0,1
27803,"Sea Inside, The (Mar adentro) (2004)",Drama,27803,2004.0,"Sea Inside, The (Mar adentro)",4.0,8
27808,Spanglish (2004),Comedy|Drama|Romance,27808,2004.0,Spanglish,3.3636363636363638,11
27815,"Chorus, The (Choristes, Les) (2004)",Drama,27815,2004.0,"Chorus, The (Choristes, Les)",3.909090909090909,11
27816,Saints and Soldiers (2003),Action|Adventure|Drama|War,27816,2003.0,Saints and Soldiers,2.5,1
27820,"Story of the Weeping Camel, The (Geschichte vom weinenden Kamel, Die) (2003)",Documentary|Drama,27820,2003.0,"Story of the Weeping Camel, The (Geschichte vom weinenden Kamel, Die)",4.0,2
27821,"Interpreter, The (2005)",Drama|Thriller,27821,2005.0,"Interpreter, The",3.25,6
27822,Open Water (2003),Drama|Thriller,27822,2003.0,Open Water,2.7,5
27826,Touch of Pink (2004),Comedy|Drama|Romance,27826,2004.0,Touch of Pink,4.0,1
27829,Slasher (2004),Documentary,27829,2004.0,Slasher,3.5,1
27830,"Bobby Jones, Stroke of Genius (2004)",Drama,27830,2004.0,"Bobby Jones, Stroke of Genius",2.5,1
27831,Layer Cake (2004),Crime|Drama|Thriller,27831,2004.0,Layer Cake,3.8157894736842106,19
27834,"Return, The (Vozvrashcheniye) (2003)",Drama,27834,2003.0,"Return, The (Vozvrashcheniye)",4.333333333333333,3
27837,Flight of the Phoenix (2004),Action|Adventure,27837,2004.0,Flight of the Phoenix,2.875,4
27838,Mean Creek (2004),Drama|Thriller,27838,2004.0,Mean Creek,3.75,2
27839,"Ring Two, The (2005)",Drama|Horror|Mystery|Thriller,27839,2005.0,"Ring Two, The",2.3,5
27846,"Corporation, The (2003)",Documentary,27846,2003.0,"Corporation, The",3.9,10
27850,"Yes Men, The (2003)",Documentary,27850,2003.0,"Yes Men, The",3.75,2
27865,Azumi (2003),Action|Adventure|Drama|Thriller,27865,2003.0,Azumi,2.75,2
27866,In My Father's Den (2004),Drama,27866,2004.0,In My Father's Den,3.5,1
27869,Tae Guk Gi: The Brotherhood of War (Taegukgi hwinalrimyeo) (2004),Action|Drama|War,27869,2004.0,Tae Guk Gi: The Brotherhood of War (Taegukgi hwinalrimyeo),4.5,1
27873,Metallica: Some Kind of Monster (2004),Documentary,27873,2004.0,Metallica: Some Kind of Monster,3.1666666666666665,3
27878,Born into Brothels (2004),Documentary,27878,2004.0,Born into Brothels,3.875,4
27879,DiG! (2004),Documentary,27879,2004.0,DiG!,4.125,4
27882,Riding Giants (2004),Documentary,27882,2004.0,Riding Giants,4.0,4
27899,What the #$*! Do We Know!? (a.k.a. What the Bleep Do We Know!?) (2004),Comedy|Documentary|Drama,27899,2004.0,What the #$*! Do We Know!? (a.k.a. What the Bleep Do We Know!?),2.75,2
27904,"Scanner Darkly, A (2006)",Animation|Drama|Mystery|Sci-Fi|Thriller,27904,2006.0,"Scanner Darkly, A",3.6136363636363638,22
27905,Casshern (2004),Action|Drama|Fantasy|Sci-Fi,27905,2004.0,Casshern,3.5,1
27912,Outfoxed: Rupert Murdoch's War on Journalism (2004),Documentary,27912,2004.0,Outfoxed: Rupert Murdoch's War on Journalism,3.3,5
30707,Million Dollar Baby (2004),Drama,30707,2004.0,Million Dollar Baby,3.8461538461538463,52
30745,Gozu (Gokudô kyôfu dai-gekijô: Gozu) (2003),Comedy|Crime|Drama|Horror|Mystery,30745,2003.0,Gozu (Gokudô kyôfu dai-gekijô: Gozu),4.75,2
30749,Hotel Rwanda (2004),Drama|War,30749,2004.0,Hotel Rwanda,3.7916666666666665,48
30793,Charlie and the Chocolate Factory (2005),Adventure|Children|Comedy|Fantasy|IMAX,30793,2005.0,Charlie and the Chocolate Factory,3.0,61
30803,3-Iron (Bin-jip) (2004),Drama|Romance,30803,2004.0,3-Iron (Bin-jip),4.5,3
30810,"Life Aquatic with Steve Zissou, The (2004)",Adventure|Comedy|Fantasy,30810,2004.0,"Life Aquatic with Steve Zissou, The",3.4864864864864864,37
30812,"Aviator, The (2004)",Drama,30812,2004.0,"Aviator, The",3.5285714285714285,35
30816,"Phantom of the Opera, The (2004)",Drama|Musical|Romance,30816,2004.0,"Phantom of the Opera, The",3.1666666666666665,12
30818,Beyond the Sea (2004),Drama|Musical,30818,2004.0,Beyond the Sea,2.0,1
30820,"Woodsman, The (2004)",Drama,30820,2004.0,"Woodsman, The",3.8333333333333335,3
30822,In Good Company (2004),Comedy|Drama,30822,2004.0,In Good Company,3.4545454545454546,11
30825,Meet the Fockers (2004),Comedy,30825,2004.0,Meet the Fockers,3.106060606060606,33
30846,"Assassination of Richard Nixon, The (2004)",Crime|Drama|Thriller,30846,2004.0,"Assassination of Richard Nixon, The",3.5,2
30848,"Love Song for Bobby Long, A (2004)",Drama,30848,2004.0,"Love Song for Bobby Long, A",3.1666666666666665,3
30850,"Merchant of Venice, The (2004)",Drama,30850,2004.0,"Merchant of Venice, The",3.75,4
30883,Fat Albert (2004),Comedy|Fantasy,30883,2004.0,Fat Albert,1.5,2
30890,"Keys to the House, The (Chiavi di casa, Le) (2004)",Drama,30890,2004.0,"Keys to the House, The (Chiavi di casa, Le)",3.0,1
30892,In the Realms of the Unreal (2004),Animation|Documentary,30892,2004.0,In the Realms of the Unreal,0.0,0
30894,White Noise (2005),Drama|Horror|Mystery|Sci-Fi|Thriller,30894,2005.0,White Noise,2.5,8
30898,"Upside of Anger, The (2005)",Comedy|Drama|Romance,30898,2005.0,"Upside of Anger, The",3.1666666666666665,3
30994,Little Miss Marker (1980),Comedy|Drama,30994,1980.0,Little Miss Marker,4.0,1
31000,Sweet Liberty (1986),Comedy,31000,1986.0,Sweet Liberty,2.5,1
31030,I Remember Mama (1948),Children|Drama,31030,1948.0,I Remember Mama,4.0,1
31038,Smooth Talk (1985),Drama|Romance,31038,1985.0,Smooth Talk,4.0,1
31049,Out Cold (1989),Comedy|Thriller,31049,1989.0,Out Cold,2.5,1
31083,Man Trouble (1992),Comedy|Romance,31083,1992.0,Man Trouble,2.0,1
31086,Battles Without Honor & Humanity (Jingi naki tatakai) (1973),Crime|Drama,31086,1973.0,Battles Without Honor & Humanity (Jingi naki tatakai),3.5,1
31101,Stander (2003),Action|Crime|Drama,31101,2003.0,Stander,3.5,2
31114,Imaginary Heroes (2004),Comedy|Drama,31114,2004.0,Imaginary Heroes,3.0,2
31116,Sergeant York (1941),Drama|War,31116,1941.0,Sergeant York,3.8333333333333335,3
31123,Ruby & Quentin (Tais-toi!) (2003),Comedy|Crime,31123,2003.0,Ruby & Quentin (Tais-toi!),2.5,1
31150,Wizards (1977),Animation|Fantasy|Sci-Fi|War,31150,1977.0,Wizards,2.0,1
31162,"Life and Death of Peter Sellers, The (2004)",Comedy|Drama,31162,2004.0,"Life and Death of Peter Sellers, The",3.0,1
31184,Appleseed (Appurushîdo) (2004),Action|Animation|Fantasy|Sci-Fi,31184,2004.0,Appleseed (Appurushîdo),3.8333333333333335,3
31193,"Many Adventures of Winnie the Pooh, The (1977)",Animation|Children|Musical,31193,1977.0,"Many Adventures of Winnie the Pooh, The",3.5,1
31221,Elektra (2005),Action|Adventure|Crime|Drama,31221,2005.0,Elektra,2.05,10
31223,Racing Stripes (2005),Children|Comedy,31223,2005.0,Racing Stripes,2.0,1
31225,Coach Carter (2005),Drama,31225,2005.0,Coach Carter,3.0714285714285716,7
31260,Boys Town (1938),Drama,31260,1938.0,Boys Town,3.5,1
31297,Gold Diggers of 1935 (1935),Comedy|Musical,31297,1935.0,Gold Diggers of 1935,3.5,1
31309,Rocco and His Brothers (Rocco e i suoi fratelli) (1960),Crime|Drama,31309,1960.0,Rocco and His Brothers (Rocco e i suoi fratelli),3.5,1
31364,Memories of Murder (Salinui chueok) (2003),Crime|Drama|Mystery|Thriller,31364,2003.0,Memories of Murder (Salinui chueok),4.7,5
31367,"Chase, The (1994)",Action|Adventure|Comedy|Crime|Romance|Thriller,31367,1994.0,"Chase, The",2.0,1
31410,"Downfall (Untergang, Der) (2004)",Drama|War,31410,2004.0,"Downfall (Untergang, Der)",3.875,20
31420,Assault on Precinct 13 (2005),Action|Crime|Drama|Thriller,31420,2005.0,Assault on Precinct 13,3.1875,8
31422,Are We There Yet? (2005),Children|Comedy,31422,2005.0,Are We There Yet?,0.5,1
31424,Alone in the Dark (2005),Action|Horror|Sci-Fi|Thriller,31424,2005.0,Alone in the Dark,0.5,1
31427,Hide and Seek (2005),Horror|Mystery|Thriller,31427,2005.0,Hide and Seek,2.3333333333333335,6
31431,Boogeyman (2005),Drama|Horror|Mystery|Thriller,31431,2005.0,Boogeyman,2.0,2
31433,"Wedding Date, The (2005)",Comedy|Romance,31433,2005.0,"Wedding Date, The",3.1363636363636362,11
31435,Rory O'Shea Was Here (Inside I'm Dancing) (2004),Drama,31435,2004.0,Rory O'Shea Was Here (Inside I'm Dancing),4.5,1
31437,Nobody Knows (Dare mo shiranai) (2004),Drama,31437,2004.0,Nobody Knows (Dare mo shiranai),4.25,2
31445,Employee of the Month (2004),Comedy|Drama,31445,2004.0,Employee of the Month,2.25,2
31522,"Marriage of Maria Braun, The (Ehe der Maria Braun, Die) (1979)",Drama,31522,1979.0,"Marriage of Maria Braun, The (Ehe der Maria Braun, Die)",5.0,1
31545,"Trou, Le (Hole, The) (Night Watch, The) (1960)",Crime|Film-Noir,31545,1960.0,"Trou, Le (Hole, The) (Night Watch, The)",4.0,1
31553,Double Dragon (1994),Action|Adventure|Sci-Fi,31553,1994.0,Double Dragon,1.0,1
31590,Hands Off the Loot (Touchez pas au grisbi) (1954),Crime|Drama|Thriller,31590,1954.0,Hands Off the Loot (Touchez pas au grisbi),3.0,1
31610,Purple Butterfly (Zi hudie) (2003),Drama,31610,2003.0,Purple Butterfly (Zi hudie),4.0,1
31617,El Cid (1961),Action|Adventure|Drama|Romance|War,31617,1961.0,El Cid,3.0,1
31658,Howl's Moving Castle (Hauru no ugoku shiro) (2004),Adventure|Animation|Fantasy|Romance,31658,2004.0,Howl's Moving Castle (Hauru no ugoku shiro),4.075,40
31660,Steamboy (Suchîmubôi) (2004),Action|Animation|Drama|Sci-Fi,31660,2004.0,Steamboy (Suchîmubôi),3.0,2
31664,Gorgeous (Boh lee chun) (1999),Action|Comedy|Romance,31664,1999.0,Gorgeous (Boh lee chun),3.5,1
31685,Hitch (2005),Comedy|Romance,31685,2005.0,Hitch,3.1666666666666665,45
31692,Uncle Nino (2003),Comedy,31692,2003.0,Uncle Nino,0.5,1
31694,Bride & Prejudice (2004),Comedy|Musical|Romance,31694,2004.0,Bride & Prejudice,3.25,2
31696,Constantine (2005),Action|Fantasy|Horror|Thriller,31696,2005.0,Constantine,3.4714285714285715,35
31698,Son of the Mask (2005),Adventure|Children|Comedy|Fantasy,31698,2005.0,Son of the Mask,1.0,1
31700,Because of Winn-Dixie (2005),Children|Comedy|Drama,31700,2005.0,Because of Winn-Dixie,3.1666666666666665,3
31702,Turtles Can Fly (Lakposhtha hâm parvaz mikonand) (2004),Drama|War,31702,2004.0,Turtles Can Fly (Lakposhtha hâm parvaz mikonand),4.0,1
31737,Bunny Lake Is Missing (1965),Mystery|Thriller,31737,1965.0,Bunny Lake Is Missing,3.5,1
31804,Night Watch (Nochnoy dozor) (2004),Action|Fantasy|Horror|Mystery|Sci-Fi|Thriller,31804,2004.0,Night Watch (Nochnoy dozor),3.25,4
31851,Sons of the Desert (1933),Comedy,31851,1933.0,Sons of the Desert,3.0,1
31867,Man of the House (2005),Action|Comedy,31867,2005.0,Man of the House,3.0,1
31878,Kung Fu Hustle (Gong fu) (2004),Action|Comedy,31878,2004.0,Kung Fu Hustle (Gong fu),3.5789473684210527,19
31903,Zelary (2003),Drama|Romance,31903,2003.0,Zelary,4.0,1
31909,Dr. Giggles (1992),Comedy|Horror,31909,1992.0,Dr. Giggles,4.0,1
31921,"Seven-Per-Cent Solution, The (1976)",Adventure|Comedy|Crime|Drama|Mystery|Thriller,31921,1976.0,"Seven-Per-Cent Solution, The",2.5,1
31923,"Three Musketeers, The (1973)",Action|Adventure|Comedy,31923,1973.0,"Three Musketeers, The",4.0,3
31925,Royal Flash (1975),Adventure|Comedy|Romance,31925,1975.0,Royal Flash,4.0,1
31952,Control (Kontroll) (2003),Comedy|Crime|Drama|Mystery,31952,2003.0,Control (Kontroll),3.5,1
31973,Germany Year Zero (Germania anno zero) (Deutschland im Jahre Null) (1948),Drama|War,31973,1948.0,Germany Year Zero (Germania anno zero) (Deutschland im Jahre Null),3.5,1
32009,Tyler Perry's Diary of a Mad Black Woman (2005),Comedy|Drama|Romance,32009,2005.0,Tyler Perry's Diary of a Mad Black Woman,2.6666666666666665,3
32011,Cursed (2005),Horror|Thriller,32011,2005.0,Cursed,2.1666666666666665,6
32017,"Pacifier, The (2005)",Action|Comedy,32017,2005.0,"Pacifier, The",2.7142857142857144,7
32019,Be Cool (2005),Comedy|Crime|Musical,32019,2005.0,Be Cool,2.4375,8
32022,Gunner Palace (2004),Documentary|War,32022,2004.0,Gunner Palace,3.6666666666666665,3
32029,Hostage (2005),Action|Crime|Drama|Thriller,32029,2005.0,Hostage,3.05,10
32031,Robots (2005),Adventure|Animation|Children|Comedy|Fantasy|Sci-Fi|IMAX,32031,2005.0,Robots,3.026315789473684,19
32058,Class Action (1991),Drama,32058,1991.0,Class Action,2.0,1
32060,"Cat and the Canary, The (1927)",Horror|Mystery,32060,1927.0,"Cat and the Canary, The",3.0,1
32116,"Oh, God! You Devil (1984)",Comedy,32116,1984.0,"Oh, God! You Devil",2.5,1
32139,"Agony and the Ecstasy, The (1965)",Drama,32139,1965.0,"Agony and the Ecstasy, The",4.0,1
32160,Twentieth Century (1934),Comedy,32160,1934.0,Twentieth Century,0.0,0
32179,Elevator to the Gallows (a.k.a. Frantic) (Ascenseur pour l'échafaud) (1958),Crime|Drama|Thriller,32179,1958.0,Elevator to the Gallows (a.k.a. Frantic) (Ascenseur pour l'échafaud),4.0,1
32213,Cube Zero (2004),Horror|Mystery|Sci-Fi|Thriller,32213,2004.0,Cube Zero,2.6666666666666665,3
32234,Julia (1977),Drama,32234,1977.0,Julia,4.0,1
32243,Stealing Rembrandt (Rembrandt) (2003),Action|Comedy|Crime,32243,2003.0,Stealing Rembrandt (Rembrandt),3.5,1
32289,Ice Princess (2005),Children|Comedy|Drama,32289,2005.0,Ice Princess,3.375,4
32291,Melinda and Melinda (2004),Comedy|Drama,32291,2004.0,Melinda and Melinda,3.1,5
32294,Milk and Honey (2003),Drama,32294,2003.0,Milk and Honey,3.5,1
32296,Miss Congeniality 2: Armed and Fabulous (2005),Adventure|Comedy|Crime,32296,2005.0,Miss Congeniality 2: Armed and Fabulous,2.25,8
32298,Guess Who (2005),Comedy|Romance,32298,2005.0,Guess Who,2.3333333333333335,3
32300,D.E.B.S. (2004),Action|Comedy,32300,2004.0,D.E.B.S.,2.8333333333333335,3
32302,"League of Ordinary Gentlemen, A (2004)",Documentary,32302,2004.0,"League of Ordinary Gentlemen, A",4.0,1
32314,Incident at Loch Ness (2004),Adventure|Comedy|Documentary,32314,2004.0,Incident at Loch Ness,3.5,1
32371,Call Northside 777 (1948),Crime|Drama|Film-Noir,32371,1948.0,Call Northside 777,0.0,0
32387,"Sword of Doom, The (Dai-bosatsu tôge) (1966)",Action|Drama,32387,1966.0,"Sword of Doom, The (Dai-bosatsu tôge)",4.25,2
32392,800 Bullets (800 Balas) (2002),Comedy|Crime|Drama|Western,32392,2002.0,800 Bullets (800 Balas),2.5,1
32440,If Looks Could Kill (1991),Action|Comedy,32440,1991.0,If Looks Could Kill,2.0,1
32442,Greedy (1994),Comedy,32442,1994.0,Greedy,2.5,1
32456,"Pom Poko (a.k.a. Raccoon War, The) (Heisei tanuki gassen pompoko) (1994)",Animation|Comedy|Drama|Fantasy,32456,1994.0,"Pom Poko (a.k.a. Raccoon War, The) (Heisei tanuki gassen pompoko)",4.25,2
32460,Knockin' on Heaven's Door (1997),Action|Comedy|Crime|Drama,32460,1997.0,Knockin' on Heaven's Door,4.25,4
32469,We're No Angels (1955),Comedy|Crime|Drama,32469,1955.0,We're No Angels,4.5,1
32511,"Touch of Zen, A (Xia nu) (1971)",Action|Adventure,32511,1971.0,"Touch of Zen, A (Xia nu)",4.5,1
32515,Walker (1987),Adventure|Drama|War|Western,32515,1987.0,Walker,2.5,1
32554,Memories (Memorîzu) (1995),Animation|Fantasy|Sci-Fi|Thriller,32554,1995.0,Memories (Memorîzu),3.8333333333333335,3
32582,"Wild Parrots of Telegraph Hill, The (2003)",Documentary,32582,2003.0,"Wild Parrots of Telegraph Hill, The",4.75,2
32584,"Ballad of Jack and Rose, The (2005)",Drama,32584,2005.0,"Ballad of Jack and Rose, The",3.125,4
32587,Sin City (2005),Action|Crime|Film-Noir|Mystery|Thriller,32587,2005.0,Sin City,3.857142857142857,84
32589,Beauty Shop (2005),Comedy,32589,2005.0,Beauty Shop,2.0,1
32596,Sahara (2005),Action|Adventure|Comedy,32596,2005.0,Sahara,3.0714285714285716,7
32598,Fever Pitch (2005),Comedy|Romance,32598,2005.0,Fever Pitch,2.9375,8
32600,Eros (2004),Drama,32600,2004.0,Eros,3.5,1
32620,Not on the Lips (Pas sur la bouche) (2003),Comedy|Musical|Romance,32620,2003.0,Not on the Lips (Pas sur la bouche),3.5,1
32632,Electra Glide in Blue (1973),Action|Crime,32632,1973.0,Electra Glide in Blue,3.5,1
32649,"Special Day, A (Giornata particolare, Una) (1977)",Drama|War,32649,1977.0,"Special Day, A (Giornata particolare, Una)",4.0,1
32657,"Man Who Planted Trees, The (Homme qui plantait des arbres, L') (1987)",Animation|Drama,32657,1987.0,"Man Who Planted Trees, The (Homme qui plantait des arbres, L')",4.25,4
32659,Tanguy (2001),Comedy,32659,2001.0,Tanguy,2.5,1
32666,National Lampoon's Lady Killers (National Lampoon's Gold Diggers) (2003),Comedy,32666,2003.0,National Lampoon's Lady Killers (National Lampoon's Gold Diggers),1.0,1
32728,"Little Girl Who Lives Down the Lane, The (1976)",Drama|Mystery|Thriller,32728,1976.0,"Little Girl Who Lives Down the Lane, The",4.0,1
32743,Ringu 0: Bâsudei (2000),Drama|Horror|Thriller,32743,2000.0,Ringu 0: Bâsudei,3.0,1
32770,Brothers (Brødre) (2004),Drama,32770,2004.0,Brothers (Brødre),4.25,2
32799,Maidens in Uniform (Mädchen in Uniform) (1931),Drama|Romance,32799,1931.0,Maidens in Uniform (Mädchen in Uniform),3.5,1
32862,With Six You Get Eggroll (1968),Comedy|Romance,32862,1968.0,With Six You Get Eggroll,4.0,1
32875,Holiday (Jour de fête) (1949),Comedy,32875,1949.0,Holiday (Jour de fête),3.0,1
32892,Ivan's Childhood (a.k.a. My Name is Ivan) (Ivanovo detstvo) (1962),Drama|War,32892,1962.0,Ivan's Childhood (a.k.a. My Name is Ivan) (Ivanovo detstvo),2.75,2
32898,"Trip to the Moon, A (Voyage dans la lune, Le) (1902)",Action|Adventure|Fantasy|Sci-Fi,32898,1902.0,"Trip to the Moon, A (Voyage dans la lune, Le)",3.5,5
32906,"Ascent, The (Voskhozhdeniye) (1977)",Drama|War,32906,1977.0,"Ascent, The (Voskhozhdeniye)",3.5,1
32914,Carrie (2002),Drama|Horror|Thriller,32914,2002.0,Carrie,3.0,1
32917,Boccaccio '70 (1962),Comedy|Fantasy|Romance,32917,1962.0,Boccaccio '70,4.0,1
33004,"Hitchhiker's Guide to the Galaxy, The (2005)",Adventure|Comedy|Sci-Fi,33004,2005.0,"Hitchhiker's Guide to the Galaxy, The",3.4204545454545454,44
33085,"Amityville Horror, The (2005)",Horror|Thriller,33085,2005.0,"Amityville Horror, The",2.25,6
33090,Mutant Aliens (2001),Animation|Comedy|Sci-Fi,33090,2001.0,Mutant Aliens,4.0,2
33124,Before the Fall (NaPolA - Elite für den Führer) (2004),Drama|War,33124,2004.0,Before the Fall (NaPolA - Elite für den Führer),3.5,1
33126,"Frisco Kid, The (1979)",Comedy|Western,33126,1979.0,"Frisco Kid, The",2.5,1
33132,State Property 2 (2005),Action|Crime|Drama,33132,2005.0,State Property 2,1.5,1
33138,Palindromes (2004),Adventure|Comedy|Drama,33138,2004.0,Palindromes,5.0,1
33145,"Lot Like Love, A (2005)",Comedy|Drama|Romance,33145,2005.0,"Lot Like Love, A",3.0,6
33148,King's Ransom (2005),Comedy|Crime,33148,2005.0,King's Ransom,2.5,1
33154,Enron: The Smartest Guys in the Room (2005),Documentary,33154,2005.0,Enron: The Smartest Guys in the Room,4.0,6
33158,xXx: State of the Union (2005),Action|Crime|Thriller,33158,2005.0,xXx: State of the Union,2.0,5
33162,Kingdom of Heaven (2005),Action|Drama|Romance|War,33162,2005.0,Kingdom of Heaven,3.5,17
33164,House of Wax (2005),Horror|Thriller,33164,2005.0,House of Wax,1.8333333333333333,6
33166,Crash (2004),Crime|Drama,33166,2004.0,Crash,3.89,50
33171,Mysterious Skin (2004),Drama|Mystery,33171,2004.0,Mysterious Skin,2.0,2
33188,Mischief (1985),Comedy|Romance,33188,1985.0,Mischief,2.5,1
33201,Between Your Legs (Entre las piernas) (1999),Drama|Mystery|Romance|Thriller,33201,1999.0,Between Your Legs (Entre las piernas),4.5,1
33237,San Francisco (1936),Drama|Musical|Romance,33237,1936.0,San Francisco,4.0,1
33294,Vampire Hunter D (1985),Animation|Fantasy|Horror,33294,1985.0,Vampire Hunter D,2.5,1
33310,"Common Thread, A (a.k.a. Sequins) (Brodeuses) (2004)",Drama|Romance,33310,2004.0,"Common Thread, A (a.k.a. Sequins) (Brodeuses)",4.5,1
33312,"Cocoanuts, The (1929)",Comedy|Musical,33312,1929.0,"Cocoanuts, The",3.5,1
33421,Dear Wendy (2005),Drama,33421,2005.0,Dear Wendy,3.6666666666666665,3
33435,Los Angeles Plays Itself (2003),Documentary,33435,2003.0,Los Angeles Plays Itself,3.5,1
33437,Unleashed (Danny the Dog) (2005),Action|Crime|Drama|Thriller,33437,2005.0,Unleashed (Danny the Dog),3.4444444444444446,9
33493,Star Wars: Episode III - Revenge of the Sith (2005),Action|Adventure|Sci-Fi,33493,2005.0,Star Wars: Episode III - Revenge of the Sith,3.4294871794871793,78
33495,Kicking & Screaming (2005),Comedy,33495,2005.0,Kicking & Screaming,2.642857142857143,7
33499,Monster-in-Law (2005),Comedy|Romance,33499,2005.0,Monster-in-Law,2.5,4
33558,"Snow Walker, The (2003)",Adventure|Drama,33558,2003.0,"Snow Walker, The",3.0,1
33564,Divorce - Italian Style (Divorzio all'italiana) (1961),Comedy,33564,1961.0,Divorce - Italian Style (Divorzio all'italiana),4.5,2
33615,Madagascar (2005),Adventure|Animation|Children|Comedy,33615,2005.0,Madagascar,3.375,40
33629,Airborne (1993),Adventure|Comedy,33629,1993.0,Airborne,2.5,1
33639,Mad Hot Ballroom (2005),Children|Documentary,33639,2005.0,Mad Hot Ballroom,3.3333333333333335,3
33644,Dominion: Prequel to the Exorcist (2005),Horror|Thriller,33644,2005.0,Dominion: Prequel to the Exorcist,2.5,1
33646,"Longest Yard, The (2005)",Comedy|Drama,33646,2005.0,"Longest Yard, The",3.111111111111111,9
33649,Saving Face (2004),Comedy|Drama|Romance,33649,2004.0,Saving Face,5.0,1
33660,Cinderella Man (2005),Drama|Romance,33660,2005.0,Cinderella Man,4.088235294117647,17
33669,"Sisterhood of the Traveling Pants, The (2005)",Adventure|Comedy|Drama,33669,2005.0,"Sisterhood of the Traveling Pants, The",3.0714285714285716,7
33672,Lords of Dogtown (2005),Action|Comedy|Drama,33672,2005.0,Lords of Dogtown,3.0,7
33677,Rock School (2005),Documentary,33677,2005.0,Rock School,3.5,3
33679,Mr. & Mrs. Smith (2005),Action|Adventure|Comedy|Romance,33679,2005.0,Mr. & Mrs. Smith,3.2796610169491527,59
33681,"Adventures of Sharkboy and Lavagirl 3-D, The (2005)",Action|Adventure|Children|Fantasy,33681,2005.0,"Adventures of Sharkboy and Lavagirl 3-D, The",1.75,2
33683,High Tension (Haute tension) (Switchblade Romance) (2003),Horror|Thriller,33683,2003.0,High Tension (Haute tension) (Switchblade Romance),3.75,2
33725,It's All Gone Pete Tong (2004),Comedy|Drama|Musical,33725,2004.0,It's All Gone Pete Tong,3.1666666666666665,3
33779,Eddie Izzard: Dress to Kill (1999),Comedy,33779,1999.0,Eddie Izzard: Dress to Kill,4.5,2
33781,Quo Vadis (1951),Drama|Romance,33781,1951.0,Quo Vadis,3.0,2
33794,Batman Begins (2005),Action|Crime|IMAX,33794,2005.0,Batman Begins,3.8620689655172415,116
33801,Godzilla: Final Wars (Gojira: Fainaru uôzu) (2004),Action|Adventure|Fantasy|Sci-Fi,33801,2004.0,Godzilla: Final Wars (Gojira: Fainaru uôzu),3.0,1
33815,"Perfect Man, The (2005)",Comedy|Drama|Romance,33815,2005.0,"Perfect Man, The",3.0,2
33826,Saint Ralph (2004),Comedy|Drama,33826,2004.0,Saint Ralph,2.5,1
33830,Herbie: Fully Loaded (2005),Adventure|Comedy|Romance,33830,2005.0,Herbie: Fully Loaded,3.1666666666666665,3
33834,Land of the Dead (2005),Action|Horror|Thriller,33834,2005.0,Land of the Dead,3.125,4
33836,Bewitched (2005),Comedy|Fantasy|Romance,33836,2005.0,Bewitched,2.269230769230769,13
33838,Rize (2005),Documentary,33838,2005.0,Rize,3.5,1
33880,Me and You and Everyone We Know (2005),Comedy|Drama,33880,2005.0,Me and You and Everyone We Know,3.75,4
33893,"Perfect Crime, The (Crimen Ferpecto) (Ferpect Crime) (2004)",Comedy|Crime|Thriller,33893,2004.0,"Perfect Crime, The (Crimen Ferpecto) (Ferpect Crime)",4.5,1
33896,3 Extremes (Three... Extremes) (Saam gaang yi) (2004),Horror,33896,2004.0,3 Extremes (Three... Extremes) (Saam gaang yi),3.3333333333333335,3
33903,"Edukators, The (Die Fetten Jahre sind vorbei) (2004)",Comedy|Crime|Drama|Romance,33903,2004.0,"Edukators, The (Die Fetten Jahre sind vorbei)",4.0,5
33966,Cop and ½ (1993),Comedy,33966,1993.0,Cop and ½,1.5,1
34018,At the Circus (1939),Comedy|Musical,34018,1939.0,At the Circus,3.0,1
34048,War of the Worlds (2005),Action|Adventure|Sci-Fi|Thriller,34048,2005.0,War of the Worlds,3.15,50
34072,"March of the Penguins (Marche de l'empereur, La) (2005)",Documentary,34072,2005.0,"March of the Penguins (Marche de l'empereur, La)",3.5555555555555554,18
34129,Rebound (2005),Comedy,34129,2005.0,Rebound,3.0,1
34143,Dark Water (2005),Drama|Horror|Thriller,34143,2005.0,Dark Water,2.0,3
34148,"Beat That My Heart Skipped, The (battre mon coeur s'est arrêté, De) (2005)",Drama,34148,2005.0,"Beat That My Heart Skipped, The (battre mon coeur s'est arrêté, De)",3.0,2
34150,Fantastic Four (2005),Action|Adventure|Sci-Fi,34150,2005.0,Fantastic Four,2.763888888888889,36
34153,Murderball (2005),Documentary,34153,2005.0,Murderball,3.8333333333333335,3
34162,Wedding Crashers (2005),Comedy|Romance,34162,2005.0,Wedding Crashers,3.5086206896551726,58
34164,Happy Endings (2005),Comedy|Drama,34164,2005.0,Happy Endings,3.5,1
34271,Hustle & Flow (2005),Crime|Drama,34271,2005.0,Hustle & Flow,3.75,4
34292,Hardware (1990),Action|Horror|Sci-Fi,34292,1990.0,Hardware,1.5,1
34312,"Calcium Kid, The (2004)",Comedy,34312,2004.0,"Calcium Kid, The",5.0,1
34319,"Island, The (2005)",Action|Sci-Fi|Thriller,34319,2005.0,"Island, The",3.3548387096774195,31
34321,Bad News Bears (2005),Children|Comedy,34321,2005.0,Bad News Bears,3.0,3
34323,"Devil's Rejects, The (2005)",Action|Crime|Horror,34323,2005.0,"Devil's Rejects, The",3.7142857142857144,7
34326,Last Days (2005),Drama,34326,2005.0,Last Days,3.0,2
34330,November (2004),Drama|Mystery,34330,2004.0,November,3.0,1
34332,Sky High (2005),Action|Adventure|Children|Comedy,34332,2005.0,Sky High,2.9166666666666665,6
34334,Stealth (2005),Action|Adventure|Sci-Fi|Thriller,34334,2005.0,Stealth,2.5,5
34336,Must Love Dogs (2005),Comedy|Romance,34336,2005.0,Must Love Dogs,2.0,4
34338,"Aristocrats, The (2005)",Comedy|Documentary,34338,2005.0,"Aristocrats, The",3.35,10
34359,Georgy Girl (1966),Comedy,34359,1966.0,Georgy Girl,4.0,1
34397,"Order, The (2001)",Action|Adventure|Drama|Thriller,34397,2001.0,"Order, The",3.0,1
34405,Serenity (2005),Action|Adventure|Sci-Fi,34405,2005.0,Serenity,3.94,50
34437,Broken Flowers (2005),Comedy|Drama,34437,2005.0,Broken Flowers,3.4761904761904763,21
34450,Miracles - Mr. Canton and Lady Rose (1989),Action|Comedy|Crime|Drama,34450,1989.0,Miracles - Mr. Canton and Lady Rose,4.5,1
34482,"Browning Version, The (1951)",Drama,34482,1951.0,"Browning Version, The",0.0,0
34520,"Dukes of Hazzard, The (2005)",Action|Adventure|Comedy,34520,2005.0,"Dukes of Hazzard, The",2.0833333333333335,12
34523,The Chumscrubber (2005),Comedy|Drama,34523,2005.0,The Chumscrubber,2.0,3
34528,Junebug (2005),Comedy|Drama,34528,2005.0,Junebug,3.6666666666666665,3
34530,Deuce Bigalow: European Gigolo (2005),Comedy,34530,2005.0,Deuce Bigalow: European Gigolo,2.8333333333333335,3
34532,"Skeleton Key, The (2005)",Drama|Horror|Mystery|Thriller,34532,2005.0,"Skeleton Key, The",3.0,4
34534,Four Brothers (2005),Action|Crime|Drama,34534,2005.0,Four Brothers,3.5714285714285716,7
34536,The Great Raid (2005),Action|Drama|War,34536,2005.0,The Great Raid,3.1666666666666665,3
34540,Pretty Persuasion (2005),Comedy|Drama,34540,2005.0,Pretty Persuasion,3.0,1
34542,Grizzly Man (2005),Documentary,34542,2005.0,Grizzly Man,3.7,5
34800,Private Resort (1985),Comedy,34800,1985.0,Private Resort,1.5,1
34811,Pusher II: With Blood on My Hands (2004),Action|Crime|Drama|Thriller,34811,2004.0,Pusher II: With Blood on My Hands,2.5,1
35015,Duma (2005),Adventure|Drama,35015,2005.0,Duma,3.5,1
35347,Animal Farm (1954),Animation|Drama,35347,1954.0,Animal Farm,1.0,1
35807,"Teahouse of the August Moon, The (1956)",Comedy,35807,1956.0,"Teahouse of the August Moon, The",4.0,1
35836,"40-Year-Old Virgin, The (2005)",Comedy|Romance,35836,2005.0,"40-Year-Old Virgin, The",3.5472972972972974,74
35957,Red Eye (2005),Horror|Thriller,35957,2005.0,Red Eye,3.388888888888889,9
36276,Hidden (a.k.a. Cache) (Caché) (2005),Drama|Mystery|Thriller,36276,2005.0,Hidden (a.k.a. Cache) (Caché),2.5,2
36289,Asterix & Obelix vs. Caesar (Astérix et Obélix contre César) (1999),Adventure|Children|Comedy|Fantasy,36289,1999.0,Asterix & Obelix vs. Caesar (Astérix et Obélix contre César),4.0,1
36363,Kin-Dza-Dza! (1986),Comedy|Drama|Sci-Fi,36363,1986.0,Kin-Dza-Dza!,3.75,2
36397,Valiant (2005),Adventure|Animation|Children|Comedy|Fantasy|War,36397,2005.0,Valiant,1.5,1
36401,"Brothers Grimm, The (2005)",Comedy|Fantasy|Horror|Thriller,36401,2005.0,"Brothers Grimm, The",2.625,20
36477,"Baxter, The (2005)",Comedy|Drama|Romance,36477,2005.0,"Baxter, The",4.0,1
36509,"Cave, The (2005)",Action|Adventure|Horror|Mystery|Sci-Fi|Thriller,36509,2005.0,"Cave, The",2.6666666666666665,3
36517,"Constant Gardener, The (2005)",Drama|Thriller,36517,2005.0,"Constant Gardener, The",3.4615384615384617,13
36519,Transporter 2 (2005),Action|Crime|Thriller,36519,2005.0,Transporter 2,3.21875,16
36525,Just Like Heaven (2005),Comedy|Fantasy|Romance,36525,2005.0,Just Like Heaven,2.6875,8
36527,Proof (2005),Drama,36527,2005.0,Proof,3.5714285714285716,7
36529,Lord of War (2005),Action|Crime|Drama|Thriller|War,36529,2005.0,Lord of War,3.7142857142857144,35
36533,Cry_Wolf (a.k.a. Cry Wolf) (2005),Drama|Horror|Mystery|Thriller,36533,2005.0,Cry_Wolf (a.k.a. Cry Wolf),2.25,2
36535,Everything Is Illuminated (2005),Comedy|Drama,36535,2005.0,Everything Is Illuminated,3.7777777777777777,9
36537,Thumbsucker (2005),Comedy|Drama,36537,2005.0,Thumbsucker,3.3333333333333335,3
36708,Family Guy Presents Stewie Griffin: The Untold Story (2005),Adventure|Animation|Comedy,36708,2005.0,Family Guy Presents Stewie Griffin: The Untold Story,3.7083333333333335,12
36850,Police Story 2 (Ging chaat goo si juk jaap) (1988),Action|Comedy|Crime|Thriller,36850,1988.0,Police Story 2 (Ging chaat goo si juk jaap),3.75,2
36931,New Police Story (Xin jing cha gu shi) (2004),Action|Crime|Drama,36931,2004.0,New Police Story (Xin jing cha gu shi),3.5,1
37211,Go West (1940),Comedy|Musical|Western,37211,1940.0,Go West,3.0,1
37240,Why We Fight (2005),Documentary,37240,2005.0,Why We Fight,3.5,4
37380,Doom (2005),Action|Horror|Sci-Fi,37380,2005.0,Doom,2.15,10
37382,Domino (2005),Crime|Drama|Thriller,37382,2005.0,Domino,2.875,8
37384,Waiting... (2005),Comedy,37384,2005.0,Waiting...,3.269230769230769,13
37386,Aeon Flux (2005),Action|Sci-Fi,37386,2005.0,Aeon Flux,2.761904761904762,21
37444,Frankenstein 90 (1984),Comedy|Horror|Romance,37444,1984.0,Frankenstein 90,4.0,1
37475,"Unfinished Life, An (2005)",Drama,37475,2005.0,"Unfinished Life, An",3.0,1
37477,"Man, The (2005)",Action|Comedy|Crime,37477,2005.0,"Man, The",2.5,1
37495,Survive Style 5+ (2004),Fantasy|Mystery|Romance|Thriller,37495,2004.0,Survive Style 5+,3.5,1
37545,Woyzeck (1979),Drama,37545,1979.0,Woyzeck,3.25,2
37720,"Exorcism of Emily Rose, The (2005)",Crime|Drama|Horror|Thriller,37720,2005.0,"Exorcism of Emily Rose, The",2.9166666666666665,6
37727,Flightplan (2005),Action|Drama|Thriller,37727,2005.0,Flightplan,2.8636363636363638,11
37729,Corpse Bride (2005),Animation|Comedy|Fantasy|Musical|Romance,37729,2005.0,Corpse Bride,3.534090909090909,44
37731,Green Street Hooligans (a.k.a. Hooligans) (2005),Crime|Drama,37731,2005.0,Green Street Hooligans (a.k.a. Hooligans),3.7222222222222223,9
37733,"History of Violence, A (2005)",Action|Crime|Drama|Thriller,37733,2005.0,"History of Violence, A",3.5,27
37736,Oliver Twist (2005),Drama,37736,2005.0,Oliver Twist,3.5,3
37739,"Greatest Game Ever Played, The (2005)",Drama,37739,2005.0,"Greatest Game Ever Played, The",3.3,5
37741,Capote (2005),Crime|Drama,37741,2005.0,Capote,3.869565217391304,23
37830,Final Fantasy VII: Advent Children (2004),Action|Adventure|Animation|Fantasy|Sci-Fi,37830,2004.0,Final Fantasy VII: Advent Children,3.55,10
37844,Roll Bounce (2005),Comedy|Drama|Romance,37844,2005.0,Roll Bounce,2.0,1
37853,Into the Blue (2005),Action|Adventure|Crime|Thriller,37853,2005.0,Into the Blue,2.5,2
37857,MirrorMask (2005),Adventure|Children|Drama|Fantasy,37857,2005.0,MirrorMask,3.611111111111111,9
38038,Wallace & Gromit in The Curse of the Were-Rabbit (2005),Adventure|Animation|Children|Comedy,38038,2005.0,Wallace & Gromit in The Curse of the Were-Rabbit,3.6333333333333333,30
38061,Kiss Kiss Bang Bang (2005),Comedy|Crime|Mystery|Thriller,38061,2005.0,Kiss Kiss Bang Bang,4.071428571428571,35
38095,"Bittersweet Life, A (Dalkomhan insaeng) (2005)",Action|Crime|Drama,38095,2005.0,"Bittersweet Life, A (Dalkomhan insaeng)",4.166666666666667,3
38159,"Short Film About Love, A (Krótki film o milosci) (1988)",Drama|Romance,38159,1988.0,"Short Film About Love, A (Krótki film o milosci)",4.5,1
38164,"All This, and Heaven Too (1940)",Drama|Romance,38164,1940.0,"All This, and Heaven Too",4.0,1
38198,Darwin's Nightmare (2004),Documentary,38198,2004.0,Darwin's Nightmare,4.0,1
38294,Beowulf & Grendel (2005),Action|Adventure|Drama|Fantasy,38294,2005.0,Beowulf & Grendel,2.5,1
38304,No Direction Home: Bob Dylan (2005),Documentary,38304,2005.0,No Direction Home: Bob Dylan,4.625,4
38388,Goal! The Dream Begins (Goal!) (2005),Drama,38388,2005.0,Goal! The Dream Begins (Goal!),4.25,2
38583,"Wraith, The (1986)",Action|Horror|Sci-Fi|Thriller,38583,1986.0,"Wraith, The",2.5,1
38798,In Her Shoes (2005),Comedy|Drama,38798,2005.0,In Her Shoes,3.125,4
38886,"Squid and the Whale, The (2005)",Comedy|Drama,38886,2005.0,"Squid and the Whale, The",3.4444444444444446,9
38992,Two for the Money (2005),Drama,38992,2005.0,Two for the Money,3.5,1
39183,Brokeback Mountain (2005),Drama|Romance,39183,2005.0,Brokeback Mountain,3.5588235294117645,34
39231,Elizabethtown (2005),Comedy|Drama|Romance,39231,2005.0,Elizabethtown,3.5,4
39234,North Country (2005),Drama,39234,2005.0,North Country,3.5,4
39292,"Good Night, and Good Luck. (2005)",Crime|Drama,39292,2005.0,"Good Night, and Good Luck.",3.775,20
39307,Dreamer: Inspired by a True Story (2005),Children|Drama,39307,2005.0,Dreamer: Inspired by a True Story,2.5,1
39381,"Proposition, The (2005)",Crime|Drama|Western,39381,2005.0,"Proposition, The",3.5625,8
39400,"Fog, The (2005)",Action|Horror|Mystery|Thriller,39400,2005.0,"Fog, The",2.1,5
39414,Shopgirl (2005),Comedy|Drama|Romance,39414,2005.0,Shopgirl,3.0,7
39427,Stay (2005),Thriller,39427,2005.0,Stay,3.0,4
39435,"Legend of Zorro, The (2005)",Action|Adventure|Drama|Western,39435,2005.0,"Legend of Zorro, The",2.9,5
39444,"Weather Man, The (2005)",Comedy|Drama,39444,2005.0,"Weather Man, The",3.388888888888889,9
39446,Saw II (2005),Horror|Thriller,39446,2005.0,Saw II,2.8076923076923075,13
39449,Prime (2005),Comedy|Drama|Romance,39449,2005.0,Prime,2.6,5
39516,Don't Move (Non ti muovere) (2004),Drama,39516,2004.0,Don't Move (Non ti muovere),4.5,1
39715,American Pie Presents: Band Camp (American Pie 4: Band Camp) (2005),Comedy,39715,2005.0,American Pie Presents: Band Camp (American Pie 4: Band Camp),2.142857142857143,7
39801,"Great Yokai War, The (Yôkai daisensô) (2005)",Adventure|Comedy|Fantasy|Horror,39801,2005.0,"Great Yokai War, The (Yôkai daisensô)",2.75,2
39869,Manderlay (2005),Drama,39869,2005.0,Manderlay,4.125,4
40148,Revolver (2005),Crime|Drama|Thriller,40148,2005.0,Revolver,3.357142857142857,7
40278,Jarhead (2005),Action|Drama|War,40278,2005.0,Jarhead,3.676470588235294,17
40339,Chicken Little (2005),Action|Adventure|Animation|Children|Comedy|Sci-Fi,40339,2005.0,Chicken Little,2.2857142857142856,7
40412,Dead Man's Shoes (2004),Crime|Thriller,40412,2004.0,Dead Man's Shoes,4.75,2
40414,Joyeux Noël (Merry Christmas) (2005),Drama|War,40414,2005.0,Joyeux Noël (Merry Christmas),3.7,5
40478,Night of the Lepus (1972),Horror|Sci-Fi|Thriller,40478,1972.0,Night of the Lepus,2.5,1
40491,"Match Factory Girl, The (Tulitikkutehtaan tyttö) (1990)",Comedy|Drama,40491,1990.0,"Match Factory Girl, The (Tulitikkutehtaan tyttö)",5.0,1
40578,Sword of the Beast (Kedamono no ken) (1965),Action|Drama,40578,1965.0,Sword of the Beast (Kedamono no ken),3.0,1
40581,Just Friends (2005),Comedy|Romance,40581,2005.0,Just Friends,2.9166666666666665,6
40583,Syriana (2005),Drama|Thriller,40583,2005.0,Syriana,3.53125,16
40597,One-Way Ticket to Mombasa (Menolippu Mombasaan) (2002),Comedy|Drama,40597,2002.0,One-Way Ticket to Mombasa (Menolippu Mombasaan),2.0,1
40614,Derailed (2005),Drama|Thriller,40614,2005.0,Derailed,3.25,4
40617,Creep (2004),Horror|Thriller,40617,2004.0,Creep,3.0,1
40629,Pride & Prejudice (2005),Drama|Romance,40629,2005.0,Pride & Prejudice,3.5555555555555554,27
40697,Babylon 5,Sci-Fi,40697,,Babylon 5,2.25,2
40723,Wolf Creek (2005),Crime|Horror|Thriller,40723,2005.0,Wolf Creek,3.25,4
40732,"Descent, The (2005)",Adventure|Drama|Horror|Thriller,40732,2005.0,"Descent, The",3.5454545454545454,11
40815,Harry Potter and the Goblet of Fire (2005),Adventure|Fantasy|Thriller|IMAX,40815,2005.0,Harry Potter and the Goblet of Fire,3.816901408450704,71
40819,Walk the Line (2005),Drama|Musical|Romance,40819,2005.0,Walk the Line,3.7564102564102564,39
40826,Rent (2005),Drama|Musical|Romance,40826,2005.0,Rent,3.15,10
40851,Zathura (2005),Action|Adventure|Children|Fantasy,40851,2005.0,Zathura,3.375,4
40870,C.R.A.Z.Y. (2005),Drama,40870,2005.0,C.R.A.Z.Y.,3.5,2
40946,Sarah Silverman: Jesus Is Magic (2005),Comedy|Musical,40946,2005.0,Sarah Silverman: Jesus Is Magic,2.0,2
40955,Breakfast on Pluto (2005),Comedy|Drama,40955,2005.0,Breakfast on Pluto,3.875,4
40959,"Ice Harvest, The (2005)",Action|Comedy|Crime|Thriller,40959,2005.0,"Ice Harvest, The",3.6666666666666665,3
40962,"Yours, Mine and Ours (2005)",Comedy|Romance,40962,2005.0,"Yours, Mine and Ours",3.3333333333333335,3
40966,"Libertine, The (2004)",Drama,40966,2004.0,"Libertine, The",3.5,1
41014,"Bird with the Crystal Plumage, The (Uccello dalle piume di cristallo, L') (1970)",Crime|Horror|Mystery|Thriller,41014,1970.0,"Bird with the Crystal Plumage, The (Uccello dalle piume di cristallo, L')",4.0,1
41285,Match Point (2005),Crime|Drama|Romance,41285,2005.0,Match Point,3.4411764705882355,17
41527,Paradise Now (2005),Crime|Drama|Thriller|War,41527,2005.0,Paradise Now,4.0,2
41566,"Chronicles of Narnia: The Lion, the Witch and the Wardrobe, The (2005)",Adventure|Children|Fantasy,41566,2005.0,"Chronicles of Narnia: The Lion, the Witch and the Wardrobe, The",3.443548387096774,62
41569,King Kong (2005),Action|Adventure|Drama|Fantasy|Thriller,41569,2005.0,King Kong,3.4,40
41571,Memoirs of a Geisha (2005),Drama|Romance,41571,2005.0,Memoirs of a Geisha,3.5833333333333335,12
41573,"Family Stone, The (2005)",Comedy|Drama|Romance,41573,2005.0,"Family Stone, The",2.875,8
41617,Havoc (2005),Crime|Drama|Romance,41617,2005.0,Havoc,2.75,2
41627,Samurai Rebellion (Jôi-uchi: Hairyô tsuma shimatsu) (1967),Action|Drama,41627,1967.0,Samurai Rebellion (Jôi-uchi: Hairyô tsuma shimatsu),3.5,1
41712,"Room for Romeo Brass, A (1999)",Comedy|Drama,41712,1999.0,"Room for Romeo Brass, A",4.0,1
41716,"Matador, The (2005)",Comedy|Drama|Thriller,41716,2005.0,"Matador, The",3.2142857142857144,7
41724,Wal-Mart: The High Cost of Low Price (2005),Documentary,41724,2005.0,Wal-Mart: The High Cost of Low Price,4.5,1
41769,Mozart and the Whale (2005),Comedy|Drama|Romance,41769,2005.0,Mozart and the Whale,2.5,1
41828,Don't Look Now: We're Being Shot At (La grande vadrouille) (1966),Comedy|War,41828,1966.0,Don't Look Now: We're Being Shot At (La grande vadrouille),4.5,1
41863,"Three Burials of Melquiades Estrada, The (2006)",Adventure|Crime|Drama,41863,2006.0,"Three Burials of Melquiades Estrada, The",4.0,5
41997,Munich (2005),Action|Crime|Drama|Thriller,41997,2005.0,Munich,3.8095238095238093,21
42002,"Producers, The (2005)",Comedy|Musical,42002,2005.0,"Producers, The",3.388888888888889,9
42004,Transamerica (2005),Adventure|Comedy|Drama,42004,2005.0,Transamerica,3.5,6
42007,Rumor Has It... (2005),Comedy|Drama|Romance,42007,2005.0,Rumor Has It...,2.8333333333333335,3
42009,Cheaper by the Dozen 2 (2005),Adventure|Comedy,42009,2005.0,Cheaper by the Dozen 2,1.875,4
42011,Fun with Dick and Jane (2005),Comedy|Crime,42011,2005.0,Fun with Dick and Jane,2.1818181818181817,11
42013,"Ringer, The (2005)",Comedy,42013,2005.0,"Ringer, The",2.75,4
42015,Casanova (2005),Action|Adventure|Comedy|Drama|Romance,42015,2005.0,Casanova,3.0,3
42018,Mrs. Henderson Presents (2005),Comedy|Drama,42018,2005.0,Mrs. Henderson Presents,2.0,2
42176,"Ear, The (Ucho) (1970)",Drama|Thriller,42176,1970.0,"Ear, The (Ucho)",4.0,1
42191,Luxo Jr. (1986),Animation|Children,42191,1986.0,Luxo Jr.,3.75,2
42285,"Dentist, The (1996)",Horror|Thriller,42285,1996.0,"Dentist, The",3.0,1
42418,"New World, The (2005)",Adventure|Drama|Romance,42418,2005.0,"New World, The",3.2,5
42422,Voices of a Distant Star (Hoshi no koe) (2003),Animation|Drama|Romance|Sci-Fi,42422,2003.0,Voices of a Distant Star (Hoshi no koe),4.5,1
42556,7 Faces of Dr. Lao (1964),Fantasy|Mystery|Western,42556,1964.0,7 Faces of Dr. Lao,5.0,1
42559,Samurai Assassin (Samurai) (1965),Action|Adventure|Drama,42559,1965.0,Samurai Assassin (Samurai),3.0,1
42602,"Boys of Baraka, The (2005)",Documentary,42602,2005.0,"Boys of Baraka, The",3.5,1
42632,Lady Vengeance (Sympathy for Lady Vengeance) (Chinjeolhan geumjassi) (2005),Crime|Drama|Mystery|Thriller,42632,2005.0,Lady Vengeance (Sympathy for Lady Vengeance) (Chinjeolhan geumjassi),4.0,5
42638,Grand Theft Parsons (2003),Comedy|Drama,42638,2003.0,Grand Theft Parsons,2.5,1
42718,District 13 (Banlieue 13) (2004),Action|Crime|Sci-Fi,42718,2004.0,District 13 (Banlieue 13),3.8,5
42723,Hostel (2005),Horror,42723,2005.0,Hostel,2.8636363636363638,11
42725,Grandma's Boy (2006),Comedy,42725,2006.0,Grandma's Boy,2.5714285714285716,7
42728,Tristan & Isolde (2006),Drama|Romance,42728,2006.0,Tristan & Isolde,3.6,5
42730,Glory Road (2006),Drama,42730,2006.0,Glory Road,3.75,2
42732,Last Holiday (2006),Comedy,42732,2006.0,Last Holiday,3.5,3
42734,Hoodwinked! (2005),Animation|Children|Comedy,42734,2005.0,Hoodwinked!,3.25,4
42738,Underworld: Evolution (2006),Action|Fantasy|Horror,42738,2006.0,Underworld: Evolution,3.09375,16
42740,Looking for Comedy in the Muslim World (2005),Comedy,42740,2005.0,Looking for Comedy in the Muslim World,3.5,1
42761,Casper Meets Wendy (1998),Adventure|Children|Comedy|Fantasy,42761,1998.0,Casper Meets Wendy,4.5,1
42943,Revolution (1985),Adventure|Drama|War,42943,1985.0,Revolution,2.5,1
42946,Project A ('A' gai waak) (1983),Action|Comedy,42946,1983.0,Project A ('A' gai waak),4.0,2
43289,"Bird People in China, The (Chûgoku no chôjin) (1998)",Adventure|Comedy|Drama|Fantasy,43289,1998.0,"Bird People in China, The (Chûgoku no chôjin)",4.0,1
43333,Water (2005),Drama|Romance,43333,2005.0,Water,3.5,1
43376,Sophie Scholl: The Final Days (Sophie Scholl - Die letzten Tage) (2005),Drama|War,43376,2005.0,Sophie Scholl: The Final Days (Sophie Scholl - Die letzten Tage),4.625,4
43396,"World's Fastest Indian, The (2005)",Drama,43396,2005.0,"World's Fastest Indian, The",3.7857142857142856,7
43419,Bandidas (2006),Action|Comedy|Crime|Western,43419,2006.0,Bandidas,1.0,1
43460,Tristram Shandy: A Cock and Bull Story (2005),Comedy|Drama,43460,2005.0,Tristram Shandy: A Cock and Bull Story,3.3333333333333335,3
43549,Helter Skelter (2004),Action|Crime|Drama|Horror,43549,2004.0,Helter Skelter,3.5,1
43556,Annapolis (2006),Drama,43556,2006.0,Annapolis,2.75,2
43558,Big Momma's House 2 (2006),Action|Comedy|Crime,43558,2006.0,Big Momma's House 2,2.0,1
43560,Nanny McPhee (2005),Children|Comedy|Fantasy,43560,2005.0,Nanny McPhee,3.1666666666666665,6
43677,"Tuskegee Airmen, The (1995)",Drama|War,43677,1995.0,"Tuskegee Airmen, The",2.0,1
43679,Final Destination 3 (2006),Horror|Mystery|Thriller,43679,2006.0,Final Destination 3,2.8333333333333335,9
43684,Something New (2006),Comedy|Drama|Romance,43684,2006.0,Something New,4.5,1
43708,Block Party (a.k.a. Dave Chappelle's Block Party) (2005),Comedy|Documentary,43708,2005.0,Block Party (a.k.a. Dave Chappelle's Block Party),3.1666666666666665,3
43744,Imagine Me & You (2005),Comedy|Drama|Romance,43744,2005.0,Imagine Me & You,3.5,1
43836,"Pink Panther, The (2006)",Adventure|Comedy|Crime,43836,2006.0,"Pink Panther, The",2.857142857142857,7
43869,Curious George (2006),Adventure|Animation|Children|Comedy,43869,2006.0,Curious George,3.5,2
43871,Firewall (2006),Crime|Drama|Thriller,43871,2006.0,Firewall,2.75,8
43904,When a Stranger Calls (2006),Horror|Thriller,43904,2006.0,When a Stranger Calls,1.3,5
43908,London (2005),Drama,43908,2005.0,London,3.0,1
43912,Freedomland (2006),Crime|Drama,43912,2006.0,Freedomland,2.0,1
43914,Winter Passing (2005),Drama,43914,2005.0,Winter Passing,4.0,1
43917,Eight Below (2006),Action|Adventure|Drama|Romance,43917,2006.0,Eight Below,3.0,4
43919,Date Movie (2006),Comedy|Romance,43919,2006.0,Date Movie,0.8333333333333334,3
43921,Running Scared (2006),Action|Crime|Thriller,43921,2006.0,Running Scared,3.3,5
43928,Ultraviolet (2006),Action|Fantasy|Sci-Fi|Thriller,43928,2006.0,Ultraviolet,1.9230769230769231,13
43930,Just My Luck (2006),Comedy|Romance,43930,2006.0,Just My Luck,3.0,1
43932,Pulse (2006),Action|Drama|Fantasy|Horror|Mystery|Sci-Fi|Thriller,43932,2006.0,Pulse,1.75,2
43936,16 Blocks (2006),Crime|Thriller,43936,2006.0,16 Blocks,3.0,9
44004,Failure to Launch (2006),Comedy|Romance,44004,2006.0,Failure to Launch,3.25,6
44020,Ultimate Avengers (2006),Action|Animation|Children|Sci-Fi,44020,2006.0,Ultimate Avengers,2.75,2
44022,Ice Age 2: The Meltdown (2006),Adventure|Animation|Children|Comedy,44022,2006.0,Ice Age 2: The Meltdown,3.217391304347826,23
44189,Ask the Dust (2006),Drama|Romance,44189,2006.0,Ask the Dust,4.0,1
44191,V for Vendetta (2006),Action|Sci-Fi|Thriller|IMAX,44191,2006.0,V for Vendetta,3.885,100
44193,She's the Man (2006),Comedy|Romance,44193,2006.0,She's the Man,3.75,6
44195,Thank You for Smoking (2006),Comedy|Drama,44195,2006.0,Thank You for Smoking,4.027777777777778,36
44197,Find Me Guilty (2006),Comedy|Crime|Drama,44197,2006.0,Find Me Guilty,3.0,1
44199,Inside Man (2006),Crime|Drama|Thriller,44199,2006.0,Inside Man,3.8,40
44204,Tsotsi (2005),Crime|Drama,44204,2005.0,Tsotsi,3.25,4
44225,Aquamarine (2006),Children|Comedy|Fantasy,44225,2006.0,Aquamarine,2.0,2
44238,Leprechaun 2 (1994),Comedy|Fantasy|Horror,44238,1994.0,Leprechaun 2,2.5,1
44241,Leprechaun 3 (1995),Comedy|Fantasy|Horror,44241,1995.0,Leprechaun 3,2.0,1
44243,Leprechaun 4: In Space (1997),Comedy|Fantasy|Horror|Sci-Fi,44243,1997.0,Leprechaun 4: In Space,0.5,1
44301,Lights in the Dusk (Laitakaupungin valot) (2006),Crime|Drama,44301,2006.0,Lights in the Dusk (Laitakaupungin valot),3.5,1
44397,"Hills Have Eyes, The (2006)",Drama|Horror|Thriller,44397,2006.0,"Hills Have Eyes, The",3.0833333333333335,6
44399,"Shaggy Dog, The (2006)",Adventure|Children|Comedy|Fantasy,44399,2006.0,"Shaggy Dog, The",1.25,2
44511,Unknown White Male (2005),Documentary,44511,2005.0,Unknown White Male,3.5,1
44555,"Lives of Others, The (Das leben der Anderen) (2006)",Drama|Romance|Thriller,44555,2006.0,"Lives of Others, The (Das leben der Anderen)",4.117647058823529,34
44597,Youth of the Beast (Yaju no seishun) (1963),Action|Crime|Mystery,44597,1963.0,Youth of the Beast (Yaju no seishun),4.0,1
44613,Take the Lead (2006),Drama,44613,2006.0,Take the Lead,3.75,2
44633,"Devil and Daniel Johnston, The (2005)",Documentary,44633,2005.0,"Devil and Daniel Johnston, The",4.5,1
44657,Mouchette (1967),Drama,44657,1967.0,Mouchette,3.0,1
44665,Lucky Number Slevin (2006),Crime|Drama|Mystery,44665,2006.0,Lucky Number Slevin,3.8552631578947367,38
44694,Volver (2006),Comedy|Drama,44694,2006.0,Volver,3.8125,8
44709,Akeelah and the Bee (2006),Drama,44709,2006.0,Akeelah and the Bee,3.8,5
44719,Brainstorm (2001),Drama,44719,2001.0,Brainstorm,2.5,1
44731,Stay Alive (2006),Horror|Sci-Fi|Thriller,44731,2006.0,Stay Alive,1.3333333333333333,3
44759,Basic Instinct 2 (2006),Crime|Drama|Mystery|Thriller,44759,2006.0,Basic Instinct 2,2.1666666666666665,3
44761,Brick (2005),Crime|Drama|Film-Noir|Mystery,44761,2005.0,Brick,3.875,12
44773,"Dead Hate the Living!, The (2000)",Comedy|Horror,44773,2000.0,"Dead Hate the Living!, The",3.0,1
44777,Evil Aliens (2005),Comedy|Horror|Sci-Fi,44777,2005.0,Evil Aliens,4.5,1
44788,This Film Is Not Yet Rated (2006),Documentary,44788,2006.0,This Film Is Not Yet Rated,3.5,6
44828,Slither (2006),Comedy|Horror|Sci-Fi,44828,2006.0,Slither,3.0,5
44840,"Benchwarmers, The (2006)",Comedy,44840,2006.0,"Benchwarmers, The",2.772727272727273,11
44849,Renaissance (2006),Action|Animation|Film-Noir|Sci-Fi|Thriller,44849,2006.0,Renaissance,2.5,1
44851,Go for Zucker! (Alles auf Zucker!) (2004),Comedy,44851,2004.0,Go for Zucker! (Alles auf Zucker!),5.0,1
44864,Friends with Money (2006),Comedy|Drama|Romance,44864,2006.0,Friends with Money,3.25,4
44889,Reefer Madness: The Movie Musical (2005),Comedy|Drama|Musical,44889,2005.0,Reefer Madness: The Movie Musical,4.75,2
44929,Candy (2006),Drama|Romance,44929,2006.0,Candy,4.25,2
44931,Secrets of a Soul (Geheimnisse einer Seele) (1926),Drama,44931,1926.0,Secrets of a Soul (Geheimnisse einer Seele),4.5,1
44937,"Child, The (L'enfant) (2005)",Crime|Drama,44937,2005.0,"Child, The (L'enfant)",4.0,1
44943,9/11 (2002),Documentary,44943,2002.0,9/11,5.0,1
44972,Scary Movie 4 (2006),Comedy|Horror,44972,2006.0,Scary Movie 4,2.25,12
44974,Hard Candy (2005),Drama|Thriller,44974,2005.0,Hard Candy,3.5,12
45028,"Prairie Home Companion, A (2006)",Comedy|Drama|Musical,45028,2006.0,"Prairie Home Companion, A",3.6666666666666665,6
45062,"Sentinel, The (2006)",Crime|Drama|Thriller,45062,2006.0,"Sentinel, The",2.75,2
45074,"Wild, The (2006)",Adventure|Animation|Children|Comedy|Fantasy,45074,2006.0,"Wild, The",2.5,1
45081,Silent Hill (2006),Fantasy|Horror|Thriller,45081,2006.0,Silent Hill,2.9583333333333335,12
45106,American Dreamz (2006),Comedy|Drama,45106,2006.0,American Dreamz,3.0,1
45175,Kinky Boots (2005),Comedy|Drama,45175,2005.0,Kinky Boots,3.75,4
45183,"Protector, The (a.k.a. Warrior King) (Tom yum goong) (2005)",Action|Comedy|Crime|Thriller,45183,2005.0,"Protector, The (a.k.a. Warrior King) (Tom yum goong)",3.0,1
45186,Mission: Impossible III (2006),Action|Adventure|Thriller,45186,2006.0,Mission: Impossible III,3.5892857142857144,28
45208,RV (2006),Adventure|Children|Comedy,45208,2006.0,RV,2.0,3
45210,United 93 (2006),Crime|Drama,45210,2006.0,United 93,4.142857142857143,7
45221,Stick It (2006),Comedy,45221,2006.0,Stick It,2.5833333333333335,6
45361,"American Haunting, An (2005)",Drama|Horror|Mystery|Thriller,45361,2005.0,"American Haunting, An",1.5,2
45382,Down in the Valley (2005),Drama|Romance,45382,2005.0,Down in the Valley,3.25,2
45431,Over the Hedge (2006),Adventure|Animation|Children|Comedy,45431,2006.0,Over the Hedge,3.4285714285714284,14
45440,Art School Confidential (2006),Comedy|Drama,45440,2006.0,Art School Confidential,3.3333333333333335,6
45442,Poseidon (2006),Action|Adventure|Thriller|IMAX,45442,2006.0,Poseidon,2.875,4
45447,"Da Vinci Code, The (2006)",Drama|Mystery|Thriller,45447,2006.0,"Da Vinci Code, The",3.122448979591837,49
45499,X-Men: The Last Stand (2006),Action|Sci-Fi|Thriller,45499,2006.0,X-Men: The Last Stand,3.355769230769231,52
45501,"Break-Up, The (2006)",Comedy|Drama|Romance,45501,2006.0,"Break-Up, The",2.590909090909091,11
45503,Peaceful Warrior (2006),Drama,45503,2006.0,Peaceful Warrior,5.0,1
45517,Cars (2006),Animation|Children|Comedy,45517,2006.0,Cars,3.3780487804878048,41
45635,"Notorious Bettie Page, The (2005)",Drama,45635,2005.0,"Notorious Bettie Page, The",3.0,2
45648,Game 6 (2005),Comedy|Drama,45648,2005.0,Game 6,2.5,1
45658,On a Clear Day (2005),Drama,45658,2005.0,On a Clear Day,2.0,1
45662,"Omen, The (2006)",Horror|Thriller,45662,2006.0,"Omen, The",2.3,5
45666,Nacho Libre (2006),Comedy,45666,2006.0,Nacho Libre,2.4642857142857144,14
45668,"Lake House, The (2006)",Drama|Fantasy|Romance,45668,2006.0,"Lake House, The",3.1,10
45672,Click (2006),Adventure|Comedy|Drama|Fantasy|Romance,45672,2006.0,Click,2.9782608695652173,23
45720,"Devil Wears Prada, The (2006)",Comedy|Drama,45720,2006.0,"Devil Wears Prada, The",3.5588235294117645,34
45722,Pirates of the Caribbean: Dead Man's Chest (2006),Action|Adventure|Fantasy,45722,2006.0,Pirates of the Caribbean: Dead Man's Chest,3.5069444444444446,72
45726,"You, Me and Dupree (2006)",Comedy,45726,2006.0,"You, Me and Dupree",2.1666666666666665,6
45728,Clerks II (2006),Comedy,45728,2006.0,Clerks II,3.8846153846153846,13
45730,Lady in the Water (2006),Drama|Fantasy|Mystery,45730,2006.0,Lady in the Water,2.8333333333333335,9
45732,My Super Ex-Girlfriend (2006),Comedy|Fantasy|Romance,45732,2006.0,My Super Ex-Girlfriend,1.5833333333333333,6
45880,Marie Antoinette (2006),Drama|Romance,45880,2006.0,Marie Antoinette,3.1923076923076925,13
45928,Who Killed the Electric Car? (2006),Documentary,45928,2006.0,Who Killed the Electric Car?,3.7,5
45950,"Inconvenient Truth, An (2006)",Documentary,45950,2006.0,"Inconvenient Truth, An",3.576923076923077,13
45969,Career Opportunities (1991),Comedy|Romance,45969,1991.0,Career Opportunities,2.5,1
46062,High School Musical (2006),Children|Comedy|Drama|Musical|Romance,46062,2006.0,High School Musical,2.0,3
46105,I Am a Sex Addict (2005),Comedy|Documentary|Romance,46105,2005.0,I Am a Sex Addict,4.5,1
46231,Stoned (2005),Drama,46231,2005.0,Stoned,2.0,1
46322,Jet Li's Fearless (Huo Yuan Jia) (2006),Action|Drama,46322,2006.0,Jet Li's Fearless (Huo Yuan Jia),3.125,8
46335,"Fast and the Furious: Tokyo Drift, The (Fast and the Furious 3, The) (2006)",Action|Crime|Drama|Thriller,46335,2006.0,"Fast and the Furious: Tokyo Drift, The (Fast and the Furious 3, The)",2.090909090909091,11
46337,Garfield: A Tail of Two Kitties (2006),Animation|Children|Comedy,46337,2006.0,Garfield: A Tail of Two Kitties,2.25,2
46347,Metal: A Headbanger's Journey (2005),Documentary,46347,2005.0,Metal: A Headbanger's Journey,4.0,2
46367,"Public Eye, The (1992)",Crime|Thriller,46367,1992.0,"Public Eye, The",2.0,1
46530,Superman Returns (2006),Action|Adventure|Sci-Fi|IMAX,46530,2006.0,Superman Returns,3.08,25
46559,"Road to Guantanamo, The (2006)",Drama|War,46559,2006.0,"Road to Guantanamo, The",3.5,1
46572,Edmond (2005),Drama|Thriller,46572,2005.0,Edmond,3.5,3
46574,"OH in Ohio, The (2006)",Comedy,46574,2006.0,"OH in Ohio, The",2.5,1
46578,Little Miss Sunshine (2006),Adventure|Comedy|Drama,46578,2006.0,Little Miss Sunshine,3.883116883116883,77
46664,"Fallen Idol, The (1948)",Drama|Mystery|Thriller,46664,1948.0,"Fallen Idol, The",2.5,1
46723,Babel (2006),Drama|Thriller,46723,2006.0,Babel,3.5,31
46772,Strangers with Candy (2005),Comedy,46772,2005.0,Strangers with Candy,2.5,1
46850,Wordplay (2006),Documentary,46850,2006.0,Wordplay,4.0,3
46855,Army of Shadows (L'armée des ombres) (1969),Action|Drama|Thriller|War,46855,1969.0,Army of Shadows (L'armée des ombres),4.5,1
46862,Orchestra Rehearsal (Prova d'orchestra) (1978),Drama,46862,1978.0,Orchestra Rehearsal (Prova d'orchestra),3.5,1
46865,Little Man (2006),Comedy,46865,2006.0,Little Man,1.0,1
46948,Monster House (2006),Animation|Children|Fantasy|Mystery,46948,2006.0,Monster House,3.111111111111111,9
46965,Snakes on a Plane (2006),Action|Comedy|Horror|Thriller,46965,2006.0,Snakes on a Plane,2.642857142857143,14
46967,Scoop (2006),Comedy|Fantasy|Mystery,46967,2006.0,Scoop,3.375,4
46970,Talladega Nights: The Ballad of Ricky Bobby (2006),Action|Comedy,46970,2006.0,Talladega Nights: The Ballad of Ricky Bobby,3.25,28
46972,Night at the Museum (2006),Action|Comedy|Fantasy|IMAX,46972,2006.0,Night at the Museum,3.239130434782609,23
46974,World Trade Center (2006),Drama,46974,2006.0,World Trade Center,2.6666666666666665,6
46976,Stranger than Fiction (2006),Comedy|Drama|Fantasy|Romance,46976,2006.0,Stranger than Fiction,3.6931818181818183,44
47044,Miami Vice (2006),Action|Crime|Drama|Thriller,47044,2006.0,Miami Vice,2.75,10
47099,"Pursuit of Happyness, The (2006)",Drama,47099,2006.0,"Pursuit of Happyness, The",3.7934782608695654,46
47122,John Tucker Must Die (2006),Comedy|Romance,47122,2006.0,John Tucker Must Die,2.7222222222222223,9
47124,"Ant Bully, The (2006)",Adventure|Animation|Children|Comedy|Fantasy|IMAX,47124,2006.0,"Ant Bully, The",3.25,2
47200,Crank (2006),Action|Thriller,47200,2006.0,Crank,3.4285714285714284,14
47202,"Secret Life of Words, The (2005)",Drama|Romance,47202,2005.0,"Secret Life of Words, The",4.0,1
47254,Chaos (2005),Action|Crime|Drama|Thriller,47254,2005.0,Chaos,3.5,1
47261,"Night Listener, The (2006)",Fantasy|Mystery|Thriller,47261,2006.0,"Night Listener, The",2.8333333333333335,3
47382,Step Up (2006),Drama|Romance,47382,2006.0,Step Up,3.5,4
47384,Zoom (2006),Adventure|Comedy|Drama|Fantasy,47384,2006.0,Zoom,2.5,1
47404,Mind Game (2004),Adventure|Animation|Comedy|Fantasy|Romance|Sci-Fi,47404,2004.0,Mind Game,4.25,2
47423,Half Nelson (2006),Drama,47423,2006.0,Half Nelson,4.0,5
47446,"Moustache, La (2005)",Drama|Mystery|Thriller,47446,2005.0,"Moustache, La",3.5,1
47465,Tideland (2005),Drama|Fantasy|Thriller,47465,2005.0,Tideland,3.0,3
47491,Adam's Apples (Adams æbler) (2005),Comedy|Drama,47491,2005.0,Adam's Apples (Adams æbler),4.166666666666667,3
47516,Material Girls (2006),Children|Comedy|Drama,47516,2006.0,Material Girls,2.0,1
47518,Accepted (2006),Comedy,47518,2006.0,Accepted,2.9285714285714284,14
47538,Crime Busters (1977),Action|Adventure|Comedy|Crime,47538,1977.0,Crime Busters,2.5,1
47566,Born to Kill (1947),Crime|Drama|Film-Noir,47566,1947.0,Born to Kill,4.0,1
47610,"Illusionist, The (2006)",Drama|Fantasy|Mystery|Romance,47610,2006.0,"Illusionist, The",3.7790697674418605,43
47629,The Queen (2006),Drama,47629,2006.0,The Queen,3.730769230769231,13
47640,Beerfest (2006),Comedy,47640,2006.0,Beerfest,3.5,6
47644,Invincible (2006),Drama,47644,2006.0,Invincible,3.0,7
47646,Idlewild (2006),Crime|Drama|Musical,47646,2006.0,Idlewild,4.0,1
47721,"Red Balloon, The (Ballon rouge, Le) (1956)",Children|Fantasy,47721,1956.0,"Red Balloon, The (Ballon rouge, Le)",3.5,1
47725,Angel-A (2005),Comedy|Drama|Fantasy|Romance,47725,2005.0,Angel-A,3.5,3
47736,"Chump at Oxford, A (1940)",Comedy,47736,1940.0,"Chump at Oxford, A",5.0,1
47774,"Icicle Thief, The (Ladri di saponette) (1989)",Comedy|Fantasy,47774,1989.0,"Icicle Thief, The (Ladri di saponette)",3.0,1
47793,"Puffy Chair, The (2006)",Drama|Romance,47793,2006.0,"Puffy Chair, The",2.5,1
47810,"Wicker Man, The (2006)",Horror|Mystery|Thriller,47810,2006.0,"Wicker Man, The",1.0,4
47894,"Wind That Shakes the Barley, The (2006)",Drama|War,47894,2006.0,"Wind That Shakes the Barley, The",3.75,4
47937,Severance (2006),Comedy|Horror|Thriller,47937,2006.0,Severance,3.0,1
47950,Hollywoodland (2006),Crime|Drama|Mystery|Thriller,47950,2006.0,Hollywoodland,3.2,5
47952,"Covenant, The (2006)",Action|Horror|Thriller,47952,2006.0,"Covenant, The",3.0,1
47970,"Last Kiss, The (2006)",Comedy|Drama,47970,2006.0,"Last Kiss, The",3.8333333333333335,3
47978,SherryBaby (2006),Drama,47978,2006.0,SherryBaby,2.5,1
47997,Idiocracy (2006),Adventure|Comedy|Sci-Fi|Thriller,47997,2006.0,Idiocracy,3.7222222222222223,18
47999,Jesus Camp (2006),Documentary|Drama,47999,2006.0,Jesus Camp,4.071428571428571,7
48001,"Bow, The (Hwal) (2005)",Drama|Romance,48001,2005.0,"Bow, The (Hwal)",4.0,1
48032,"Tiger and the Snow, The (La tigre e la neve) (2005)",Comedy|Drama|Romance|War,48032,2005.0,"Tiger and the Snow, The (La tigre e la neve)",4.0,1
48043,"Fountain, The (2006)",Drama|Fantasy|Romance,48043,2006.0,"Fountain, The",3.5,14
48045,Fear City: A Family-Style Comedy (La cité de la peur) (1994),Comedy,48045,1994.0,Fear City: A Family-Style Comedy (La cité de la peur),4.0,1
48082,"Science of Sleep, The (La science des rêves) (2006)",Comedy|Drama|Fantasy|Romance,48082,2006.0,"Science of Sleep, The (La science des rêves)",3.8636363636363638,11
48142,"Black Dahlia, The (2006)",Crime|Drama|Mystery|Thriller,48142,2006.0,"Black Dahlia, The",3.25,6
48150,"Woods, The (2006)",Horror,48150,2006.0,"Woods, The",3.0,1
48161,Gridiron Gang (2006),Drama,48161,2006.0,Gridiron Gang,3.0,2
48214,Land of Plenty (Angst and Alienation in America) (2004),Drama,48214,2004.0,Land of Plenty (Angst and Alienation in America),3.5,1
48262,"Bridge, The (2006)",Documentary,48262,2006.0,"Bridge, The",4.0,1
48304,Apocalypto (2006),Adventure|Drama|Thriller,48304,2006.0,Apocalypto,3.6052631578947367,19
48319,Flyboys (2006),Action|Adventure|Drama|War,48319,2006.0,Flyboys,2.0,1
48322,Jackass Number Two (2006),Comedy|Documentary,48322,2006.0,Jackass Number Two,3.5714285714285716,7
48326,All the King's Men (2006),Drama,48326,2006.0,All the King's Men,3.0,3
48342,Conversations with Other Women (2005),Comedy|Drama|Romance,48342,2005.0,Conversations with Other Women,4.0,2
48385,Borat: Cultural Learnings of America for Make Benefit Glorious Nation of Kazakhstan (2006),Comedy,48385,2006.0,Borat: Cultural Learnings of America for Make Benefit Glorious Nation of Kazakhstan,3.3461538461538463,65
48394,"Pan's Labyrinth (Laberinto del fauno, El) (2006)",Drama|Fantasy|Thriller,48394,2006.0,"Pan's Labyrinth (Laberinto del fauno, El)",3.814814814814815,81
48412,"Guardian, The (2006)",Action|Adventure|Drama,48412,2006.0,"Guardian, The",3.0,4
48414,Open Season (2006),Adventure|Animation|Children|Comedy|IMAX,48414,2006.0,Open Season,3.0,2
48416,School for Scoundrels (2006),Comedy|Crime,48416,2006.0,School for Scoundrels,2.5,1
48516,"Departed, The (2006)",Crime|Drama|Thriller,48516,2006.0,"Departed, The",4.252336448598131,107
48518,"Texas Chainsaw Massacre: The Beginning, The (2006)",Horror|Thriller,48518,2006.0,"Texas Chainsaw Massacre: The Beginning, The",2.5,2
48520,Employee of the Month (2006),Comedy,48520,2006.0,Employee of the Month,2.8333333333333335,6
48560,Running With Scissors (2006),Comedy|Drama,48560,2006.0,Running With Scissors,2.5,1
48593,Man of the Year (2006),Comedy|Thriller,48593,2006.0,Man of the Year,2.5,3
48596,"Marine, The (2006)",Action|Drama|Thriller,48596,2006.0,"Marine, The",2.75,2
48598,Infamous (2006),Drama,48598,2006.0,Infamous,3.75,2
48638,Fellini's Casanova (Il Casanova di Federico Fellini) (1976),Drama|Romance,48638,1976.0,Fellini's Casanova (Il Casanova di Federico Fellini),3.5,2
48649,Chapayev (1934),Drama|War,48649,1934.0,Chapayev,4.5,1
48678,Feast (2005),Action|Comedy|Horror|Thriller,48678,2005.0,Feast,2.75,2
48696,Little Children (2006),Drama|Romance,48696,2006.0,Little Children,3.875,4
48698,Deliver Us from Evil (2006),Documentary,48698,2006.0,Deliver Us from Evil,4.5,2
48738,"Last King of Scotland, The (2006)",Drama|Thriller,48738,2006.0,"Last King of Scotland, The",3.975,20
48741,"U.S. vs. John Lennon, The (2006)",Documentary,48741,2006.0,"U.S. vs. John Lennon, The",4.0,1
48744,Shortbus (2006),Comedy|Drama|Romance,48744,2006.0,Shortbus,4.0,3
48774,Children of Men (2006),Action|Adventure|Drama|Sci-Fi|Thriller,48774,2006.0,Children of Men,3.9453125,64
48780,"Prestige, The (2006)",Drama|Mystery|Sci-Fi|Thriller,48780,2006.0,"Prestige, The",4.0055555555555555,90
48783,Flags of Our Fathers (2006),Drama|War,48783,2006.0,Flags of Our Fathers,3.4545454545454546,11
48872,13 Tzameti (2005),Film-Noir|Thriller,48872,2005.0,13 Tzameti,4.5,1
48877,Saw III (2006),Crime|Horror|Thriller,48877,2006.0,Saw III,3.0454545454545454,11
48879,Catch a Fire (2006),Drama|Thriller,48879,2006.0,Catch a Fire,3.25,2
48883,Death of a President (2006),Crime|Drama|Mystery|Thriller,48883,2006.0,Death of a President,3.25,2
48982,Flushed Away (2006),Animation|Comedy,48982,2006.0,Flushed Away,3.5,7
48997,Perfume: The Story of a Murderer (2006),Crime|Drama|Thriller,48997,2006.0,Perfume: The Story of a Murderer,3.25,8
49013,"Santa Clause 3: The Escape Clause, The (2006)",Comedy|Fantasy,49013,2006.0,"Santa Clause 3: The Escape Clause, The",2.75,2
49110,Mom and Dad Save the World (1992),Comedy|Sci-Fi,49110,1992.0,Mom and Dad Save the World,2.0,1
49130,"Good Year, A (2006)",Comedy|Drama|Romance,49130,2006.0,"Good Year, A",3.6666666666666665,3
49132,Shut Up & Sing (2006),Documentary,49132,2006.0,Shut Up & Sing,3.0,3
49220,For Your Consideration (2006),Comedy,49220,2006.0,For Your Consideration,2.375,4
49263,Fuck (2005),Comedy|Documentary,49263,2005.0,Fuck,3.0,1
49265,Shooting Dogs (a.k.a. Beyond the Gates) (2005),Documentary|Drama|War,49265,2005.0,Shooting Dogs (a.k.a. Beyond the Gates),4.0,1
49272,Casino Royale (2006),Action|Adventure|Thriller,49272,2006.0,Casino Royale,3.9444444444444446,81
49274,Happy Feet (2006),Adventure|Animation|Children|Comedy|IMAX,49274,2006.0,Happy Feet,2.6818181818181817,11
49276,Let's Go to Prison (2006),Comedy,49276,2006.0,Let's Go to Prison,1.3333333333333333,3
49278,Déjà Vu (Deja Vu) (2006),Action|Sci-Fi|Thriller,49278,2006.0,Déjà Vu (Deja Vu),3.3,20
49280,Bobby (2006),Drama,49280,2006.0,Bobby,3.8333333333333335,3
49284,10 Items or Less (2006),Comedy|Drama|Romance,49284,2006.0,10 Items or Less,2.6666666666666665,3
49286,"Holiday, The (2006)",Comedy|Romance,49286,2006.0,"Holiday, The",3.2083333333333335,24
49314,Harsh Times (2006),Action|Crime|Drama,49314,2006.0,Harsh Times,3.0,1
49347,Fast Food Nation (2006),Drama,49347,2006.0,Fast Food Nation,3.8333333333333335,3
49389,The Great Train Robbery (1903),Crime|Western,49389,1903.0,The Great Train Robbery,2.5,2
49396,Tenacious D in The Pick of Destiny (2006),Adventure|Comedy|Musical,49396,2006.0,Tenacious D in The Pick of Destiny,3.4444444444444446,9
49524,"Nativity Story, The (2006)",Drama,49524,2006.0,"Nativity Story, The",3.5,2
49530,Blood Diamond (2006),Action|Adventure|Crime|Drama|Thriller|War,49530,2006.0,Blood Diamond,3.7641509433962264,53
49647,Charlotte's Web (2006),Children|Comedy|Drama|Fantasy,49647,2006.0,Charlotte's Web,3.3333333333333335,3
49649,Eragon (2006),Action|Adventure|Fantasy,49649,2006.0,Eragon,2.3333333333333335,12
49651,Rocky Balboa (2006),Action|Drama,49651,2006.0,Rocky Balboa,3.3214285714285716,14
49666,Fur: An Imaginary Portrait of Diane Arbus (2006),Drama|Fantasy|Romance,49666,2006.0,Fur: An Imaginary Portrait of Diane Arbus,3.0,1
49688,"Dam Busters, The (1955)",Action|Drama|War,49688,1955.0,"Dam Busters, The",4.0,1
49735,Another Gay Movie (2006),Comedy,49735,2006.0,Another Gay Movie,3.5,1
49772,"Painted Veil, The (2006)",Drama|Romance,49772,2006.0,"Painted Veil, The",4.0,4
49793,We Are Marshall (2006),Drama,49793,2006.0,We Are Marshall,3.75,2
49822,"Good Shepherd, The (2006)",Drama|Thriller,49822,2006.0,"Good Shepherd, The",3.142857142857143,7
49824,Dreamgirls (2006),Drama|Musical,49824,2006.0,Dreamgirls,3.1,5
49910,Freedom Writers (2007),Drama,49910,2007.0,Freedom Writers,3.75,4
49917,When the Levees Broke: A Requiem in Four Acts (2006),Documentary,49917,2006.0,When the Levees Broke: A Requiem in Four Acts,4.0,1
49932,Inland Empire (2006),Drama|Mystery|Thriller,49932,2006.0,Inland Empire,3.6666666666666665,6
49957,"History Boys, The (2006)",Comedy|Drama,49957,2006.0,"History Boys, The",3.0,2
49961,Notes on a Scandal (2006),Drama,49961,2006.0,Notes on a Scandal,3.75,4
50003,DOA: Dead or Alive (2006),Action|Adventure,50003,2006.0,DOA: Dead or Alive,2.0,2
50005,Curse of the Golden Flower (Man cheng jin dai huang jin jia) (2006),Action|Drama,50005,2006.0,Curse of the Golden Flower (Man cheng jin dai huang jin jia),2.5,3
50064,"Good German, The (2006)",Drama|Mystery|Thriller,50064,2006.0,"Good German, The",3.0,1
50068,Letters from Iwo Jima (2006),Drama|War,50068,2006.0,Letters from Iwo Jima,3.7058823529411766,17
50147,Black Christmas (2006),Action|Horror|Thriller,50147,2006.0,Black Christmas,2.0,1
50158,Stomp the Yard (2007),Drama|Musical,50158,2007.0,Stomp the Yard,2.5,2
50160,Miss Potter (2006),Drama,50160,2006.0,Miss Potter,3.75,2
50189,American Pie Presents The Naked Mile (American Pie 5: The Naked Mile) (2006),Comedy|Romance,50189,2006.0,American Pie Presents The Naked Mile (American Pie 5: The Naked Mile),1.1666666666666667,3
50274,Venus (2006),Drama|Romance,50274,2006.0,Venus,3.5,2
50354,The Return of Don Camillo (1953),Comedy,50354,1953.0,The Return of Don Camillo,3.0,1
50356,The Little World of Don Camillo (1952),Comedy,50356,1952.0,The Little World of Don Camillo,3.0,1
50440,Primeval (2007),Horror|Thriller,50440,2007.0,Primeval,2.0,1
50442,Alpha Dog (2007),Crime|Drama,50442,2007.0,Alpha Dog,3.125,8
50445,"Hitcher, The (2007)",Action|Horror|Thriller,50445,2007.0,"Hitcher, The",2.5,2
50514,After the Wedding (Efter brylluppet) (2006),Drama,50514,2006.0,After the Wedding (Efter brylluppet),3.5,1
50601,Bridge to Terabithia (2007),Adventure|Children|Fantasy,50601,2007.0,Bridge to Terabithia,2.7777777777777777,9
50610,Beer League (2006),Comedy,50610,2006.0,Beer League,4.0,1
50613,Dead Meat (2004),Horror,50613,2004.0,Dead Meat,4.5,1
50658,49 Up (2005),Documentary,50658,2005.0,49 Up,4.0,2
50685,Waitress (2007),Comedy|Drama|Romance,50685,2007.0,Waitress,3.8333333333333335,6
50740,Seven Up! (1964),Documentary,50740,1964.0,Seven Up!,3.8333333333333335,3
50792,Catch and Release (2006),Comedy|Drama|Romance,50792,2006.0,Catch and Release,2.25,2
50794,Smokin' Aces (2006),Action|Crime|Drama|Thriller,50794,2006.0,Smokin' Aces,3.1,10
50796,Blood and Chocolate (2007),Drama|Fantasy|Horror|Romance,50796,2007.0,Blood and Chocolate,2.0,2
50798,Epic Movie (2007),Adventure|Comedy,50798,2007.0,Epic Movie,1.125,4
50800,"Messengers, The (2007)",Drama|Horror|Thriller,50800,2007.0,"Messengers, The",2.5,2
50802,Because I Said So (2007),Comedy|Drama|Romance,50802,2007.0,Because I Said So,3.0,3
50804,Hannibal Rising (2007),Drama|Horror|Thriller,50804,2007.0,Hannibal Rising,3.5,3
50806,Norbit (2007),Comedy|Romance,50806,2007.0,Norbit,1.0,1
50842,"Boss of It All, The (Direktøren for det hele) (2006)",Comedy|Drama,50842,2006.0,"Boss of It All, The (Direktøren for det hele)",4.5,2
50851,Cocaine Cowboys (2006),Documentary,50851,2006.0,Cocaine Cowboys,4.5,2
50872,Ratatouille (2007),Animation|Children|Drama,50872,2007.0,Ratatouille,3.8680555555555554,72
50912,"Paris, I Love You (Paris, je t'aime) (2006)",Romance,50912,2006.0,"Paris, I Love You (Paris, je t'aime)",2.9375,8
50923,"Astronaut Farmer, The (2007)",Drama,50923,2007.0,"Astronaut Farmer, The",2.25,2
50942,"Wake Up, Ron Burgundy (2004)",Comedy,50942,2004.0,"Wake Up, Ron Burgundy",3.5,1
50954,It's a Boy Girl Thing (2006),Comedy|Romance,50954,2006.0,It's a Boy Girl Thing,1.0,2
50999,"Ugly Duckling and Me!, The (2006)",Animation|Comedy,50999,2006.0,"Ugly Duckling and Me!, The",5.0,1
51024,The Odyssey (1997),Adventure|Drama|Fantasy,51024,1997.0,The Odyssey,3.1666666666666665,3
51037,Unknown (2006),Drama|Mystery|Thriller,51037,2006.0,Unknown,3.0,4
51077,Ghost Rider (2007),Action|Fantasy|Thriller,51077,2007.0,Ghost Rider,2.25,12
51080,Breach (2007),Drama|Thriller,51080,2007.0,Breach,3.5625,8
51082,Tyler Perry's Daddy's Little Girls (2007),Comedy|Romance,51082,2007.0,Tyler Perry's Daddy's Little Girls,2.0,1
51084,Music and Lyrics (2007),Comedy|Romance,51084,2007.0,Music and Lyrics,3.1,10
51086,"Number 23, The (2007)",Drama|Mystery|Thriller,51086,2007.0,"Number 23, The",2.9285714285714284,14
51088,Reno 911!: Miami (2007),Comedy,51088,2007.0,Reno 911!: Miami,3.0,2
51091,Black Snake Moan (2006),Drama,51091,2006.0,Black Snake Moan,3.5,4
51167,My Father and My Son (Babam ve oglum) (2005),Drama,51167,2005.0,My Father and My Son (Babam ve oglum),4.5,1
51174,Factory Girl (2006),Drama,51174,2006.0,Factory Girl,3.5,1
51255,Hot Fuzz (2007),Action|Comedy|Crime|Mystery,51255,2007.0,Hot Fuzz,4.0,61
51314,Golden Door (Nuovomondo) (2006),Adventure|Drama|Romance,51314,2006.0,Golden Door (Nuovomondo),4.5,1
51357,Citizen X (1995),Crime|Drama|Thriller,51357,1995.0,Citizen X,4.0,1
51412,Next (2007),Action|Sci-Fi|Thriller,51412,2007.0,Next,2.8214285714285716,14
51471,Amazing Grace (2006),Drama|Romance,51471,2006.0,Amazing Grace,3.0,1
51498,2001 Maniacs (2005),Comedy|Horror,51498,2005.0,2001 Maniacs,3.25,2
51540,Zodiac (2007),Crime|Drama|Thriller,51540,2007.0,Zodiac,3.710526315789474,38
51545,Pusher III: I'm the Angel of Death (2005),Action|Comedy|Drama|Horror|Thriller,51545,2005.0,Pusher III: I'm the Angel of Death,2.5,1
51562,Babylon 5: The Gathering (1993),Sci-Fi,51562,1993.0,Babylon 5: The Gathering,4.0,1
51573,Meshes of the Afternoon (1943),Fantasy,51573,1943.0,Meshes of the Afternoon,3.0,1
51575,Wild Hogs (2007),Adventure|Comedy,51575,2007.0,Wild Hogs,2.3,5
51662,300 (2007),Action|Fantasy|War|IMAX,51662,2007.0,300,3.68125,80
51666,"Abandoned, The (2006)",Horror|Mystery|Thriller,51666,2006.0,"Abandoned, The",2.0,1
51694,Starter for 10 (2006),Drama|Romance,51694,2006.0,Starter for 10,3.5,1
51698,"Last Mimzy, The (2007)",Adventure|Children|Sci-Fi,51698,2007.0,"Last Mimzy, The",3.0,2
51705,Priceless (Hors de prix) (2006),Comedy|Romance,51705,2006.0,Priceless (Hors de prix),4.25,2
51709,"Host, The (Gwoemul) (2006)",Comedy|Drama|Horror|Sci-Fi|Thriller,51709,2006.0,"Host, The (Gwoemul)",4.0,7
51834,Becoming Jane (2007),Drama|Romance,51834,2007.0,Becoming Jane,2.9166666666666665,6
51884,"Namesake, The (2006)",Drama|Romance,51884,2006.0,"Namesake, The",3.6666666666666665,3
51903,I Think I Love My Wife (2007),Comedy|Drama|Romance,51903,2007.0,I Think I Love My Wife,2.5,1
51925,Premonition (2007),Drama|Fantasy|Mystery|Thriller,51925,2007.0,Premonition,3.5,3
51927,Dead Silence (2007),Horror|Mystery|Thriller,51927,2007.0,Dead Silence,3.25,2
51931,Reign Over Me (2007),Drama,51931,2007.0,Reign Over Me,4.1,5
51933,Pride (2007),Drama,51933,2007.0,Pride,2.5,1
51935,Shooter (2007),Action|Drama|Thriller,51935,2007.0,Shooter,3.86,25
51937,"Hills Have Eyes II, The (2007)",Horror|Thriller,51937,2007.0,"Hills Have Eyes II, The",2.5,2
51939,TMNT (Teenage Mutant Ninja Turtles) (2007),Action|Adventure|Animation|Children|Comedy|Fantasy,51939,2007.0,TMNT (Teenage Mutant Ninja Turtles),3.0833333333333335,6
52042,Black Book (Zwartboek) (2006),Drama|Thriller|War,52042,2006.0,Black Book (Zwartboek),2.5,1
52241,"Lookout, The (2007)",Crime|Drama|Thriller,52241,2007.0,"Lookout, The",3.25,6
52245,Blades of Glory (2007),Comedy|Romance,52245,2007.0,Blades of Glory,3.088235294117647,17
52279,Are We Done Yet? (2007),Comedy,52279,2007.0,Are We Done Yet?,1.5,1
52281,Grindhouse (2007),Action|Crime|Horror|Sci-Fi|Thriller,52281,2007.0,Grindhouse,3.425925925925926,27
52283,"Reaping, The (2007)",Horror|Thriller,52283,2007.0,"Reaping, The",2.5,3
52287,Meet the Robinsons (2007),Action|Adventure|Animation|Children|Comedy|Sci-Fi,52287,2007.0,Meet the Robinsons,3.5454545454545454,11
52299,American Hardcore (2006),Documentary,52299,2006.0,American Hardcore,3.5,1
52319,Inglorious Bastards (Quel maledetto treno blindato) (1978),Action|Adventure|Drama|War,52319,1978.0,Inglorious Bastards (Quel maledetto treno blindato),3.5714285714285716,7
52328,Sunshine (2007),Adventure|Drama|Sci-Fi|Thriller,52328,2007.0,Sunshine,3.642857142857143,14
52375,"Hoax, The (2007)",Crime|Drama,52375,2007.0,"Hoax, The",3.5,2
52435,How the Grinch Stole Christmas! (1966),Animation|Comedy|Fantasy|Musical,52435,1966.0,How the Grinch Stole Christmas!,3.590909090909091,11
52458,Disturbia (2007),Drama|Thriller,52458,2007.0,Disturbia,3.15,10
52462,Aqua Teen Hunger Force Colon Movie Film for Theaters (2007),Action|Adventure|Animation|Comedy|Fantasy|Mystery|Sci-Fi,52462,2007.0,Aqua Teen Hunger Force Colon Movie Film for Theaters,3.0,1
52579,"Vie en Rose, La (Môme, La) (2007)",Drama|Musical,52579,2007.0,"Vie en Rose, La (Môme, La)",3.25,2
52604,Fracture (2007),Crime|Drama|Mystery|Thriller,52604,2007.0,Fracture,3.6666666666666665,12
52644,Vacancy (2007),Horror|Thriller,52644,2007.0,Vacancy,3.75,2
52668,In the Land of Women (2007),Comedy|Drama|Romance,52668,2007.0,In the Land of Women,4.0,2
52694,Mr. Bean's Holiday (2007),Comedy,52694,2007.0,Mr. Bean's Holiday,2.875,4
52712,"Invisible, The (2007)",Crime|Drama|Fantasy|Mystery|Thriller,52712,2007.0,"Invisible, The",2.3333333333333335,3
52715,Kickin It Old Skool (2007),Comedy,52715,2007.0,Kickin It Old Skool,2.0,1
52722,Spider-Man 3 (2007),Action|Adventure|Sci-Fi|Thriller|IMAX,52722,2007.0,Spider-Man 3,3.0,44
52724,Lucky You (2007),Comedy|Drama,52724,2007.0,Lucky You,3.0,1
52730,It's a Very Merry Muppet Christmas Movie (2002),Children|Comedy,52730,2002.0,It's a Very Merry Muppet Christmas Movie,1.5,2
52767,21 Up (1977),Documentary,52767,1977.0,21 Up,4.0,3
52784,Sharkwater (2006),Documentary,52784,2006.0,Sharkwater,4.0,1
52831,Maniac Cop (1988),Action|Crime|Horror|Thriller,52831,1988.0,Maniac Cop,3.5,1
52867,"Ex, The (2007)",Comedy|Romance,52867,2007.0,"Ex, The",4.0,1
52885,Paprika (Papurika) (2006),Animation|Mystery|Sci-Fi,52885,2006.0,Paprika (Papurika),3.7777777777777777,9
52950,Day Watch (Dnevnoy dozor) (2006),Action|Fantasy|Horror|Thriller,52950,2006.0,Day Watch (Dnevnoy dozor),2.5,2
52952,This Is England (2006),Drama,52952,2006.0,This Is England,4.0,8
52967,Away from Her (2006),Drama,52967,2006.0,Away from Her,3.625,4
52973,Knocked Up (2007),Comedy|Drama|Romance,52973,2007.0,Knocked Up,3.6538461538461537,52
52975,Hairspray (2007),Comedy|Drama|Musical,52975,2007.0,Hairspray,3.5,15
53000,28 Weeks Later (2007),Horror|Sci-Fi|Thriller,53000,2007.0,28 Weeks Later,3.5952380952380953,21
53022,Wheels on Meals (Kuai can che) (1984),Action|Comedy|Crime|Romance,53022,1984.0,Wheels on Meals (Kuai can che),3.75,2
53024,Jonestown: The Life and Death of Peoples Temple (2006),Documentary,53024,2006.0,Jonestown: The Life and Death of Peoples Temple,3.875,4
53121,Shrek the Third (2007),Adventure|Animation|Children|Comedy|Fantasy,53121,2007.0,Shrek the Third,3.0238095238095237,21
53123,Once (2006),Drama|Musical|Romance,53123,2006.0,Once,3.9444444444444446,9
53125,Pirates of the Caribbean: At World's End (2007),Action|Adventure|Comedy|Fantasy,53125,2007.0,Pirates of the Caribbean: At World's End,3.4375,56
53127,Bug (2007),Drama|Horror|Thriller,53127,2007.0,Bug,2.875,4
53129,Mr. Brooks (2007),Crime|Drama|Thriller,53129,2007.0,Mr. Brooks,4.0,7
53138,"Librarian: Return to King Solomon's Mines, The (2006)",Action|Adventure|Fantasy,53138,2006.0,"Librarian: Return to King Solomon's Mines, The",3.5,2
53140,"Librarian: Quest for the Spear, The (2004)",Action|Adventure|Comedy|Fantasy|Romance,53140,2004.0,"Librarian: Quest for the Spear, The",3.75,2
53143,Fay Grim (2006),Action|Thriller,53143,2006.0,Fay Grim,2.0,1
53161,"I'm a Cyborg, But That's OK (Saibogujiman kwenchana) (2006)",Comedy|Drama|Romance|Sci-Fi,53161,2006.0,"I'm a Cyborg, But That's OK (Saibogujiman kwenchana)",3.0,2
53280,"Breed, The (2006)",Horror|Thriller,53280,2006.0,"Breed, The",5.0,1
53318,Cashback (2006),Comedy|Drama|Romance,53318,2006.0,Cashback,3.25,4
53322,Ocean's Thirteen (2007),Crime|Thriller,53322,2007.0,Ocean's Thirteen,3.484848484848485,33
53326,Them (Ils) (2006),Horror,53326,2006.0,Them (Ils),2.0,1
53355,Sun Alley (Sonnenallee) (1999),Comedy|Romance,53355,1999.0,Sun Alley (Sonnenallee),5.0,1
53435,Hostel: Part II (2007),Crime|Horror|Thriller,53435,2007.0,Hostel: Part II,2.0,4
53447,Paranoid Park (2007),Crime|Drama,53447,2007.0,Paranoid Park,4.0,1
53450,"Legend of Sleepy Hollow, The (1980)",Comedy|Fantasy|Horror,53450,1980.0,"Legend of Sleepy Hollow, The",1.5,1
53453,Starcrash (a.k.a. Star Crash) (1978),Action|Adventure|Fantasy|Sci-Fi,53453,1978.0,Starcrash (a.k.a. Star Crash),0.5,1
53460,Surf's Up (2007),Animation|Children|Comedy,53460,2007.0,Surf's Up,3.5,7
53464,Fantastic Four: Rise of the Silver Surfer (2007),Action|Adventure|Sci-Fi,53464,2007.0,Fantastic Four: Rise of the Silver Surfer,2.575,20
53466,Nancy Drew (2007),Adventure|Crime|Thriller,53466,2007.0,Nancy Drew,2.8333333333333335,3
53468,Fido (2006),Comedy|Horror|Thriller,53468,2006.0,Fido,3.2857142857142856,7
53519,Death Proof (2007),Action|Adventure|Crime|Horror|Thriller,53519,2007.0,Death Proof,3.1346153846153846,26
53550,Rescue Dawn (2006),Action|Adventure|Drama|War,53550,2006.0,Rescue Dawn,3.3333333333333335,3
53574,"TV Set, The (2006)",Comedy|Drama,53574,2006.0,"TV Set, The",4.0,2
53578,"Valet, The (La doublure) (2006)",Comedy,53578,2006.0,"Valet, The (La doublure)",5.0,1
53808,Bring It On: All or Nothing (2006),Comedy,53808,2006.0,Bring It On: All or Nothing,2.0,1
53883,"Power of Nightmares, The: The Rise of the Politics of Fear (2004)",Documentary,53883,2004.0,"Power of Nightmares, The: The Rise of the Politics of Fear",4.5,1
53894,Sicko (2007),Documentary|Drama,53894,2007.0,Sicko,3.7142857142857144,14
53921,"Mighty Heart, A (2007)",Drama|Thriller,53921,2007.0,"Mighty Heart, A",3.5,1
53953,1408 (2007),Drama|Horror|Thriller,53953,2007.0,1408,3.16,25
53956,Death at a Funeral (2007),Comedy,53956,2007.0,Death at a Funeral,3.25,4
53972,Live Free or Die Hard (2007),Action|Adventure|Crime|Thriller,53972,2007.0,Live Free or Die Hard,3.40625,32
53974,License to Wed (2007),Comedy|Romance,53974,2007.0,License to Wed,2.3333333333333335,3
53993,Evan Almighty (2007),Comedy|Fantasy,53993,2007.0,Evan Almighty,2.5384615384615383,13
53996,Transformers (2007),Action|Sci-Fi|Thriller|IMAX,53996,2007.0,Transformers,3.3461538461538463,39
54001,Harry Potter and the Order of the Phoenix (2007),Adventure|Drama|Fantasy|IMAX,54001,2007.0,Harry Potter and the Order of the Phoenix,3.8620689655172415,58
54004,I Now Pronounce You Chuck and Larry (2007),Comedy|Romance,54004,2007.0,I Now Pronounce You Chuck and Larry,3.4545454545454546,11
54116,First Snow (2006),Drama|Thriller,54116,2006.0,First Snow,3.25,2
54121,Broken Arrow (1950),Drama|Romance|Western,54121,1950.0,Broken Arrow,3.0,1
54185,Manufactured Landscapes (2006),Documentary,54185,2006.0,Manufactured Landscapes,3.75,2
54190,Across the Universe (2007),Drama|Fantasy|Musical|Romance,54190,2007.0,Across the Universe,4.045454545454546,11
54256,Hot Rod (2007),Comedy,54256,2007.0,Hot Rod,3.142857142857143,7
54259,Stardust (2007),Adventure|Comedy|Fantasy|Romance,54259,2007.0,Stardust,3.6029411764705883,34
54272,"Simpsons Movie, The (2007)",Animation|Comedy,54272,2007.0,"Simpsons Movie, The",3.619565217391304,46
54274,I Know Who Killed Me (2007),Crime|Drama|Thriller,54274,2007.0,I Know Who Killed Me,0.5,1
54276,No Reservations (2007),Comedy|Drama|Romance,54276,2007.0,No Reservations,3.25,2
54281,Charlie Bartlett (2007),Comedy|Drama,54281,2007.0,Charlie Bartlett,3.5,5
54286,"Bourne Ultimatum, The (2007)",Action|Crime|Thriller,54286,2007.0,"Bourne Ultimatum, The",3.697530864197531,81
54354,China Blue (2005),Documentary,54354,2005.0,China Blue,4.0,1
54372,Tell No One (Ne le dis à personne) (2006),Crime|Drama|Mystery|Thriller,54372,2006.0,Tell No One (Ne le dis à personne),3.8333333333333335,3
54503,Superbad (2007),Comedy,54503,2007.0,Superbad,3.8636363636363638,55
54617,"Brice Man, The (Brice de Nice) (2005)",Comedy,54617,2005.0,"Brice Man, The (Brice de Nice)",3.5,1
54648,Rush Hour 3 (2007),Action|Comedy|Crime|Thriller,54648,2007.0,Rush Hour 3,2.7,5
54686,"Last Legion, The (2007)",Action|Adventure|Fantasy|War,54686,2007.0,"Last Legion, The",3.0,1
54732,Balls of Fury (2007),Comedy,54732,2007.0,Balls of Fury,2.8333333333333335,3
54734,Sydney White (2007),Comedy,54734,2007.0,Sydney White,2.5,2
54736,"Kingdom, The (2007)",Action|Drama|Thriller,54736,2007.0,"Kingdom, The",3.8125,8
54745,Rocket Science (2007),Comedy|Drama,54745,2007.0,Rocket Science,3.25,2
54768,Daddy Day Camp (2007),Children|Comedy,54768,2007.0,Daddy Day Camp,0.5,1
54771,"Invasion, The (2007)",Action|Drama|Horror|Sci-Fi|Thriller,54771,2007.0,"Invasion, The",3.0,2
54780,"Nanny Diaries, The (2007)",Comedy|Drama|Romance,54780,2007.0,"Nanny Diaries, The",3.1666666666666665,3
54785,Halloween (2007),Horror,54785,2007.0,Halloween,3.25,4
54787,Death Sentence (2007),Drama|Thriller,54787,2007.0,Death Sentence,3.5,1
54796,2 Days in Paris (2007),Comedy|Drama|Romance,54796,2007.0,2 Days in Paris,3.5,1
54881,"King of Kong, The (2007)",Documentary,54881,2007.0,"King of Kong, The",3.9166666666666665,12
54908,Taxi 4 (2007),Action|Comedy,54908,2007.0,Taxi 4,2.0,1
54910,Behind the Mask: The Rise of Leslie Vernon (2006),Comedy|Horror|Thriller,54910,2006.0,Behind the Mask: The Rise of Leslie Vernon,4.0,1
54934,"Brothers Solomon, The (2007)",Comedy,54934,2007.0,"Brothers Solomon, The",0.5,1
54962,"Nines, The (2007)",Drama|Mystery,54962,2007.0,"Nines, The",2.5,1
54995,Planet Terror (2007),Action|Horror|Sci-Fi,54995,2007.0,Planet Terror,3.7954545454545454,22
54997,3:10 to Yuma (2007),Action|Crime|Drama|Western,54997,2007.0,3:10 to Yuma,4.06,25
54999,Shoot 'Em Up (2007),Action|Comedy|Crime,54999,2007.0,Shoot 'Em Up,3.4583333333333335,12
55020,"Ten, The (2007)",Comedy,55020,2007.0,"Ten, The",4.5,1
55036,Gotti (1996),Crime|Drama,55036,1996.0,Gotti,2.5,1
55052,Atonement (2007),Drama|Romance|War,55052,2007.0,Atonement,3.5384615384615383,13
55061,Electroma (2006),Drama|Sci-Fi,55061,2006.0,Electroma,1.0,1
55067,Requiem (2006),Drama|Thriller,55067,2006.0,Requiem,3.5,1
55069,"4 Months, 3 Weeks and 2 Days (4 luni, 3 saptamâni si 2 zile) (2007)",Drama,55069,2007.0,"4 Months, 3 Weeks and 2 Days (4 luni, 3 saptamâni si 2 zile)",4.0,3
55071,No End in Sight (2007),Documentary,55071,2007.0,No End in Sight,4.0,1
55080,"Brave One, The (2007)",Crime|Drama|Thriller,55080,2007.0,"Brave One, The",3.25,2
55094,In the Valley of Elah (2007),Drama|Mystery,55094,2007.0,In the Valley of Elah,3.5,3
55110,December Boys (2007),Drama,55110,2007.0,December Boys,3.0,1
55112,Shanghai Kiss (2007),Comedy|Drama|Romance,55112,2007.0,Shanghai Kiss,4.0,1
55116,"Hunting Party, The (2007)",Action|Adventure|Comedy|Drama|Thriller,55116,2007.0,"Hunting Party, The",2.6666666666666665,3
55118,Eastern Promises (2007),Crime|Drama|Thriller,55118,2007.0,Eastern Promises,4.026315789473684,19
55156,"Unreasonable Man, An (2006)",Documentary,55156,2006.0,"Unreasonable Man, An",4.0,1
55167,Tekkonkinkreet (Tekkon kinkurîto) (2006),Action|Adventure|Animation|Crime|Fantasy,55167,2006.0,Tekkonkinkreet (Tekkon kinkurîto),4.625,4
55190,Love and Other Disasters (2006),Comedy|Romance,55190,2006.0,Love and Other Disasters,3.0,1
55205,Interview (2007),Drama,55205,2007.0,Interview,2.5,1
55207,Cashback (2004),Comedy|Drama,55207,2004.0,Cashback,3.0,1
55232,Resident Evil: Extinction (2007),Action|Horror|Sci-Fi|Thriller,55232,2007.0,Resident Evil: Extinction,2.95,10
55241,Mr. Woodcock (2007),Comedy,55241,2007.0,Mr. Woodcock,2.6666666666666665,3
55245,Good Luck Chuck (2007),Comedy|Romance,55245,2007.0,Good Luck Chuck,3.25,4
55247,Into the Wild (2007),Action|Adventure|Drama,55247,2007.0,Into the Wild,3.902439024390244,41
55250,"Game Plan, The (2007)",Comedy,55250,2007.0,"Game Plan, The",2.6666666666666665,3
55253,"Lust, Caution (Se, jie) (2007)",Drama|Romance|Thriller|War,55253,2007.0,"Lust, Caution (Se, jie)",3.75,4
55259,"Seeker: The Dark Is Rising, The (2007)",Action|Adventure|Drama|Fantasy,55259,2007.0,"Seeker: The Dark Is Rising, The",1.0,1
55261,"Heartbreak Kid, The (2007)",Comedy|Drama|Romance,55261,2007.0,"Heartbreak Kid, The",2.5,8
55267,Dan in Real Life (2007),Comedy|Drama|Romance,55267,2007.0,Dan in Real Life,3.388888888888889,9
55269,"Darjeeling Limited, The (2007)",Adventure|Comedy|Drama,55269,2007.0,"Darjeeling Limited, The",3.4285714285714284,21
55272,We Own the Night (2007),Crime|Drama,55272,2007.0,We Own the Night,3.75,2
55274,Elizabeth: The Golden Age (2007),Drama,55274,2007.0,Elizabeth: The Golden Age,2.75,2
55276,Michael Clayton (2007),Drama|Thriller,55276,2007.0,Michael Clayton,3.911764705882353,17
55278,Sleuth (2007),Drama|Mystery|Thriller,55278,2007.0,Sleuth,4.25,2
55280,Lars and the Real Girl (2007),Comedy|Drama,55280,2007.0,Lars and the Real Girl,3.5625,8
55282,30 Days of Night (2007),Horror|Thriller,55282,2007.0,30 Days of Night,3.1818181818181817,11
55290,Gone Baby Gone (2007),Crime|Drama|Mystery,55290,2007.0,Gone Baby Gone,3.45,20
55292,"Comebacks, The (2007)",Comedy,55292,2007.0,"Comebacks, The",0.75,2
55294,Weirdsville (2007),Comedy|Crime|Drama,55294,2007.0,Weirdsville,2.5,1
55363,"Assassination of Jesse James by the Coward Robert Ford, The (2007)",Crime|Drama|Western,55363,2007.0,"Assassination of Jesse James by the Coward Robert Ford, The",4.1,10
55391,10th & Wolf (2006),Crime|Drama|Thriller,55391,2006.0,10th & Wolf,4.5,1
55442,Persepolis (2007),Animation|Drama,55442,2007.0,Persepolis,4.181818181818182,11
55444,Control (2007),Drama,55444,2007.0,Control,4.166666666666667,3
55451,The Jane Austen Book Club (2007),Comedy|Drama|Romance,55451,2007.0,The Jane Austen Book Club,3.5,2
55492,"Last Winter, The (2006)",Horror,55492,2006.0,"Last Winter, The",4.0,1
55553,Black Sheep (2006),Comedy|Horror,55553,2006.0,Black Sheep,2.3333333333333335,3
55555,"Edge of Heaven, The (Auf der anderen Seite) (2007)",Drama,55555,2007.0,"Edge of Heaven, The (Auf der anderen Seite)",3.5,1
55577,Saw IV (2007),Crime|Horror|Thriller,55577,2007.0,Saw IV,3.2,5
55620,For the Bible Tells Me So (2007),Documentary,55620,2007.0,For the Bible Tells Me So,3.25,2
55687,My Kid Could Paint That (2007),Documentary,55687,2007.0,My Kid Could Paint That,4.5,1
55721,Elite Squad (Tropa de Elite) (2007),Action|Crime|Drama|Thriller,55721,2007.0,Elite Squad (Tropa de Elite),4.3,10
55729,King of California (2007),Comedy,55729,2007.0,King of California,3.0,1
55765,American Gangster (2007),Crime|Drama|Thriller,55765,2007.0,American Gangster,3.9054054054054053,37
55768,Bee Movie (2007),Animation|Comedy,55768,2007.0,Bee Movie,3.15,10
55805,Before the Devil Knows You're Dead (2007),Crime|Drama|Thriller,55805,2007.0,Before the Devil Knows You're Dead,3.0,1
55814,"Diving Bell and the Butterfly, The (Scaphandre et le papillon, Le) (2007)",Drama,55814,2007.0,"Diving Bell and the Butterfly, The (Scaphandre et le papillon, Le)",4.1,5
55820,No Country for Old Men (2007),Crime|Drama,55820,2007.0,No Country for Old Men,3.8984375,64
55830,Be Kind Rewind (2008),Comedy,55830,2008.0,Be Kind Rewind,3.4,10
55844,Itty Bitty Titty Committee (2007),Comedy|Drama|Romance,55844,2007.0,Itty Bitty Titty Committee,3.5,1
55854,"Fugitive, The (1947)",Drama,55854,1947.0,"Fugitive, The",3.0,1
55872,August Rush (2007),Drama|Musical,55872,2007.0,August Rush,3.5,6
55908,"Man from Earth, The (2007)",Drama|Sci-Fi,55908,2007.0,"Man from Earth, The",4.1875,8
55946,Lions For Lambs (2007),Drama|Thriller|War,55946,2007.0,Lions For Lambs,4.0,2
55995,Beowulf (2007),Action|Adventure|Animation|Fantasy|IMAX,55995,2007.0,Beowulf,2.5625,8
56003,Southland Tales (2006),Comedy|Drama|Sci-Fi|Thriller,56003,2006.0,Southland Tales,3.0,2
56012,"Evening with Kevin Smith 2: Evening Harder, An (2006)",Comedy|Documentary,56012,2006.0,"Evening with Kevin Smith 2: Evening Harder, An",2.75,2
56022,Harrison Bergeron (1995),Drama|Sci-Fi,56022,1995.0,Harrison Bergeron,2.0,1
56060,I Served the King of England (Obsluhoval jsem anglického krále) (2006),Comedy|Drama|Romance|War,56060,2006.0,I Served the King of England (Obsluhoval jsem anglického krále),4.5,1
56145,"Mist, The (2007)",Horror|Sci-Fi,56145,2007.0,"Mist, The",3.4285714285714284,14
56152,Enchanted (2007),Adventure|Animation|Children|Comedy|Fantasy|Musical|Romance,56152,2007.0,Enchanted,3.676470588235294,17
56156,Hitman (2007),Action|Crime|Thriller,56156,2007.0,Hitman,3.2857142857142856,7
56169,Awake (2007),Drama|Thriller,56169,2007.0,Awake,4.0,1
56171,"Golden Compass, The (2007)",Adventure|Children|Fantasy,56171,2007.0,"Golden Compass, The",3.111111111111111,18
56174,I Am Legend (2007),Action|Horror|Sci-Fi|Thriller|IMAX,56174,2007.0,I Am Legend,3.4838709677419355,62
56176,Alvin and the Chipmunks (2007),Children|Comedy,56176,2007.0,Alvin and the Chipmunks,1.5,3
56251,Futurama: Bender's Big Score (2007),Animation|Comedy|Sci-Fi,56251,2007.0,Futurama: Bender's Big Score,3.9,10
56274,Margot at the Wedding (2007),Drama,56274,2007.0,Margot at the Wedding,3.0,1
56286,I'm Not There (2007),Drama,56286,2007.0,I'm Not There,3.5,2
56333,"Savages, The (2007)",Comedy|Drama,56333,2007.0,"Savages, The",3.5,1
56336,Wrong Turn 2: Dead End (2007),Action|Horror|Thriller,56336,2007.0,Wrong Turn 2: Dead End,3.0,2
56339,"Orphanage, The (Orfanato, El) (2007)",Drama|Horror|Mystery|Thriller,56339,2007.0,"Orphanage, The (Orfanato, El)",3.875,8
56367,Juno (2007),Comedy|Drama|Romance,56367,2007.0,Juno,3.769230769230769,65
56379,"Maxed Out: Hard Times, Easy Credit and the Era of Predatory Lenders (2006)",Documentary,56379,2006.0,"Maxed Out: Hard Times, Easy Credit and the Era of Predatory Lenders",3.0,2
56389,My Blueberry Nights (2007),Drama|Romance,56389,2007.0,My Blueberry Nights,4.0,1
56563,Helvetica (2007),Documentary,56563,2007.0,Helvetica,3.25,4
56587,"Bucket List, The (2007)",Comedy|Drama,56587,2007.0,"Bucket List, The",3.230769230769231,13
56607,"Kite Runner, The (2007)",Drama,56607,2007.0,"Kite Runner, The",3.3333333333333335,3
56620,"Deaths of Ian Stone, The (2007)",Horror|Thriller,56620,2007.0,"Deaths of Ian Stone, The",3.0,1
56715,Wristcutters: A Love Story (2006),Drama|Fantasy|Romance,56715,2006.0,Wristcutters: A Love Story,4.0,6
56757,Sweeney Todd: The Demon Barber of Fleet Street (2007),Drama|Horror|Musical|Thriller,56757,2007.0,Sweeney Todd: The Demon Barber of Fleet Street,3.716666666666667,30
56775,National Treasure: Book of Secrets (2007),Action|Adventure,56775,2007.0,National Treasure: Book of Secrets,3.0416666666666665,24
56782,There Will Be Blood (2007),Drama|Western,56782,2007.0,There Will Be Blood,4.142857142857143,28
56788,Charlie Wilson's War (2007),Comedy|Drama|War,56788,2007.0,Charlie Wilson's War,3.375,8
56801,AVPR: Aliens vs. Predator - Requiem (2007),Action|Horror|Sci-Fi,56801,2007.0,AVPR: Aliens vs. Predator - Requiem,2.5833333333333335,6
56805,Walk Hard: The Dewey Cox Story (2007),Comedy|Musical,56805,2007.0,Walk Hard: The Dewey Cox Story,3.3,5
56837,As You Like It (2006),Comedy|Drama|Romance,56837,2006.0,As You Like It,3.0,1
56869,Drained (O cheiro do Ralo) (2006),Comedy,56869,2006.0,Drained (O cheiro do Ralo),4.0,1
56908,Dedication (2007),Comedy|Drama|Romance,56908,2007.0,Dedication,4.0,1
56915,"Water Horse: Legend of the Deep, The (2007)",Adventure|Children|Fantasy,56915,2007.0,"Water Horse: Legend of the Deep, The",4.0,1
56921,Battlestar Galactica: Razor (2007),Action|Drama|Sci-Fi|Thriller,56921,2007.0,Battlestar Galactica: Razor,3.8,5
56941,P.S. I Love You (2007),Comedy|Drama|Romance,56941,2007.0,P.S. I Love You,3.090909090909091,11
56949,27 Dresses (2008),Comedy|Romance,56949,2008.0,27 Dresses,3.3,20
57147,Cassandra's Dream (2007),Crime|Drama|Thriller,57147,2007.0,Cassandra's Dream,4.0,1
57183,Like Stars on Earth (Taare Zameen Par) (2007),Drama,57183,2007.0,Like Stars on Earth (Taare Zameen Par),4.5,2
57243,"Band's Visit, The (Bikur Ha-Tizmoret) (2007)",Comedy|Drama,57243,2007.0,"Band's Visit, The (Bikur Ha-Tizmoret)",3.5,3
57274,[REC] (2007),Drama|Horror|Thriller,57274,2007.0,[REC],4.0625,8
57326,In the Name of the King: A Dungeon Siege Tale (2008),Action|Adventure|Fantasy,57326,2008.0,In the Name of the King: A Dungeon Siege Tale,0.5,1
57368,Cloverfield (2008),Action|Mystery|Sci-Fi|Thriller,57368,2008.0,Cloverfield,3.3518518518518516,27
57421,Hatchet (2006),Comedy|Horror,57421,2006.0,Hatchet,4.0,1
57499,Heaven and Earth (Ten to Chi to) (1990),Action|Adventure|Drama|War,57499,1990.0,Heaven and Earth (Ten to Chi to),3.0,1
57502,Cat Soup (Nekojiru-so) (2001),Adventure|Animation|Drama|Horror,57502,2001.0,Cat Soup (Nekojiru-so),4.0,1
57504,"Girl Who Leapt Through Time, The (Toki o kakeru shôjo) (2006)",Animation|Comedy|Drama|Romance|Sci-Fi,57504,2006.0,"Girl Who Leapt Through Time, The (Toki o kakeru shôjo)",4.1,10
57522,First Sunday (2008),Comedy|Crime,57522,2008.0,First Sunday,3.5,1
57526,Untraceable (2008),Crime|Thriller,57526,2008.0,Untraceable,3.0,1
57528,Rambo (Rambo 4) (2008),Action|Drama|Thriller|War,57528,2008.0,Rambo (Rambo 4),3.2777777777777777,9
57532,Meet the Spartans (2008),Comedy,57532,2008.0,Meet the Spartans,2.5,3
57536,Strange Wilderness (2008),Comedy,57536,2008.0,Strange Wilderness,3.25,2
57637,"Signal, The (2007)",Horror|Sci-Fi|Thriller,57637,2007.0,"Signal, The",3.5,1
57640,Hellboy II: The Golden Army (2008),Action|Adventure|Fantasy|Sci-Fi,57640,2008.0,Hellboy II: The Golden Army,3.8055555555555554,18
57669,In Bruges (2008),Comedy|Crime|Drama|Thriller,57669,2008.0,In Bruges,4.158536585365853,41
57772,World on a Wire (Welt am Draht) (1973),Crime|Sci-Fi,57772,1973.0,World on a Wire (Welt am Draht),3.75,2
57843,Rise of the Footsoldier (2007),Action|Crime|Drama,57843,2007.0,Rise of the Footsoldier,4.5,1
57910,Teeth (2007),Comedy|Horror,57910,2007.0,Teeth,2.0,1
57951,Fool's Gold (2008),Action|Adventure|Comedy|Romance,57951,2008.0,Fool's Gold,2.3333333333333335,3
58025,Jumper (2008),Action|Adventure|Drama|Sci-Fi|Thriller,58025,2008.0,Jumper,3.0,18
58047,"Definitely, Maybe (2008)",Comedy|Drama|Romance,58047,2008.0,"Definitely, Maybe",3.4285714285714284,14
58078,"Air I Breathe, The (2007)",Crime|Drama|Romance|Thriller,58078,2007.0,"Air I Breathe, The",3.0,1
58103,Vantage Point (2008),Action|Drama|Thriller,58103,2008.0,Vantage Point,3.4166666666666665,6
58105,"Spiderwick Chronicles, The (2008)",Adventure|Children|Drama|Fantasy|IMAX,58105,2008.0,"Spiderwick Chronicles, The",3.4,5
58107,Step Up 2 the Streets (2008),Drama|Musical|Romance,58107,2008.0,Step Up 2 the Streets,3.25,2
58154,"Other Boleyn Girl, The (2008)",Drama|Romance,58154,2008.0,"Other Boleyn Girl, The",3.7857142857142856,7
58156,Semi-Pro (2008),Comedy,58156,2008.0,Semi-Pro,2.9,10
58162,Run Fatboy Run (2007),Comedy|Romance,58162,2007.0,Run Fatboy Run,3.0,7
58191,Taxi to the Dark Side (2007),Documentary,58191,2007.0,Taxi to the Dark Side,4.0,1
58287,Descent (2007),Drama|Thriller,58287,2007.0,Descent,1.0,1
58291,College Road Trip (2008),Comedy,58291,2008.0,College Road Trip,4.5,1
58293,"10,000 BC (2008)",Adventure|Romance|Thriller,58293,2008.0,"10,000 BC",2.7058823529411766,17
58295,"Bank Job, The (2008)",Action|Crime|Thriller,58295,2008.0,"Bank Job, The",3.6153846153846154,13
58297,Doomsday (2008),Action|Drama|Sci-Fi|Thriller,58297,2008.0,Doomsday,4.0,1
58299,Horton Hears a Who! (2008),Adventure|Animation|Children|Comedy,58299,2008.0,Horton Hears a Who!,3.4375,8
58301,Funny Games U.S. (2007),Drama|Thriller,58301,2007.0,Funny Games U.S.,4.375,4
58303,"Counterfeiters, The (Die Fälscher) (2007)",Crime|Drama|War,58303,2007.0,"Counterfeiters, The (Die Fälscher)",3.3333333333333335,3
58306,Mongol (2007),Drama|War,58306,2007.0,Mongol,2.5,1
58309,War Dance (2007),Documentary,58309,2007.0,War Dance,4.5,1
58315,"Love Guru, The (2008)",Comedy,58315,2008.0,"Love Guru, The",2.125,4
58332,Diary of the Dead (2007),Horror|Sci-Fi,58332,2007.0,Diary of the Dead,2.8333333333333335,3
58347,Penelope (2006),Comedy|Fantasy|Romance,58347,2006.0,Penelope,3.5,4
58351,City of Men (Cidade dos Homens) (2007),Drama,58351,2007.0,City of Men (Cidade dos Homens),4.0,1
58376,Zeitgeist: The Movie (2007),Documentary|War,58376,2007.0,Zeitgeist: The Movie,3.75,2
58404,Justice League: The New Frontier (2008) ,Action|Adventure|Animation|Fantasy|Sci-Fi,58404,2008.0,Justice League: The New Frontier,2.75,2
58425,Heima (2007),Documentary,58425,2007.0,Heima,4.166666666666667,3
58492,Snow Angels (2007),Drama,58492,2007.0,Snow Angels,3.0,1
58554,"Class, The (Klass) (2007)",Drama,58554,2007.0,"Class, The (Klass)",3.5,2
58559,"Dark Knight, The (2008)",Action|Crime|Drama|IMAX,58559,2008.0,"Dark Knight, The",4.238255033557047,149
58627,Never Back Down (2008),Action,58627,2008.0,Never Back Down,3.5,1
58655,Drillbit Taylor (2008),Comedy,58655,2008.0,Drillbit Taylor,3.5,2
58783,Youth Without Youth (2007),Drama|Romance|Sci-Fi,58783,2007.0,Youth Without Youth,2.5,1
58803,21 (2008),Crime|Drama|Romance|Thriller,58803,2008.0,21,3.75,18
58806,Smart People (2008),Comedy|Drama|Romance,58806,2008.0,Smart People,2.75,2
58826,"Shepherd: Border Patrol, The (2008)",Action|Crime|Thriller,58826,2008.0,"Shepherd: Border Patrol, The",2.5,1
58839,Leatherheads (2008),Comedy|Drama|Romance,58839,2008.0,Leatherheads,2.375,4
58842,Assembly (Ji jie hao) (2007) ,Action|Drama|War,58842,2007.0,Assembly (Ji jie hao),4.5,1
58870,Zebraman (2004),Comedy,58870,2004.0,Zebraman,3.5,2
58876,Stop-Loss (2008),Drama|War,58876,2008.0,Stop-Loss,3.25,2
58879,Shine a Light (2008),Documentary|Musical|IMAX,58879,2008.0,Shine a Light,3.5,1
58964,Inside (À l'intérieur) (2007),Horror|Thriller,58964,2007.0,Inside (À l'intérieur),4.0,1
58972,Nim's Island (2008),Adventure|Comedy|Fantasy,58972,2008.0,Nim's Island,3.0,2
58975,"Ruins, The (2008)",Horror|Thriller,58975,2008.0,"Ruins, The",3.5,1
58998,Forgetting Sarah Marshall (2008),Comedy|Romance,58998,2008.0,Forgetting Sarah Marshall,3.769230769230769,39
59014,Superhero Movie (2008),Action|Comedy|Sci-Fi,59014,2008.0,Superhero Movie,2.0,3
59016,Street Kings (2008),Crime|Drama|Thriller,59016,2008.0,Street Kings,2.5,1
59018,"Visitor, The (2007)",Drama|Romance,59018,2007.0,"Visitor, The",4.5,1
59022,Harold & Kumar Escape from Guantanamo Bay (2008),Adventure|Comedy,59022,2008.0,Harold & Kumar Escape from Guantanamo Bay,3.3076923076923075,13
59026,99 francs (2007),Comedy,59026,2007.0,99 francs,4.0,1
59037,Speed Racer (2008),Action|Children|Sci-Fi|IMAX,59037,2008.0,Speed Racer,3.1666666666666665,3
59103,"Forbidden Kingdom, The (2008)",Action|Adventure|Comedy|Fantasy,59103,2008.0,"Forbidden Kingdom, The",3.8333333333333335,3
59118,Happy-Go-Lucky (2008),Comedy|Drama,59118,2008.0,Happy-Go-Lucky,3.5,1
59126,Religulous (2008),Comedy|Documentary,59126,2008.0,Religulous,3.8,5
59129,Outpost (2008),Action|Horror,59129,2008.0,Outpost,2.0,2
59131,Are You Scared? (2006),Horror,59131,2006.0,Are You Scared?,3.5,1
59141,Son of Rambow (2007),Children|Comedy|Drama,59141,2007.0,Son of Rambow,4.666666666666667,3
59143,Super High Me (2007),Comedy|Documentary,59143,2007.0,Super High Me,4.25,2
59220,Outsourced (2006),Comedy|Romance,59220,2006.0,Outsourced,3.5,1
59258,Baby Mama (2008),Comedy,59258,2008.0,Baby Mama,3.1363636363636362,11
59295,Expelled: No Intelligence Allowed (2008),Documentary,59295,2008.0,Expelled: No Intelligence Allowed,1.0,1
59306,Prom Night (2008),Horror|Mystery|Thriller,59306,2008.0,Prom Night,0.75,2
59315,Iron Man (2008),Action|Adventure|Sci-Fi,59315,2008.0,Iron Man,3.824468085106383,94
59333,Made of Honor (2008),Comedy|Romance,59333,2008.0,Made of Honor,2.875,4
59336,Redbelt (2008),Action|Drama,59336,2008.0,Redbelt,3.0,1
59369,Taken (2008),Action|Crime|Drama|Thriller,59369,2008.0,Taken,3.619047619047619,42
59387,"Fall, The (2006)",Adventure|Drama|Fantasy,59387,2006.0,"Fall, The",3.9545454545454546,11
59421,What Happens in Vegas... (2008),Comedy|Romance,59421,2008.0,What Happens in Vegas...,2.75,8
59429,American Pie Presents Beta House (American Pie 6: Beta House) (2007),Comedy,59429,2007.0,American Pie Presents Beta House (American Pie 6: Beta House),2.75,2
59440,Bella (2006),Drama|Romance,59440,2006.0,Bella,3.5,1
59501,"Chronicles of Narnia: Prince Caspian, The (2008)",Adventure|Children|Fantasy,59501,2008.0,"Chronicles of Narnia: Prince Caspian, The",3.5416666666666665,12
59549,Shelter (2007),Drama|Romance,59549,2007.0,Shelter,4.0,1
59604,"Girl Next Door, The (2007)",Crime|Drama|Horror|Thriller,59604,2007.0,"Girl Next Door, The",3.75,2
59615,Indiana Jones and the Kingdom of the Crystal Skull (2008),Action|Adventure|Comedy|Sci-Fi,59615,2008.0,Indiana Jones and the Kingdom of the Crystal Skull,2.8333333333333335,39
59667,Nina's Heavenly Delights (2006),Comedy,59667,2006.0,Nina's Heavenly Delights,4.0,1
59725,Sex and the City (2008),Comedy|Romance,59725,2008.0,Sex and the City,2.409090909090909,11
59727,"Strangers, The (2008)",Horror|Thriller,59727,2008.0,"Strangers, The",3.1666666666666665,3
59731,"Bigger, Stronger, Faster* (2008)",Documentary,59731,2008.0,"Bigger, Stronger, Faster*",3.5,1
59738,All the Boys Love Mandy Lane (2006),Horror|Mystery|Thriller,59738,2006.0,All the Boys Love Mandy Lane,3.0,1
59784,Kung Fu Panda (2008),Action|Animation|Children|Comedy|IMAX,59784,2008.0,Kung Fu Panda,3.4444444444444446,54
59810,Recount (2008),Drama,59810,2008.0,Recount,3.5,1
59814,Ex Drummer (2007),Comedy|Crime|Drama|Horror,59814,2007.0,Ex Drummer,5.0,1
59900,You Don't Mess with the Zohan (2008),Comedy,59900,2008.0,You Don't Mess with the Zohan,2.8666666666666667,15
59915,Stuck (2007),Horror|Thriller,59915,2007.0,Stuck,3.5,1
59947,"Protector, The (1985)",Action|Comedy|Drama|Thriller,59947,1985.0,"Protector, The",2.0,1
59985,Chaos Theory (2007),Comedy|Drama|Romance,59985,2007.0,Chaos Theory,4.0,1
59995,Boy A (2007),Crime|Drama,59995,2007.0,Boy A,4.0,1
60030,Spiral (2007),Drama|Horror|Thriller,60030,2007.0,Spiral,4.5,1
60037,"Happening, The (2008)",Drama|Sci-Fi|Thriller,60037,2008.0,"Happening, The",3.0,5
60040,"Incredible Hulk, The (2008)",Action|Sci-Fi,60040,2008.0,"Incredible Hulk, The",3.1714285714285713,35
60046,"Children of Huang Shi, The (2008)",Drama|War,60046,2008.0,"Children of Huang Shi, The",3.5,1
60069,WALL·E (2008),Adventure|Animation|Children|Romance|Sci-Fi,60069,2008.0,WALL·E,4.0576923076923075,104
60072,Wanted (2008),Action|Thriller,60072,2008.0,Wanted,3.159090909090909,22
60074,Hancock (2008),Action|Adventure|Comedy|Crime|Fantasy,60074,2008.0,Hancock,3.0344827586206895,29
60126,Get Smart (2008),Action|Comedy,60126,2008.0,Get Smart,3.46875,16
60128,Young People Fucking (a.k.a. YPF) (2007),Comedy,60128,2007.0,Young People Fucking (a.k.a. YPF),2.25,2
60141,St. Trinian's (2007),Children|Comedy,60141,2007.0,St. Trinian's,2.5,1
60161,Futurama: The Beast with a Billion Backs (2008),Action|Animation|Comedy|Romance|Sci-Fi,60161,2008.0,Futurama: The Beast with a Billion Backs,3.5,6
60289,Kit Kittredge: An American Girl (2008),Children|Comedy|Drama|Mystery,60289,2008.0,Kit Kittredge: An American Girl,3.0,2
60291,Gonzo: The Life and Work of Dr. Hunter S. Thompson (2008),Documentary,60291,2008.0,Gonzo: The Life and Work of Dr. Hunter S. Thompson,3.75,2
60293,"Wackness, The (2008)",Comedy|Drama|Romance,60293,2008.0,"Wackness, The",4.0,3
60303,Strange Circus (Kimyô na sâkasu) (2005),Horror|Mystery|Thriller,60303,2005.0,Strange Circus (Kimyô na sâkasu),4.0,1
60333,Encounters at the End of the World (2008),Documentary,60333,2008.0,Encounters at the End of the World,4.5,3
60363,Zombie Strippers! (2008),Comedy|Horror,60363,2008.0,Zombie Strippers!,0.5,1
60365,Frosty the Snowman (1969),Animation|Children|Comedy|Fantasy|Musical,60365,1969.0,Frosty the Snowman,1.5,1
60389,Battle for Haditha (2007),War,60389,2007.0,Battle for Haditha,4.0,1
60397,Mamma Mia! (2008),Comedy|Musical|Romance,60397,2008.0,Mamma Mia!,2.9642857142857144,14
60408,Welcome to the Sticks (Bienvenue chez les Ch'tis) (2008),Comedy,60408,2008.0,Welcome to the Sticks (Bienvenue chez les Ch'tis),4.5,2
60471,Rogue (2007),Action|Adventure|Horror|Sci-Fi|Thriller,60471,2007.0,Rogue,3.5,1
60487,"It's the Great Pumpkin, Charlie Brown (1966)",Animation|Children|Comedy,60487,1966.0,"It's the Great Pumpkin, Charlie Brown",3.8,5
60514,Journey to the Center of the Earth (2008),Action|Adventure|Sci-Fi,60514,2008.0,Journey to the Center of the Earth,2.5,5
60516,Meet Dave (2008),Adventure|Children|Comedy|Romance|Sci-Fi,60516,2008.0,Meet Dave,3.5,2
60522,"Machine Girl, The (Kataude mashin gâru) (2008)",Action|Comedy|Fantasy|Horror|Thriller,60522,2008.0,"Machine Girl, The (Kataude mashin gâru)",2.25,2
60538,Shrooms (2007),Horror|Thriller,60538,2007.0,Shrooms,3.5,1
60647,Transsiberian (2008),Crime|Drama|Thriller,60647,2008.0,Transsiberian,2.5,1
60674,Stargate: Continuum (2008),Sci-Fi,60674,2008.0,Stargate: Continuum,2.5,1
60684,Watchmen (2009),Action|Drama|Mystery|Sci-Fi|Thriller|IMAX,60684,2009.0,Watchmen,3.988372093023256,43
60735,Shotgun Stories (2007),Drama|Thriller,60735,2007.0,Shotgun Stories,2.5,1
60737,Watching the Detectives (2007),Comedy|Romance,60737,2007.0,Watching the Detectives,5.0,1
60753,Felon (2008),Crime|Drama,60753,2008.0,Felon,3.5,2
60756,Step Brothers (2008),Comedy,60756,2008.0,Step Brothers,3.5535714285714284,28
60760,"X-Files: I Want to Believe, The (2008)",Drama|Mystery|Sci-Fi|Thriller,60760,2008.0,"X-Files: I Want to Believe, The",2.875,4
60766,Man on Wire (2008),Documentary,60766,2008.0,Man on Wire,3.6875,8
60803,"Little Drummer Boy, The (1968)",Animation|Children|Musical,60803,1968.0,"Little Drummer Boy, The",2.5,1
60818,Hogfather (Terry Pratchett's Hogfather) (2006),Adventure|Fantasy|Thriller,60818,2006.0,Hogfather (Terry Pratchett's Hogfather),4.0,1
60832,Pathology (2008),Crime|Horror|Thriller,60832,2008.0,Pathology,4.0,1
60857,"Tracey Fragments, The (2007)",Drama,60857,2007.0,"Tracey Fragments, The",3.0,1
60885,"Zone, The (La Zona) (2007)",Drama|Thriller,60885,2007.0,"Zone, The (La Zona)",3.5,2
60894,"Edge of Love, The (2008)",Drama|Romance|War,60894,2008.0,"Edge of Love, The",3.0,1
60904,Heart of a Dog (Sobachye serdtse) (1988),Comedy|Drama|Sci-Fi,60904,1988.0,Heart of a Dog (Sobachye serdtse),4.0,1
60937,"Mummy: Tomb of the Dragon Emperor, The (2008)",Action|Adventure|Fantasy|Thriller,60937,2008.0,"Mummy: Tomb of the Dragon Emperor, The",2.642857142857143,7
60941,"Midnight Meat Train, The (2008)",Horror|Mystery|Thriller,60941,2008.0,"Midnight Meat Train, The",2.875,4
60943,Frozen River (2008),Drama,60943,2008.0,Frozen River,4.5,1
60950,Vicky Cristina Barcelona (2008),Comedy|Drama|Romance,60950,2008.0,Vicky Cristina Barcelona,3.09375,16
60979,Batman: Gotham Knight (2008),Action|Animation|Crime,60979,2008.0,Batman: Gotham Knight,3.5,3
61011,"Walker, The (2007)",Drama|Mystery,61011,2007.0,"Walker, The",2.0,1
61024,Pineapple Express (2008),Action|Comedy|Crime,61024,2008.0,Pineapple Express,3.6774193548387095,31
61026,Red Cliff (Chi bi) (2008),Action|Adventure|Drama|War,61026,2008.0,Red Cliff (Chi bi),4.0,3
61071,"Sisterhood of the Traveling Pants 2, The (2008)",Adventure|Comedy|Drama|Romance,61071,2008.0,"Sisterhood of the Traveling Pants 2, The",2.5,1
61073,Hell Ride (2008),Action|Drama|Thriller,61073,2008.0,Hell Ride,2.0,1
61123,High School Musical 2 (2007),Comedy|Drama|Musical|Romance,61123,2007.0,High School Musical 2,2.0,1
61132,Tropic Thunder (2008),Action|Adventure|Comedy|War,61132,2008.0,Tropic Thunder,3.5,33
61160,Star Wars: The Clone Wars (2008),Action|Adventure|Animation|Sci-Fi,61160,2008.0,Star Wars: The Clone Wars,2.357142857142857,7
61167,Henry Poole is Here (2008),Drama|Mystery,61167,2008.0,Henry Poole is Here,4.0,1
61210,Mutant Chronicles (2008),Action|Adventure|Sci-Fi,61210,2008.0,Mutant Chronicles,3.5,1
61236,Waltz with Bashir (Vals im Bashir) (2008),Animation|Documentary|Drama|War,61236,2008.0,Waltz with Bashir (Vals im Bashir),3.0,5
61240,Let the Right One In (Låt den rätte komma in) (2008),Drama|Fantasy|Horror|Romance,61240,2008.0,Let the Right One In (Låt den rätte komma in),3.911764705882353,17
61246,Hamlet 2 (2008),Comedy,61246,2008.0,Hamlet 2,2.0,1
61248,Death Race (2008),Action|Adventure|Sci-Fi|Thriller,61248,2008.0,Death Race,3.2222222222222223,9
61250,"House Bunny, The (2008)",Comedy,61250,2008.0,"House Bunny, The",2.5,10
61255,"Rocker, The (2008)",Comedy,61255,2008.0,"Rocker, The",2.75,2
61257,I.O.U.S.A. (a.k.a. IOUSA) (2008),Documentary,61257,2008.0,I.O.U.S.A. (a.k.a. IOUSA),4.0,1
61262,Mirrors (2008),Horror|Mystery|Thriller,61262,2008.0,Mirrors,1.5,1
61289,Sukiyaki Western Django (2008),Action|Western,61289,2008.0,Sukiyaki Western Django,3.3333333333333335,3
61319,Somers Town (2008),Drama,61319,2008.0,Somers Town,3.5,1
61323,Burn After Reading (2008),Comedy|Crime|Drama,61323,2008.0,Burn After Reading,3.4871794871794872,39
61348,Disaster Movie (2008),Comedy,61348,2008.0,Disaster Movie,0.8333333333333334,3
61350,Babylon A.D. (2008),Action|Adventure|Sci-Fi|Thriller,61350,2008.0,Babylon A.D.,2.3333333333333335,3
61352,Traitor (2008),Crime|Drama|Thriller,61352,2008.0,Traitor,3.375,4
61394,"Onion Movie, The (2008)",Comedy,61394,2008.0,"Onion Movie, The",4.0,1
61401,"Spirit, The (2008)",Action|Comedy|Fantasy|Thriller,61401,2008.0,"Spirit, The",2.5,2
61406,John Adams (2008),Drama,61406,2008.0,John Adams,4.0,2
61465,Bangkok Dangerous (2008),Action|Crime|Thriller,61465,2008.0,Bangkok Dangerous,3.25,2
61628,Sunflower (Xiang ri kui) (2005),Drama,61628,2005.0,Sunflower (Xiang ri kui),2.0,1
61692,Altered (2006),Horror|Sci-Fi|Thriller,61692,2006.0,Altered,3.0,1
61697,Righteous Kill (2008),Crime|Mystery|Thriller,61697,2008.0,Righteous Kill,3.0,1
61705,Lakeview Terrace (2008),Drama|Thriller,61705,2008.0,Lakeview Terrace,3.0,2
61729,Ghost Town (2008),Comedy|Fantasy|Romance,61729,2008.0,Ghost Town,2.0,2
61818,"Crow, The: Wicked Prayer (2005)",Action|Adventure|Fantasy|Thriller,61818,2005.0,"Crow, The: Wicked Prayer",0.5,1
61986,Appaloosa (2008),Western,61986,2008.0,Appaloosa,3.0,1
62008,Dead Fury (2008),Action|Animation|Comedy|Horror,62008,2008.0,Dead Fury,3.0,1
62081,Eagle Eye (2008),Action|Crime|Thriller|IMAX,62081,2008.0,Eagle Eye,3.0625,8
62113,How to Lose Friends & Alienate People (2008),Comedy,62113,2008.0,How to Lose Friends & Alienate People,2.8333333333333335,6
62155,Nick and Norah's Infinite Playlist (2008),Comedy|Drama|Romance,62155,2008.0,Nick and Norah's Infinite Playlist,3.35,10
62208,"Sound of the Mountain (Thunder of the Mountain, The) (Yama no oto) (1954)",Drama,62208,1954.0,"Sound of the Mountain (Thunder of the Mountain, The) (Yama no oto)",4.5,1
62250,Gomorrah (Gomorra) (2008),Crime|Drama,62250,2008.0,Gomorrah (Gomorra),3.7,5
62293,"Duchess, The (2008)",Drama|Romance,62293,2008.0,"Duchess, The",3.5,4
62299,Alone in the Dark II (2008),Action|Horror,62299,2008.0,Alone in the Dark II,3.5,1
62336,FLCL (2000),Animation|Comedy|Fantasy|Sci-Fi,62336,2000.0,FLCL,4.277777777777778,9
62344,Rachel Getting Married (2008),Drama|Romance,62344,2008.0,Rachel Getting Married,2.75,2
62374,Body of Lies (2008),Action|Drama|Thriller,62374,2008.0,Body of Lies,3.772727272727273,11
62376,City of Ember (2008),Adventure|Children|Sci-Fi,62376,2008.0,City of Ember,2.8333333333333335,3
62383,"20,000 Leagues Under the Sea (1916)",Action|Adventure|Sci-Fi,62383,1916.0,"20,000 Leagues Under the Sea",3.75,2
62394,Max Payne (2008),Action|Crime|Drama|Thriller,62394,2008.0,Max Payne,2.1666666666666665,3
62434,Zack and Miri Make a Porno (2008),Comedy|Drama|Romance,62434,2008.0,Zack and Miri Make a Porno,3.5238095238095237,21
62437,W. (2008),Drama,62437,2008.0,W.,2.5,1
62439,My Best Friend's Girl (2008),Comedy|Romance,62439,2008.0,My Best Friend's Girl,4.0,3
62511,"Synecdoche, New York (2008)",Comedy|Drama,62511,2008.0,"Synecdoche, New York",3.125,4
62553,"Secret Life of Bees, The (2008)",Drama,62553,2008.0,"Secret Life of Bees, The",4.0,1
62586,"American Carol, An (2008)",Comedy|Fantasy,62586,2008.0,"American Carol, An",2.0,1
62644,"Wave, The (Welle, Die) (2008)",Drama,62644,2008.0,"Wave, The (Welle, Die)",3.5714285714285716,7
62662,Tokyo-Ga (1985),Documentary,62662,1985.0,Tokyo-Ga,3.0,1
62718,"Angus, Thongs and Perfect Snogging (2008)",Comedy|Romance,62718,2008.0,"Angus, Thongs and Perfect Snogging",2.5,1
62792,Pride and Glory (2008),Crime|Drama,62792,2008.0,Pride and Glory,3.0,2
62799,"Express, The (2008)",Drama,62799,2008.0,"Express, The",3.0,1
62834,Babylon 5: The Legend of the Rangers: To Live and Die in Starlight (2002),Sci-Fi,62834,2002.0,Babylon 5: The Legend of the Rangers: To Live and Die in Starlight,4.0,1
62836,Babylon 5: The Lost Tales - Voices in the Dark (2007),Sci-Fi,62836,2007.0,Babylon 5: The Lost Tales - Voices in the Dark,4.0,1
62849,RocknRolla (2008),Action|Crime,62849,2008.0,RocknRolla,3.769230769230769,13
62956,Futurama: Bender's Game (2008),Action|Adventure|Animation|Comedy|Fantasy|Sci-Fi,62956,2008.0,Futurama: Bender's Game,3.4444444444444446,9
62970,Tin Man (2007),Adventure|Fantasy|Sci-Fi,62970,2007.0,Tin Man,2.25,2
62999,Madagascar: Escape 2 Africa (2008),Action|Adventure|Animation|Children|Comedy|IMAX,62999,2008.0,Madagascar: Escape 2 Africa,3.6923076923076925,13
63033,Blindness (2008),Drama|Mystery|Romance|Thriller,63033,2008.0,Blindness,3.5,1
63062,Changeling (2008),Crime|Drama|Mystery,63062,2008.0,Changeling,3.4375,8
63072,"Road, The (2009)",Adventure|Drama|Thriller,63072,2009.0,"Road, The",3.888888888888889,9
63082,Slumdog Millionaire (2008),Crime|Drama|Romance,63082,2008.0,Slumdog Millionaire,3.8098591549295775,71
63113,Quantum of Solace (2008),Action|Adventure|Thriller,63113,2008.0,Quantum of Solace,3.4571428571428573,35
63131,Role Models (2008),Comedy,63131,2008.0,Role Models,3.625,20
63179,Tokyo! (2008),Drama,63179,2008.0,Tokyo!,3.5,1
63222,JCVD (2008),Action|Drama|Thriller,63222,2008.0,JCVD,3.25,2
63239,Cinderella (1997),Children|Fantasy|Musical|Romance,63239,1997.0,Cinderella,3.0,1
63276,Crows Zero (Kurôzu zero) (2007),Action,63276,2007.0,Crows Zero (Kurôzu zero),4.0,2
63312,Krabat (2008),Drama|Fantasy,63312,2008.0,Krabat,2.0,1
63393,Camp Rock (2008),Comedy|Musical|Romance,63393,2008.0,Camp Rock,1.0,1
63433,Farscape: The Peacekeeper Wars (2004),Action|Adventure|Sci-Fi,63433,2004.0,Farscape: The Peacekeeper Wars,3.5,4
63436,Saw V (2008),Crime|Horror|Thriller,63436,2008.0,Saw V,3.1666666666666665,3
63479,Sex Drive (2008),Comedy,63479,2008.0,Sex Drive,3.625,4
63515,The Island (2006),Drama|Mystery,63515,2006.0,The Island,4.0,1
63540,Beverly Hills Chihuahua (2008),Adventure|Children|Comedy,63540,2008.0,Beverly Hills Chihuahua,2.125,4
63768,Tattooed Life (Irezumi ichidai) (1965),Crime|Drama,63768,1965.0,Tattooed Life (Irezumi ichidai),3.0,1
63808,"Class, The (Entre les murs) (2008)",Drama,63808,2008.0,"Class, The (Entre les murs)",2.75,2
63826,Splinter (2008),Action|Horror|Thriller,63826,2008.0,Splinter,4.0,1
63853,Australia (2008),Adventure|Drama|War|Western,63853,2008.0,Australia,3.2,5
63859,Bolt (2008),Action|Adventure|Animation|Children|Comedy,63859,2008.0,Bolt,3.388888888888889,18
63876,Milk (2008),Drama,63876,2008.0,Milk,3.5454545454545454,11
63992,Twilight (2008),Drama|Fantasy|Romance|Thriller,63992,2008.0,Twilight,2.409090909090909,22
64010,"Children, The (2008)",Horror,64010,2008.0,"Children, The",3.5,1
64030,Transporter 3 (2008),Action|Adventure|Crime|Thriller,64030,2008.0,Transporter 3,2.6666666666666665,6
64032,Four Christmases (2008),Comedy,64032,2008.0,Four Christmases,2.8333333333333335,3
64034,"Boy in the Striped Pajamas, The (Boy in the Striped Pyjamas, The) (2008)",Drama|War,64034,2008.0,"Boy in the Striped Pajamas, The (Boy in the Striped Pyjamas, The)",3.4166666666666665,6
64114,Fireproof (2008),Drama|Romance,64114,2008.0,Fireproof,1.0,1
64116,Igor (2008),Animation|Comedy,64116,2008.0,Igor,3.5,2
64167,Dinotopia (2002),Adventure|Fantasy,64167,2002.0,Dinotopia,3.3333333333333335,3
64197,Hunger (2008),Drama,64197,2008.0,Hunger,4.75,2
64231,Punisher: War Zone (2008),Action|Crime|Drama|Thriller,64231,2008.0,Punisher: War Zone,3.0,6
64249,Shrek the Halls (2007),Adventure|Animation|Comedy|Fantasy,64249,2007.0,Shrek the Halls,2.5,2
64278,"Pervert's Guide to Cinema, The (2006)",Documentary,64278,2006.0,"Pervert's Guide to Cinema, The",3.5,1
64285,Wallace and Gromit in 'A Matter of Loaf and Death' (2008),Animation|Comedy,64285,2008.0,Wallace and Gromit in 'A Matter of Loaf and Death',3.7,5
64497,"Day the Earth Stood Still, The (2008)",Drama|Sci-Fi|Thriller|IMAX,64497,2008.0,"Day the Earth Stood Still, The",2.7857142857142856,7
64499,Che: Part One (2008),Drama|War,64499,2008.0,Che: Part One,5.0,1
64501,Che: Part Two (2008),Drama|War,64501,2008.0,Che: Part Two,5.0,1
64575,Doubt (2008),Drama|Mystery,64575,2008.0,Doubt,3.357142857142857,7
64614,Gran Torino (2008),Crime|Drama,64614,2008.0,Gran Torino,3.9456521739130435,46
64620,Frost/Nixon (2008),Drama,64620,2008.0,Frost/Nixon,3.9444444444444446,9
64622,"Reader, The (2008)",Drama|Romance,64622,2008.0,"Reader, The",3.2142857142857144,7
64695,Sword of the Stranger (Sutorejia: Mukô hadan) (2007),Action|Adventure|Animation,64695,2007.0,Sword of the Stranger (Sutorejia: Mukô hadan),4.0,1
64716,Seven Pounds (2008),Drama,64716,2008.0,Seven Pounds,4.136363636363637,11
64839,"Wrestler, The (2008)",Drama,64839,2008.0,"Wrestler, The",3.735294117647059,34
64957,"Curious Case of Benjamin Button, The (2008)",Drama|Fantasy|Mystery|Romance,64957,2008.0,"Curious Case of Benjamin Button, The",3.5945945945945947,37
64969,Yes Man (2008),Comedy,64969,2008.0,Yes Man,3.6176470588235294,34
64983,Valkyrie (2008),Drama|Thriller|War,64983,2008.0,Valkyrie,3.409090909090909,11
64993,5 Centimeters per Second (Byôsoku 5 senchimêtoru) (2007),Animation|Drama|Romance,64993,2007.0,5 Centimeters per Second (Byôsoku 5 senchimêtoru),3.5,3
64997,War of the Worlds (2005),Action|Sci-Fi,64997,2005.0,War of the Worlds,3.0,2
65037,Ben X (2007),Drama,65037,2007.0,Ben X,3.5,1
65088,Bedtime Stories (2008),Adventure|Children|Comedy,65088,2008.0,Bedtime Stories,3.3636363636363638,11
65126,Choke (2008),Comedy|Drama,65126,2008.0,Choke,3.5,3
65130,Revolutionary Road (2008),Drama|Romance,65130,2008.0,Revolutionary Road,3.7,5
65133,Blackadder Back & Forth (1999),Comedy,65133,1999.0,Blackadder Back & Forth,3.5,2
65135,Blackadder's Christmas Carol (1988),Comedy,65135,1988.0,Blackadder's Christmas Carol,3.0,1
65188,Dear Zachary: A Letter to a Son About His Father (2008),Documentary,65188,2008.0,Dear Zachary: A Letter to a Son About His Father,3.875,4
65193,Wild Child (2008),Drama|Romance,65193,2008.0,Wild Child,3.0,1
65216,Defiance (2008),Drama|Thriller|War,65216,2008.0,Defiance,3.9285714285714284,7
65225,Zeitgeist: Addendum (2008),Documentary,65225,2008.0,Zeitgeist: Addendum,4.5,1
65230,Marley & Me (2008),Comedy|Drama,65230,2008.0,Marley & Me,3.142857142857143,14
65261,Ponyo (Gake no ue no Ponyo) (2008),Adventure|Animation|Children|Fantasy,65261,2008.0,Ponyo (Gake no ue no Ponyo),4.0,11
65350,"General Died at Dawn, The (1936)",Adventure|Crime|Thriller,65350,1936.0,"General Died at Dawn, The",0.5,1
65359,Earthsea (Legend of Earthsea) (2004),Adventure|Drama|Fantasy,65359,2004.0,Earthsea (Legend of Earthsea),3.0,1
65514,Ip Man (2008),Action|Drama|War,65514,2008.0,Ip Man,3.95,10
65577,"Tale of Despereaux, The (2008)",Adventure|Animation|Children|Comedy|Fantasy,65577,2008.0,"Tale of Despereaux, The",3.0,1
65585,Bride Wars (2009),Comedy|Romance,65585,2009.0,Bride Wars,3.5,4
65588,"Gamers, The: Dorkness Rising (2008)",Action|Adventure|Comedy|Fantasy,65588,2008.0,"Gamers, The: Dorkness Rising",2.5,1
65596,Mesrine: Killer Instinct (L'instinct de mort) (2008),Action|Crime|Drama|Thriller,65596,2008.0,Mesrine: Killer Instinct (L'instinct de mort),4.0,1
65601,My Bloody Valentine 3-D (2009),Horror|Thriller,65601,2009.0,My Bloody Valentine 3-D,2.0,1
65631,Battle in Seattle (2007),Action|Drama,65631,2007.0,Battle in Seattle,4.0,1
65642,"Timecrimes (Cronocrímenes, Los) (2007)",Sci-Fi|Thriller,65642,2007.0,"Timecrimes (Cronocrímenes, Los)",4.25,4
65651,Fire and Ice (2008),Adventure|Fantasy,65651,2008.0,Fire and Ice,2.0,1
65682,Underworld: Rise of the Lycans (2009),Action|Fantasy|Horror|Thriller,65682,2009.0,Underworld: Rise of the Lycans,3.642857142857143,7
65685,Inkheart (2008),Adventure|Fantasy,65685,2008.0,Inkheart,3.5,5
65738,Revenge of the Nerds III: The Next Generation (1992),Comedy,65738,1992.0,Revenge of the Nerds III: The Next Generation,4.0,1
65740,Revenge of the Nerds IV: Nerds in Love (1994),Comedy|Romance,65740,1994.0,Revenge of the Nerds IV: Nerds in Love,4.0,1
65802,Paul Blart: Mall Cop (2009),Action|Comedy|Crime,65802,2009.0,Paul Blart: Mall Cop,2.7142857142857144,7
65810,Notorious (2009),Drama|Musical,65810,2009.0,Notorious,3.0,1
65882,"Uninvited, The (2009)",Drama|Horror|Mystery|Thriller,65882,2009.0,"Uninvited, The",3.5,1
65982,Outlander (2008),Action|Adventure|Sci-Fi,65982,2008.0,Outlander,3.3333333333333335,3
66090,Eden Lake (2008),Horror|Thriller,66090,2008.0,Eden Lake,4.0,1
66097,Coraline (2009),Animation|Fantasy|Thriller,66097,2009.0,Coraline,3.7,35
66171,Push (2009),Sci-Fi|Thriller,66171,2009.0,Push,3.0,2
66198,"International, The (2009)",Drama|Thriller,66198,2009.0,"International, The",3.0,2
66203,He's Just Not That Into You (2009),Comedy|Drama|Romance,66203,2009.0,He's Just Not That Into You,2.8181818181818183,11
66240,Dead Like Me: Life After Death (2009),Comedy|Fantasy,66240,2009.0,Dead Like Me: Life After Death,3.5,1
66297,Futurama: Into the Wild Green Yonder (2009),Action|Animation|Comedy|Sci-Fi,66297,2009.0,Futurama: Into the Wild Green Yonder,3.5,6
66310,Frontière(s) (2007),Drama|Horror|Thriller,66310,2007.0,Frontière(s),3.5,1
66320,"11th Hour, The (2007)",Documentary,66320,2007.0,"11th Hour, The",4.0,1
66335,Afro Samurai: Resurrection (2009),Animation,66335,2009.0,Afro Samurai: Resurrection,2.5,1
66371,Departures (Okuribito) (2008),Drama,66371,2008.0,Departures (Okuribito),4.1,5
66427,My Name Is Bruce (2007),Comedy|Horror,66427,2007.0,My Name Is Bruce,3.0,1
66509,Funny People (2009),Comedy|Drama,66509,2009.0,Funny People,3.5,5
66511,Berlin Calling (2008),Comedy|Drama,66511,2008.0,Berlin Calling,4.25,2
66544,Nuremberg (2000),Drama|War,66544,2000.0,Nuremberg,4.0,1
66665,Away We Go (2009),Comedy|Drama|Romance,66665,2009.0,Away We Go,3.5,4
66744,"Divo, Il (2008)",Drama,66744,2008.0,"Divo, Il",4.0,2
66783,Friday the 13th (2009),Horror,66783,2009.0,Friday the 13th,3.0,2
66785,"Good, the Bad, the Weird, The (Joheunnom nabbeunnom isanghannom) (2008)",Action|Adventure|Comedy|Western,66785,2008.0,"Good, the Bad, the Weird, The (Joheunnom nabbeunnom isanghannom)",3.8,5
66798,"Pink Panther 2, The (2009)",Adventure|Comedy|Mystery,66798,2009.0,"Pink Panther 2, The",2.75,2
66915,Rock-A-Doodle (1991),Adventure|Animation|Children|Musical,66915,1991.0,Rock-A-Doodle,2.0,1
66934,Dr. Horrible's Sing-Along Blog (2008),Comedy|Drama|Musical|Sci-Fi,66934,2008.0,Dr. Horrible's Sing-Along Blog,3.9166666666666665,24
66943,"Cottage, The (2008)",Comedy|Crime|Horror|Thriller,66943,2008.0,"Cottage, The",4.25,2
67087,"I Love You, Man (2009)",Comedy,67087,2009.0,"I Love You, Man",3.5294117647058822,17
67168,Dance of the Dead (2008),Adventure|Comedy|Horror,67168,2008.0,Dance of the Dead,3.5,1
67186,"Haunting in Connecticut, The (2009)",Horror|Thriller,67186,2009.0,"Haunting in Connecticut, The",2.5,2
67193,Duplicity (2009),Crime|Romance|Thriller,67193,2009.0,Duplicity,2.5,1
67197,Knowing (2009),Action|Drama|Mystery|Sci-Fi|Thriller,67197,2009.0,Knowing,2.8333333333333335,9
67255,"Girl with the Dragon Tattoo, The (Män som hatar kvinnor) (2009)",Crime|Drama|Mystery|Thriller,67255,2009.0,"Girl with the Dragon Tattoo, The (Män som hatar kvinnor)",3.94,25
67267,Sunshine Cleaning (2008),Comedy|Drama,67267,2008.0,Sunshine Cleaning,3.375,4
67295,Kung Fu Panda: Secrets of the Furious Five (2008),Action|Animation|Children|Comedy,67295,2008.0,Kung Fu Panda: Secrets of the Furious Five,2.875,4
67361,Echelon Conspiracy (2009),Action|Mystery|Thriller,67361,2009.0,Echelon Conspiracy,2.0,1
67408,Monsters vs. Aliens (2009),Animation|Sci-Fi|IMAX,67408,2009.0,Monsters vs. Aliens,3.25,8
67508,"Baader Meinhof Komplex, Der (2008)",Action|Crime|Drama|Thriller,67508,2008.0,"Baader Meinhof Komplex, Der",4.0,1
67534,Big Stan (2007),Comedy,67534,2007.0,Big Stan,2.75,2
67618,Strictly Sexual (2008),Comedy|Drama|Romance,67618,2008.0,Strictly Sexual,5.0,1
67665,Anvil! The Story of Anvil (2008),Documentary|Musical,67665,2008.0,Anvil! The Story of Anvil,3.75,2
67695,Observe and Report (2009),Action|Comedy,67695,2009.0,Observe and Report,2.625,4
67734,Adventureland (2009),Comedy|Drama,67734,2009.0,Adventureland,3.3333333333333335,15
67788,Confessions of a Shopaholic (2009),Comedy|Romance,67788,2009.0,Confessions of a Shopaholic,3.5,4
67799,The Butterfly Effect 3: Revelations (2009),Drama|Fantasy|Sci-Fi|Thriller,67799,2009.0,The Butterfly Effect 3: Revelations,0.5,1
67888,Man on the Flying Trapeze (1935),Comedy,67888,1935.0,Man on the Flying Trapeze,4.5,1
67923,"Fast & Furious (Fast and the Furious 4, The) (2009)",Action|Crime|Drama|Thriller,67923,2009.0,"Fast & Furious (Fast and the Furious 4, The)",3.25,10
67997,In the Loop (2009),Comedy,67997,2009.0,In the Loop,4.3,5
68073,Pirate Radio (2009),Comedy|Drama,68073,2009.0,Pirate Radio,3.4,5
68135,17 Again (2009),Comedy|Drama,68135,2009.0,17 Again,3.55,10
68157,Inglourious Basterds (2009),Action|Drama|War,68157,2009.0,Inglourious Basterds,4.136363636363637,88
68159,State of Play (2009),Crime|Drama|Thriller,68159,2009.0,State of Play,4.0,3
68194,"Damned United, The (2009)",Drama,68194,2009.0,"Damned United, The",4.25,2
68205,Crank: High Voltage (2009),Action|Comedy|Crime,68205,2009.0,Crank: High Voltage,2.9375,8
68237,Moon (2009),Drama|Mystery|Sci-Fi|Thriller,68237,2009.0,Moon,3.96875,32
68269,"Young Victoria, The (2009)",Drama|Romance,68269,2009.0,"Young Victoria, The",4.25,2
68319,X-Men Origins: Wolverine (2009),Action|Sci-Fi|Thriller,68319,2009.0,X-Men Origins: Wolverine,2.8653846153846154,26
68347,Sin Nombre (2009),Crime|Drama|Thriller,68347,2009.0,Sin Nombre,4.0,1
68358,Star Trek (2009),Action|Adventure|Sci-Fi|IMAX,68358,2009.0,Star Trek,3.864406779661017,59
68444,"Great Buck Howard, The (2008)",Comedy,68444,2008.0,"Great Buck Howard, The",3.5,1
68480,Flatfoot on the Nile (Piedone d'Egitto) (1980),Action|Comedy|Crime,68480,1980.0,Flatfoot on the Nile (Piedone d'Egitto),1.5,1
68486,Red Cliff Part II (Chi Bi Xia: Jue Zhan Tian Xia) (2009),Action|Drama|War,68486,2009.0,Red Cliff Part II (Chi Bi Xia: Jue Zhan Tian Xia),4.0,3
68522,Earth (2007),Documentary,68522,2007.0,Earth,3.5,1
68536,Stanley Kubrick: A Life in Pictures (2001),Documentary,68536,2001.0,Stanley Kubrick: A Life in Pictures,4.0,1
68552,Crossing Over (2009),Drama,68552,2009.0,Crossing Over,2.0,1
68554,Angels & Demons (2009),Crime|Drama|Mystery|Thriller,68554,2009.0,Angels & Demons,3.264705882352941,17
68597,Scorpio (1973),Action|Drama|Thriller,68597,1973.0,Scorpio,4.0,1
68600,Balls Out: Gary the Tennis Coach (2009),Comedy,68600,2009.0,Balls Out: Gary the Tennis Coach,2.0,1
68650,Powder Blue (2009),Drama,68650,2009.0,Powder Blue,2.0,1
68659,Fanboys (2009),Adventure|Comedy|Drama,68659,2009.0,Fanboys,2.875,8
68791,Terminator Salvation (2009),Action|Adventure|Sci-Fi|Thriller,68791,2009.0,Terminator Salvation,3.25,18
68793,Night at the Museum: Battle of the Smithsonian (2009),Action|Comedy|IMAX,68793,2009.0,Night at the Museum: Battle of the Smithsonian,3.1,10
68835,Were the World Mine (2008),Adventure|Fantasy|Musical|Romance,68835,2008.0,Were the World Mine,3.5,1
68848,"Brothers Bloom, The (2008)",Adventure|Comedy|Crime|Romance,68848,2008.0,"Brothers Bloom, The",4.333333333333333,3
68872,Paisan (Paisà) (1946),Drama|War,68872,1946.0,Paisan (Paisà),4.0,1
68886,I Do: How to Get Married and Stay Single (Prête-moi ta main) (2006),Comedy|Romance,68886,2006.0,I Do: How to Get Married and Stay Single (Prête-moi ta main),4.0,1
68932,"Soloist, The (2009)",Drama|Musical,68932,2009.0,"Soloist, The",3.5,2
68945,Neon Genesis Evangelion: Death & Rebirth (Shin seiki Evangelion Gekijô-ban: Shito shinsei) (1997),Action|Animation|Mystery|Sci-Fi,68945,1997.0,Neon Genesis Evangelion: Death & Rebirth (Shin seiki Evangelion Gekijô-ban: Shito shinsei),4.0,2
68952,Drag Me to Hell (2009),Comedy|Horror,68952,2009.0,Drag Me to Hell,3.75,6
68954,Up (2009),Adventure|Animation|Children|Drama,68954,2009.0,Up,4.004761904761905,105
68959,Fullmetal Alchemist the Movie: Conqueror of Shamballa (Gekijô-ban hagane no renkinjutsushi: Shanbara wo yuku mono) (2005),Action|Adventure|Animation|Drama,68959,2005.0,Fullmetal Alchemist the Movie: Conqueror of Shamballa (Gekijô-ban hagane no renkinjutsushi: Shanbara wo yuku mono),2.75,2
69069,Fired Up (2009),Comedy,69069,2009.0,Fired Up,3.5833333333333335,6
69118,In the Electric Mist (2009),Drama|Mystery,69118,2009.0,In the Electric Mist,1.5,1
69122,"Hangover, The (2009)",Comedy|Crime,69122,2009.0,"Hangover, The",3.6315789473684212,76
69131,Killshot (2008),Action|Crime|Drama|Thriller,69131,2008.0,Killshot,2.5,1
69134,Antichrist (2009),Drama|Fantasy,69134,2009.0,Antichrist,3.8,5
69140,Sweeney Todd (2006),Crime|Drama|Horror|Thriller,69140,2006.0,Sweeney Todd,4.0,1
69211,Boy Eats Girl (2005),Comedy|Horror,69211,2005.0,Boy Eats Girl,5.0,1
69224,Marius and Jeanette (Marius et Jeannette) (1997),Comedy|Drama|Romance,69224,1997.0,Marius and Jeanette (Marius et Jeannette),4.0,1
69227,Ernest Rides Again (1993),Children|Comedy,69227,1993.0,Ernest Rides Again,1.0,1
69251,Special (2006),Drama|Fantasy,69251,2006.0,Special,3.5,1
69275,Dead Snow (Død snø) (2009),Action|Adventure|Comedy|Horror,69275,2009.0,Dead Snow (Død snø),4.25,4
69278,Land of the Lost (2009),Action|Adventure|Comedy|Sci-Fi,69278,2009.0,Land of the Lost,3.2142857142857144,7
69304,Imagine That (2009),Comedy|Drama|Fantasy,69304,2009.0,Imagine That,4.0,1
69306,"Taking of Pelham 1 2 3, The (2009)",Crime|Drama|Thriller,69306,2009.0,"Taking of Pelham 1 2 3, The",3.1666666666666665,6
69394,"Stoning of Soraya M., The (2008)",Crime|Drama,69394,2008.0,"Stoning of Soraya M., The",4.5,1
69406,"Proposal, The (2009)",Comedy|Romance,69406,2009.0,"Proposal, The",3.5,16
69436,Year One (2009),Adventure|Comedy,69436,2009.0,Year One,2.7857142857142856,7
69453,"Land That Time Forgot, The (1975)",Adventure|Sci-Fi,69453,1975.0,"Land That Time Forgot, The",1.5,2
69469,Garfield's Pet Force (2009),Animation,69469,2009.0,Garfield's Pet Force,5.0,1
69481,"Hurt Locker, The (2008)",Action|Drama|Thriller|War,69481,2008.0,"Hurt Locker, The",4.0588235294117645,34
69495,Breakfast with Scot (2007),Drama|Romance,69495,2007.0,Breakfast with Scot,3.5,1
69516,"Limits of Control, The (2009)",Crime|Drama|Film-Noir,69516,2009.0,"Limits of Control, The",2.75,2
69524,Raiders of the Lost Ark: The Adaptation (1989),Action|Adventure|Thriller,69524,1989.0,Raiders of the Lost Ark: The Adaptation,4.333333333333333,3
69526,Transformers: Revenge of the Fallen (2009),Action|Adventure|Sci-Fi|IMAX,69526,2009.0,Transformers: Revenge of the Fallen,2.425,20
69529,Home (2009),Documentary,69529,2009.0,Home,4.5,2
69604,Whatever Works (2009),Comedy|Romance,69604,2009.0,Whatever Works,3.0,2
69606,Ghosts of Girlfriends Past (2009),Comedy|Fantasy|Romance,69606,2009.0,Ghosts of Girlfriends Past,2.5,3
69640,Public Enemies (2009),Crime|Drama|Thriller,69640,2009.0,Public Enemies,3.0555555555555554,9
69644,Ice Age: Dawn of the Dinosaurs (2009),Action|Adventure|Animation|Children|Comedy|Romance,69644,2009.0,Ice Age: Dawn of the Dinosaurs,2.607142857142857,14
69654,Prison Break: The Final Break (2009),Action|Drama|Thriller,69654,2009.0,Prison Break: The Final Break,3.5,1
69685,Daria: Is It College Yet? (2002),Animation|Comedy,69685,2002.0,Daria: Is It College Yet?,1.0,1
69712,My Sister's Keeper (2009),Drama,69712,2009.0,My Sister's Keeper,4.0,1
69720,Hood of Horror (2006),Comedy|Drama|Horror,69720,2006.0,Hood of Horror,4.5,1
69746,Watchmen: Tales of the Black Freighter (2009),Action|Adventure|Animation|Horror,69746,2009.0,Watchmen: Tales of the Black Freighter,3.5,1
69757,(500) Days of Summer (2009),Comedy|Drama|Romance,69757,2009.0,(500) Days of Summer,3.6666666666666665,42
69784,Brüno (Bruno) (2009),Comedy,69784,2009.0,Brüno (Bruno),3.65,10
69805,"Librarian, The: The Curse of the Judas Chalice (2008)",Action|Adventure|Fantasy,69805,2008.0,"Librarian, The: The Curse of the Judas Chalice",3.75,2
69844,Harry Potter and the Half-Blood Prince (2009),Adventure|Fantasy|Mystery|Romance|IMAX,69844,2009.0,Harry Potter and the Half-Blood Prince,3.8879310344827585,58
69849,Roots (1977),Drama|War,69849,1977.0,Roots,3.1666666666666665,3
69860,Eichmann (2007),Drama|War,69860,2007.0,Eichmann,5.0,1
69904,Open Water 2: Adrift (2006),Drama|Thriller,69904,2006.0,Open Water 2: Adrift,2.5,1
69951,"Imaginarium of Doctor Parnassus, The (2009)",Drama|Fantasy,69951,2009.0,"Imaginarium of Doctor Parnassus, The",3.8125,16
69953,9to5: Days in Porn (a.k.a. 9 to 5: Days in Porn) (2008),Documentary,69953,2008.0,9to5: Days in Porn (a.k.a. 9 to 5: Days in Porn),3.5,1
69988,Humpday (2009),Comedy,69988,2009.0,Humpday,2.5,1
70015,Polytechnique (2009),Crime|Drama,70015,2009.0,Polytechnique,1.5,1
70159,Orphan (2009),Drama|Horror|Mystery|Thriller,70159,2009.0,Orphan,3.0,4
70183,"Ugly Truth, The (2009)",Comedy|Drama|Romance,70183,2009.0,"Ugly Truth, The",3.6666666666666665,12
70206,"Collector, The (2009)",Crime|Horror|Thriller,70206,2009.0,"Collector, The",3.5,1
70208,"Perfect Getaway, A (2009)",Horror|Thriller,70208,2009.0,"Perfect Getaway, A",4.0,1
70286,District 9 (2009),Mystery|Sci-Fi|Thriller,70286,2009.0,District 9,3.776923076923077,65
70293,Julie & Julia (2009),Comedy|Drama|Romance,70293,2009.0,Julie & Julia,2.9583333333333335,12
70301,Obsessed (2009),Crime|Drama|Thriller,70301,2009.0,Obsessed,3.5,1
70305,Race to Witch Mountain (2009),Adventure|Children|Fantasy|Sci-Fi|Thriller,70305,2009.0,Race to Witch Mountain,3.5,2
70334,Hannah Montana: The Movie (2009),Comedy|Drama|Musical|Romance,70334,2009.0,Hannah Montana: The Movie,3.5,1
70336,G.I. Joe: The Rise of Cobra (2009),Action|Adventure|Sci-Fi|Thriller,70336,2009.0,G.I. Joe: The Rise of Cobra,2.625,8
70361,12 Rounds (2009),Action|Thriller,70361,2009.0,12 Rounds,3.0,3
70451,Max Manus (2008),Action|Drama|War,70451,2008.0,Max Manus,5.0,1
70492,Winds of the Wasteland (1936),Western,70492,1936.0,Winds of the Wasteland,3.5,1
70521,Lost in Austen (2008),Drama|Fantasy|Romance|Sci-Fi,70521,2008.0,Lost in Austen,3.6666666666666665,3
70533,Evangelion: 1.0 You Are (Not) Alone (Evangerion shin gekijôban: Jo) (2007),Action|Animation|Sci-Fi,70533,2007.0,Evangelion: 1.0 You Are (Not) Alone (Evangerion shin gekijôban: Jo),3.8333333333333335,3
70545,"Deal, The (2008)",Comedy,70545,2008.0,"Deal, The",2.0,1
70565,"Goods: Live Hard, Sell Hard, The (2009)",Comedy,70565,2009.0,"Goods: Live Hard, Sell Hard, The",3.625,4
70599,"Time Traveler's Wife, The (2009)",Drama|Romance|Sci-Fi,70599,2009.0,"Time Traveler's Wife, The",3.9,5
70637,I Can't Think Straight (2007),Drama|Romance,70637,2007.0,I Can't Think Straight,4.0,1
70641,Miss March (2009),Comedy,70641,2009.0,Miss March,2.8333333333333335,3
70663,"I Love You, Beth Cooper (2009)",Comedy|Romance,70663,2009.0,"I Love You, Beth Cooper",2.5,1
70687,Paper Heart (2009),Comedy|Documentary|Drama|Romance,70687,2009.0,Paper Heart,2.75,2
70697,G-Force (2009),Action|Adventure|Children|Fantasy,70697,2009.0,G-Force,3.5,1
70703,Christopher Columbus: The Discovery (1992),Adventure,70703,1992.0,Christopher Columbus: The Discovery,2.0,1
70708,Tetro (2009),Drama|Mystery,70708,2009.0,Tetro,4.5,1
70728,Bronson (2009),Action|Comedy|Drama|Thriller,70728,2009.0,Bronson,3.8333333333333335,3
70862,It Might Get Loud (2008),Documentary,70862,2008.0,It Might Get Loud,3.75,2
70932,My Life in Ruins (2009),Comedy,70932,2009.0,My Life in Ruins,2.0,1
70946,Troll 2 (1990),Fantasy|Horror,70946,1990.0,Troll 2,3.5,3
70984,Taking Woodstock (2009),Comedy,70984,2009.0,Taking Woodstock,3.0,3
70990,If These Walls Could Talk (1996),Drama,70990,1996.0,If These Walls Could Talk,2.5,1
70994,Halloween II (2009),Horror|Thriller,70994,2009.0,Halloween II,3.0,3
71033,"Secret in Their Eyes, The (El secreto de sus ojos) (2009)",Crime|Drama|Mystery|Romance|Thriller,71033,2009.0,"Secret in Their Eyes, The (El secreto de sus ojos)",3.857142857142857,7
71057,9 (2009),Adventure|Animation|Sci-Fi,71057,2009.0,9,3.642857142857143,14
71106,Frequently Asked Questions About Time Travel (2009),Comedy|Sci-Fi,71106,2009.0,Frequently Asked Questions About Time Travel,3.6,5
71108,"White Ribbon, The (Das weiße Band) (2009)",Drama|Mystery,71108,2009.0,"White Ribbon, The (Das weiße Band)",4.5,1
71129,Green Lantern: First Flight (2009),Action|Adventure|Animation|Fantasy|Sci-Fi,71129,2009.0,Green Lantern: First Flight,3.5,1
71131,"Most Hated Family in America, The (2007)",Documentary,71131,2007.0,"Most Hated Family in America, The",4.5,2
71135,Pandorum (2009),Horror|Sci-Fi|Thriller,71135,2009.0,Pandorum,3.4,5
71147,Death of a Cyclist (Muerte de un ciclista) (1955),Drama,71147,1955.0,Death of a Cyclist (Muerte de un ciclista),3.0,1
71156,"Men Who Stare at Goats, The (2009)",Action|Comedy|Drama,71156,2009.0,"Men Who Stare at Goats, The",3.388888888888889,9
71160,"Hunt For Gollum, The (2009)",Action|Adventure|Fantasy,71160,2009.0,"Hunt For Gollum, The",3.0,1
71205,Jennifer's Body (2009),Comedy|Horror|Sci-Fi|Thriller,71205,2009.0,Jennifer's Body,1.0,2
71211,"Informant!, The (2009)",Comedy|Crime|Drama|Thriller,71211,2009.0,"Informant!, The",3.6666666666666665,3
71248,Extract (2009),Comedy,71248,2009.0,Extract,2.0,2
71252,"Final Destination, The (Final Destination 4) (Final Destination in 3-D, The) (2009)",Horror|Thriller,71252,2009.0,"Final Destination, The (Final Destination 4) (Final Destination in 3-D, The)",2.6666666666666665,3
71254,Gamer (2009),Action|Sci-Fi|Thriller,71254,2009.0,Gamer,3.4285714285714284,7
71264,Cloudy with a Chance of Meatballs (2009),Animation|Children|Fantasy|IMAX,71264,2009.0,Cloudy with a Chance of Meatballs,3.5294117647058822,17
71268,Tyler Perry's I Can Do Bad All by Myself (2009),Comedy|Drama,71268,2009.0,Tyler Perry's I Can Do Bad All by Myself,5.0,1
71282,"Food, Inc. (2008)",Documentary,71282,2008.0,"Food, Inc.",3.6875,8
71302,Attack of the 50 Foot Woman (1958),Comedy|Sci-Fi,71302,1958.0,Attack of the 50 Foot Woman,4.5,1
71304,Thirst (Bakjwi) (2009),Drama|Horror,71304,2009.0,Thirst (Bakjwi),4.0,3
71327,Bright Star (2009),Drama|Romance,71327,2009.0,Bright Star,3.5,1
71341,Blood Creek (a.k.a. Town Creek) (2009),Horror,71341,2009.0,Blood Creek (a.k.a. Town Creek),3.0,1
71379,Paranormal Activity (2009),Horror|Thriller,71379,2009.0,Paranormal Activity,3.4,5
71429,World's Greatest Dad (2009),Comedy|Drama,71429,2009.0,World's Greatest Dad,3.0,2
71438,Still Walking (Aruitemo aruitemo) (2008),Drama,71438,2008.0,Still Walking (Aruitemo aruitemo),1.0,1
71453,"Blood of the Beasts (Sang des bêtes, Le) (1949)",Documentary|Drama,71453,1949.0,"Blood of the Beasts (Sang des bêtes, Le)",4.0,1
71462,"Cove, The (2009)",Documentary,71462,2009.0,"Cove, The",4.25,4
71464,"Serious Man, A (2009)",Comedy|Drama,71464,2009.0,"Serious Man, A",3.227272727272727,11
71466,City Island (2009),Comedy|Drama,71466,2009.0,City Island,4.0,1
71468,Ink (2009),Action|Fantasy|Sci-Fi,71468,2009.0,Ink,3.5,1
71484,Metropia (2009),Animation|Sci-Fi,71484,2009.0,Metropia,2.5,1
71494,"Haunted World of El Superbeasto, The (2009)",Action|Animation|Comedy|Horror|Thriller,71494,2009.0,"Haunted World of El Superbeasto, The",3.5,1
71500,Trick 'r Treat (2007),Comedy|Horror|Thriller,71500,2007.0,Trick 'r Treat,2.5,1
71518,Whip It (2009),Comedy|Drama,71518,2009.0,Whip It,3.1,5
71520,"Invention of Lying, The (2009)",Comedy,71520,2009.0,"Invention of Lying, The",2.3333333333333335,6
71530,Surrogates (2009),Action|Sci-Fi|Thriller,71530,2009.0,Surrogates,3.0357142857142856,14
71535,Zombieland (2009),Action|Comedy|Horror,71535,2009.0,Zombieland,3.8773584905660377,53
71550,Assassination of a High School President (2008),Comedy|Drama|Mystery,71550,2008.0,Assassination of a High School President,1.0,1
71579,"Education, An (2009)",Drama|Romance,71579,2009.0,"Education, An",3.8333333333333335,6
71619,Coco Before Chanel (Coco avant Chanel) (2009),Drama,71619,2009.0,Coco Before Chanel (Coco avant Chanel),4.0,1
71640,Burma VJ: Reporting from a Closed Country (Burma VJ: Reporter i et lukket land) (2008),Documentary,71640,2008.0,Burma VJ: Reporting from a Closed Country (Burma VJ: Reporter i et lukket land),3.5,1
71668,Couples Retreat (2009),Comedy|Romance,71668,2009.0,Couples Retreat,3.3333333333333335,3
71732,I Sell the Dead (2008),Comedy|Horror,71732,2008.0,I Sell the Dead,2.5,2
71745,Where the Wild Things Are (2009),Adventure|Children|Drama|Fantasy|IMAX,71745,2009.0,Where the Wild Things Are,2.6666666666666665,12
71810,Legionnaire (1998),Action|Adventure|Drama|War,71810,1998.0,Legionnaire,0.5,1
71823,"New York, I Love You (2009)",Drama|Romance,71823,2009.0,"New York, I Love You",3.5,4
71838,Law Abiding Citizen (2009),Drama|Thriller,71838,2009.0,Law Abiding Citizen,3.0625,8
71867,"Misfortunates, The (De helaasheid der dingen) (2009)",Drama,71867,2009.0,"Misfortunates, The (De helaasheid der dingen)",3.0,1
71899,Mary and Max (2009),Animation|Comedy|Drama,71899,2009.0,Mary and Max,4.2,10
71902,Spread (2009),Drama|Romance,71902,2009.0,Spread,3.5,1
71910,"Tournament, The (2009)",Action,71910,2009.0,"Tournament, The",2.5,1
71970,"Princess and the Pirate, The (1944)",Adventure|Comedy|Romance,71970,1944.0,"Princess and the Pirate, The",4.0,1
71999,Aelita: The Queen of Mars (Aelita) (1924),Action|Adventure|Drama|Fantasy|Romance|Sci-Fi|Thriller,71999,1924.0,Aelita: The Queen of Mars (Aelita),4.5,1
72011,Up in the Air (2009),Drama|Romance,72011,2009.0,Up in the Air,3.71875,32
72104,Balance (1989),Animation|Drama|Mystery|Sci-Fi|Thriller,72104,1989.0,Balance,4.5,1
72129,Saw VI (2009),Crime|Horror|Mystery|Thriller,72129,2009.0,Saw VI,3.5,3
72142,Love Exposure (Ai No Mukidashi) (2008),Action|Comedy|Drama|Romance,72142,2008.0,Love Exposure (Ai No Mukidashi),5.0,1
72165,Cirque du Freak: The Vampire's Assistant (2009),Action|Adventure|Comedy|Fantasy|Horror|Thriller,72165,2009.0,Cirque du Freak: The Vampire's Assistant,2.0,1
72167,"Boondock Saints II: All Saints Day, The (2009)",Action|Crime|Drama|Thriller,72167,2009.0,"Boondock Saints II: All Saints Day, The",3.375,4
72171,Black Dynamite (2009),Action|Comedy,72171,2009.0,Black Dynamite,3.5,2
72178,Welcome to Dongmakgol (2005),Comedy|Drama|War,72178,2005.0,Welcome to Dongmakgol,4.5,1
72224,Gentlemen Broncos (2009),Comedy,72224,2009.0,Gentlemen Broncos,2.25,2
72226,Fantastic Mr. Fox (2009),Adventure|Animation|Children|Comedy|Crime,72226,2009.0,Fantastic Mr. Fox,4.083333333333333,18
72294,"Christmas Carol, A (2009)",Animation|Children|Drama|Fantasy|IMAX,72294,2009.0,"Christmas Carol, A",3.0,2
72308,Battlestar Galactica: The Plan (2009),Action|Adventure|Drama|Sci-Fi,72308,2009.0,Battlestar Galactica: The Plan,4.25,2
72330,"Private Lives of Pippa Lee, The (2009)",Drama,72330,2009.0,"Private Lives of Pippa Lee, The",3.5,1
72356,Partly Cloudy (2009),Animation|Children|Comedy|Fantasy,72356,2009.0,Partly Cloudy,4.375,4
72378,2012 (2009),Action|Drama|Sci-Fi|Thriller,72378,2009.0,2012,2.619047619047619,21
72395,Precious (2009),Drama,72395,2009.0,Precious,3.5,3
72405,Bad Lieutenant: Port of Call New Orleans (2009),Crime|Drama,72405,2009.0,Bad Lieutenant: Port of Call New Orleans,2.25,2
72407,"Twilight Saga: New Moon, The (2009)",Drama|Fantasy|Horror|Romance|Thriller,72407,2009.0,"Twilight Saga: New Moon, The",2.6666666666666665,9
72424,Derailed (2002),Action|Thriller,72424,2002.0,Derailed,0.5,1
72479,"Messenger, The (2009)",Drama|Romance|War,72479,2009.0,"Messenger, The",3.5,1
72489,Ninja Assassin (2009),Action|Crime|Drama|Thriller,72489,2009.0,Ninja Assassin,4.166666666666667,3
72554,Cell 211 (Celda 211) (2009),Action|Drama,72554,2009.0,Cell 211 (Celda 211),4.5,1
72591,"Patriot, The (1998)",Action|Thriller,72591,1998.0,"Patriot, The",3.5,1
72601,Teenage Mutant Ninja Turtles: Turtles Forever (2009),Action|Adventure|Animation|Comedy|Thriller,72601,2009.0,Teenage Mutant Ninja Turtles: Turtles Forever,3.0,1
72603,Merry Madagascar (2009),Animation,72603,2009.0,Merry Madagascar,3.0,1
72605,Brothers (2009),Drama|Thriller|War,72605,2009.0,Brothers,3.5,5
72624,Garage (2007),Drama,72624,2007.0,Garage,3.5,1
72641,"Blind Side, The  (2009)",Drama,72641,2009.0,"Blind Side, The",3.6774193548387095,31
72692,Mickey's Once Upon a Christmas (1999),Animation|Comedy|Fantasy,72692,1999.0,Mickey's Once Upon a Christmas,5.0,1
72694,Shrink (2009),Drama,72694,2009.0,Shrink,2.0,1
72696,Old Dogs (2009),Comedy,72696,2009.0,Old Dogs,0.5,1
72701,Planet 51 (2009),Adventure|Animation|Children|Comedy|Sci-Fi,72701,2009.0,Planet 51,3.0,3
72714,Earthlings (2006),Documentary,72714,2006.0,Earthlings,4.0,1
72720,"Single Man, A (2009)",Drama,72720,2009.0,"Single Man, A",3.8333333333333335,3
72731,"Lovely Bones, The (2009)",Crime|Drama|Fantasy|Horror|Thriller,72731,2009.0,"Lovely Bones, The",3.1666666666666665,3
72733,Invictus (2009),Drama,72733,2009.0,Invictus,3.857142857142857,7
72737,"Princess and the Frog, The (2009)",Animation|Children|Fantasy|Musical|Romance,72737,2009.0,"Princess and the Frog, The",3.75,12
72874,"Peacekeeper, The (1997)",Action,72874,1997.0,"Peacekeeper, The",1.0,1
72919,Did You Hear About the Morgans? (2009),Comedy|Crime|Drama|Romance,72919,2009.0,Did You Hear About the Morgans?,3.0,1
72921,Snow White (1916),Fantasy|Romance,72921,1916.0,Snow White,3.5,1
72982,Alice (2009),Action|Adventure|Fantasy,72982,2009.0,Alice,4.0,1
72998,Avatar (2009),Action|Adventure|Sci-Fi|IMAX,72998,2009.0,Avatar,3.6030927835051547,97
73015,It's Complicated (2009),Comedy|Romance,73015,2009.0,It's Complicated,2.75,4
73017,Sherlock Holmes (2009),Action|Crime|Mystery|Thriller,73017,2009.0,Sherlock Holmes,3.853448275862069,58
73023,Crazy Heart (2009),Drama|Romance,73023,2009.0,Crazy Heart,4.1,5
73042,Alvin and the Chipmunks: The Squeakquel (2009),Animation|Children|Comedy|Musical,73042,2009.0,Alvin and the Chipmunks: The Squeakquel,2.6666666666666665,3
73106,American Pie Presents: The Book of Love (American Pie 7: The Book of Love) (2009),Comedy,73106,2009.0,American Pie Presents: The Book of Love (American Pie 7: The Book of Love),2.1666666666666665,3
73160,Sorority Babes in the Slimeball Bowl-O-Rama (1988),Comedy|Horror,73160,1988.0,Sorority Babes in the Slimeball Bowl-O-Rama,2.5,1
73211,Pontypool (2008),Horror|Thriller,73211,2008.0,Pontypool,3.75,2
73266,Youth in Revolt (2009),Comedy|Drama|Romance,73266,2009.0,Youth in Revolt,3.0,5
73268,Daybreakers (2010),Action|Drama|Horror|Thriller,73268,2010.0,Daybreakers,3.4166666666666665,6
73290,Hachiko: A Dog's Story (a.k.a. Hachi: A Dog's Tale) (2009),Drama,73290,2009.0,Hachiko: A Dog's Story (a.k.a. Hachi: A Dog's Tale),3.5,2
73319,Leap Year (2010),Comedy|Romance,73319,2010.0,Leap Year,2.4,5
73321,"Book of Eli, The (2010)",Action|Adventure|Drama,73321,2010.0,"Book of Eli, The",3.28125,16
73323,"Girl Who Kicked the Hornet's Nest, The (Luftslottet som sprängdes) (2009)",Action|Crime|Mystery,73323,2009.0,"Girl Who Kicked the Hornet's Nest, The (Luftslottet som sprängdes)",4.2,5
73344,"Prophet, A (Un Prophète) (2009)",Crime|Drama,73344,2009.0,"Prophet, A (Un Prophète)",4.25,4
73386,Staten Island (2009),Crime|Drama,73386,2009.0,Staten Island,1.5,1
73431,"Maiden Heist, The (2009)",Comedy|Crime,73431,2009.0,"Maiden Heist, The",2.5,1
73488,Blood: The Last Vampire (2009),Action|Horror|Thriller,73488,2009.0,Blood: The Last Vampire,2.0,1
73499,MacGyver: Lost Treasure of Atlantis (1994),Action|Adventure,73499,1994.0,MacGyver: Lost Treasure of Atlantis,3.5,1
73501,Pekka ja Pätkä Suezilla (1958),Comedy,73501,1958.0,Pekka ja Pätkä Suezilla,3.5,1
73515,Bart Got a Room (2008),Comedy|Romance,73515,2008.0,Bart Got a Room,3.5,1
73569,Project A 2 ('A' gai wak juk jap) (1987),Action|Comedy|Crime,73569,1987.0,Project A 2 ('A' gai wak juk jap),3.75,2
73676,Robin-B-Hood (Bo bui gai wak) (2006),Action|Comedy|Drama,73676,2006.0,Robin-B-Hood (Bo bui gai wak),3.0,1
73681,"Concert, Le (2009)",Comedy|Drama,73681,2009.0,"Concert, Le",3.0,1
73741,Ninja (2009),Action|Crime|Drama|Thriller,73741,2009.0,Ninja,3.0,1
73804,Asterix at the Olympic Games (Astérix aux jeux olympiques) (2008),Adventure|Children|Comedy|Fantasy,73804,2008.0,Asterix at the Olympic Games (Astérix aux jeux olympiques),4.0,1
73808,"Chaser, The (Chugyeogja) (2008)",Crime|Drama|Thriller,73808,2008.0,"Chaser, The (Chugyeogja)",3.0,1
73822,Meantime (1984),Comedy|Drama,73822,1984.0,Meantime,5.0,1
73854,"Rudolph, the Red-Nosed Reindeer (1964)",Adventure|Animation|Children|Fantasy|Musical,73854,1964.0,"Rudolph, the Red-Nosed Reindeer",3.8333333333333335,3
73858,"Dennis the Menace Christmas, A (2007)",Comedy,73858,2007.0,"Dennis the Menace Christmas, A",1.5,1
73876,Undisputed II: Last Man Standing (2006),Action|Crime|Drama,73876,2006.0,Undisputed II: Last Man Standing,4.0,1
73881,3 Idiots (2009),Comedy|Drama|Romance,73881,2009.0,3 Idiots,4.75,2
73929,Legion (2010),Action|Fantasy|Horror|Thriller,73929,2010.0,Legion,2.8333333333333335,3
74075,Stan Helsing (2009),Comedy|Horror,74075,2009.0,Stan Helsing,1.0,2
74089,Peter Pan (1960),Children|Fantasy|Musical,74089,1960.0,Peter Pan,3.5,1
74095,Wicked City (Yôjû toshi) (1987),Animation|Fantasy|Horror|Sci-Fi,74095,1987.0,Wicked City (Yôjû toshi),2.5,1
74154,When in Rome (2010),Comedy|Romance,74154,2010.0,When in Rome,2.5,4
74226,"Dream of Light (a.k.a. Quince Tree Sun, The) (Sol del membrillo, El) (1992)",Documentary|Drama,74226,1992.0,"Dream of Light (a.k.a. Quince Tree Sun, The) (Sol del membrillo, El)",5.0,1
74228,Triangle (2009),Drama|Horror|Mystery|Thriller,74228,2009.0,Triangle,4.0,2
74275,I Love You Phillip Morris (2009),Comedy|Drama|Romance,74275,2009.0,I Love You Phillip Morris,1.5,2
74282,Anne of Green Gables: The Sequel (a.k.a. Anne of Avonlea) (1987),Children|Drama|Romance,74282,1987.0,Anne of Green Gables: The Sequel (a.k.a. Anne of Avonlea),4.75,2
74324,Temple Grandin (2010),Drama,74324,2010.0,Temple Grandin,4.375,4
74342,"Captain Newman, M.D. (1963)",Comedy|Drama|War,74342,1963.0,"Captain Newman, M.D.",4.5,1
74370,"House of the Devil, The (2009)",Horror|Thriller,74370,2009.0,"House of the Devil, The",4.0,1
74450,Valentine's Day (2010),Comedy|Romance,74450,2010.0,Valentine's Day,2.6666666666666665,3
74452,"Wolfman, The (2010)",Horror|Thriller,74452,2010.0,"Wolfman, The",2.25,2
74458,Shutter Island (2010),Drama|Mystery|Thriller,74458,2010.0,Shutter Island,4.022388059701493,67
74508,Persuasion (2007),Drama|Romance,74508,2007.0,Persuasion,3.3333333333333335,3
74510,"Girl Who Played with Fire, The (Flickan som lekte med elden) (2009)",Action|Crime|Drama|Mystery|Thriller,74510,2009.0,"Girl Who Played with Fire, The (Flickan som lekte med elden)",4.25,4
74530,Percy Jackson & the Olympians: The Lightning Thief (2010),Adventure|Fantasy,74530,2010.0,Percy Jackson & the Olympians: The Lightning Thief,2.357142857142857,7
74532,Cop Out (2010),Action|Comedy|Crime,74532,2010.0,Cop Out,2.5,5
74545,"Ghost Writer, The (2010)",Drama|Mystery|Thriller,74545,2010.0,"Ghost Writer, The",3.7857142857142856,7
74553,"Secret of Kells, The (2009)",Animation|Fantasy,74553,2009.0,"Secret of Kells, The",4.0,2
74580,"Spy Next Door, The (2010)",Action|Children|Comedy,74580,2010.0,"Spy Next Door, The",2.0,1
74624,Agora (2009),Adventure|Drama|Romance,74624,2009.0,Agora,4.0,1
74647,Motherhood (2009),Comedy,74647,2009.0,Motherhood,1.0,1
74668,District 13: Ultimatum (Banlieue 13 - Ultimatum) (2009),Action|Sci-Fi,74668,2009.0,District 13: Ultimatum (Banlieue 13 - Ultimatum),3.75,2
74677,"Yes Men Fix the World, The (2009)",Documentary,74677,2009.0,"Yes Men Fix the World, The",4.0,1
74683,Mike Bassett: England Manager (2001),Comedy,74683,2001.0,Mike Bassett: England Manager,4.0,1
74685,"Crazies, The (2010)",Action|Drama|Horror|Sci-Fi|Thriller,74685,2010.0,"Crazies, The",3.375,4
74688,Dear John (2010),Drama|Romance|War,74688,2010.0,Dear John,3.5,1
74696,Last Train Home (2009),Documentary|Drama,74696,2009.0,Last Train Home,3.0,1
74698,Tooth Fairy (2010),Comedy|Fantasy,74698,2010.0,Tooth Fairy,2.1666666666666665,3
74727,Gentlemen of Fortune (Dzhentlmeny udachi) (1972),Comedy|Crime|Drama|Mystery,74727,1972.0,Gentlemen of Fortune (Dzhentlmeny udachi),4.75,2
74750,[REC]² (2009),Horror|Thriller,74750,2009.0,[REC]²,3.6666666666666665,3
74754,"Room, The (2003)",Comedy|Drama|Romance,74754,2003.0,"Room, The",3.6666666666666665,3
74789,Alice in Wonderland (2010),Adventure|Fantasy|IMAX,74789,2010.0,Alice in Wonderland,2.875,28
74791,"Town Called Panic, A (Panique au village) (2009)",Animation,74791,2009.0,"Town Called Panic, A (Panique au village)",3.75,2
74795,Green Zone (2010),Action|Drama|Thriller|War,74795,2010.0,Green Zone,3.5,9
74851,From Paris with Love (2010),Action|Crime,74851,2010.0,From Paris with Love,2.5,2
74868,Dorian Gray (2009),Drama|Horror|Sci-Fi,74868,2009.0,Dorian Gray,3.0,5
74916,Greenberg (2010),Comedy|Drama,74916,2010.0,Greenberg,2.3333333333333335,3
74946,She's Out of My League (2010),Comedy,74946,2010.0,She's Out of My League,3.2222222222222223,9
74948,Harry Brown (2009),Crime|Drama|Thriller,74948,2009.0,Harry Brown,4.0,2
75341,Remember Me (2010),Drama|Romance,75341,2010.0,Remember Me,4.0,1
75389,"Burrowers, The (2008)",Horror|Thriller|Western,75389,2008.0,"Burrowers, The",3.0,1
75395,Frozen (2010),Drama|Horror|Thriller,75395,2010.0,Frozen,3.25,2
75416,Generation X (1996),Action|Adventure|Sci-Fi,75416,1996.0,Generation X,1.5,1
75446,Little Ashes (2008),Drama,75446,2008.0,Little Ashes,2.5,1
75803,Our Family Wedding (2010),Comedy,75803,2010.0,Our Family Wedding,1.5,1
75805,"Bounty Hunter, The (2010)",Action|Comedy|Romance,75805,2010.0,"Bounty Hunter, The",2.75,6
75813,Leaves of Grass (2009),Comedy|Crime|Drama|Thriller,75813,2009.0,Leaves of Grass,3.1666666666666665,3
75816,Women in Trouble (2009),Comedy,75816,2009.0,Women in Trouble,2.0,1
75947,Mondo Cane (1962),Documentary,75947,1962.0,Mondo Cane,2.0,1
75985,Repo Men (2010),Action|Sci-Fi|Thriller,75985,2010.0,Repo Men,3.5,6
76030,Case 39 (2009),Horror|Thriller,76030,2009.0,Case 39,0.5,1
76054,Oceans (Océans) (2009),Documentary|Drama,76054,2009.0,Oceans (Océans),4.0,1
76060,"Slammin' Salmon, The (2009)",Comedy,76060,2009.0,"Slammin' Salmon, The",3.5,2
76077,Hot Tub Time Machine (2010),Comedy|Sci-Fi,76077,2010.0,Hot Tub Time Machine,3.3,15
76091,Mother (Madeo) (2009),Crime|Drama|Mystery|Thriller,76091,2009.0,Mother (Madeo),5.0,1
76093,How to Train Your Dragon (2010),Adventure|Animation|Children|Fantasy|IMAX,76093,2010.0,How to Train Your Dragon,3.943396226415094,53
76143,"Bone Man, The (Der Knochenmann) (2009)",Crime|Thriller,76143,2009.0,"Bone Man, The (Der Knochenmann)",4.5,1
76173,Micmacs (Micmacs à tire-larigot) (2009),Comedy|Crime,76173,2009.0,Micmacs (Micmacs à tire-larigot),3.75,2
76175,Clash of the Titans (2010),Action|Adventure|Drama|Fantasy,76175,2010.0,Clash of the Titans,2.3076923076923075,13
76251,Kick-Ass (2010),Action|Comedy,76251,2010.0,Kick-Ass,3.6511627906976742,43
76293,Date Night (2010),Action|Comedy|Romance,76293,2010.0,Date Night,3.3181818181818183,11
76301,"Emperor's New Groove 2: Kronk's New Groove, The (2005)",Animation|Children|Comedy|Romance,76301,2005.0,"Emperor's New Groove 2: Kronk's New Groove, The",4.5,1
76738,Steam of Life (Miesten vuoro) (2010),Documentary,76738,2010.0,Steam of Life (Miesten vuoro),3.5,1
76743,Mortadelo & Filemon: The Big Adventure (La gran aventura de Mortadelo y Filemón) (2003),Action|Adventure|Comedy,76743,2003.0,Mortadelo & Filemon: The Big Adventure (La gran aventura de Mortadelo y Filemón),3.5,1
76751,American Drug War: The Last White Hope (2007),Crime|Documentary,76751,2007.0,American Drug War: The Last White Hope,3.0,1
76763,"Runaways, The (2010)",Drama|Musical,76763,2010.0,"Runaways, The",3.5,1
77177,Wild China (2008),Documentary,77177,2008.0,Wild China,4.0,1
77191,Death at a Funeral (2010),Comedy,77191,2010.0,Death at a Funeral,3.25,2
77201,Valhalla Rising (2009),Action|Drama|War,77201,2009.0,Valhalla Rising,2.5,1
77206,Diary of a Wimpy Kid (2010),Children|Comedy,77206,2010.0,Diary of a Wimpy Kid,3.5,1
77233,"Union: The Business Behind Getting High, The (2007)",Comedy|Documentary,77233,2007.0,"Union: The Business Behind Getting High, The",3.5,1
77266,Disgrace (2008),Drama,77266,2008.0,Disgrace,3.5,1
77364,"Losers, The (2010)",Action|Adventure|Drama|Mystery|Thriller,77364,2010.0,"Losers, The",3.0,3
77414,"Last Song, The (2010)",Drama|Romance,77414,2010.0,"Last Song, The",3.5,1
77421,Cyrus (2010),Comedy|Drama|Romance,77421,2010.0,Cyrus,2.5,1
77427,"Human Centipede, The (First Sequence) (2009)",Horror,77427,2009.0,"Human Centipede, The (First Sequence)",0.5,1
77455,Exit Through the Gift Shop (2010),Comedy|Documentary,77455,2010.0,Exit Through the Gift Shop,4.038461538461538,13
77561,Iron Man 2 (2010),Action|Adventure|Sci-Fi|Thriller|IMAX,77561,2010.0,Iron Man 2,3.5106382978723403,47
77667,MacGruber (2010),Action|Comedy,77667,2010.0,MacGruber,3.0,1
77688,Three Men and a Cradle (3 hommes et un couffin) (1985),Comedy,77688,1985.0,Three Men and a Cradle (3 hommes et un couffin),4.5,1
77709,"Sky Crawlers, The (Sukai kurora) (2008)",Adventure|Animation|Drama,77709,2008.0,"Sky Crawlers, The (Sukai kurora)",2.5,1
77795,Cargo (2009),Sci-Fi,77795,2009.0,Cargo,3.5,1
77798,"Nightmare on Elm Street, A (2010)",Fantasy|Horror|Thriller,77798,2010.0,"Nightmare on Elm Street, A",1.25,2
77800,Four Lions (2010),Comedy|Drama,77800,2010.0,Four Lions,4.0,5
77841,St Trinian's 2: The Legend of Fritton's Gold (2009),Adventure|Comedy,77841,2009.0,St Trinian's 2: The Legend of Fritton's Gold,2.0,1
77846,12 Angry Men (1997),Crime|Drama,77846,1997.0,12 Angry Men,5.0,1
77866,Robin Hood (2010),Action|Adventure|Drama|Romance|War,77866,2010.0,Robin Hood,3.1666666666666665,6
77881,Lovers & Leavers (Kuutamolla) (2002),Drama|Romance,77881,2002.0,Lovers & Leavers (Kuutamolla),3.5,1
77893,Merantau (2009),Action|Drama,77893,2009.0,Merantau,4.0,1
77931,Stingray Sam (2009),Comedy|Musical|Sci-Fi|Western,77931,2009.0,Stingray Sam,4.0,1
78034,Cemetery Junction (2010),Comedy|Drama|Romance,78034,2010.0,Cemetery Junction,3.5,1
78039,Blue Valentine (2010),Drama|Romance,78039,2010.0,Blue Valentine,2.8,5
78041,Killers (2010),Action|Comedy,78041,2010.0,Killers,2.25,2
78088,Buried (2010),Mystery|Thriller,78088,2010.0,Buried,3.5,4
78103,Shake Hands with the Devil (2007),Drama|War,78103,2007.0,Shake Hands with the Devil,2.5,1
78105,Prince of Persia: The Sands of Time (2010),Action|Adventure|Fantasy|Romance|IMAX,78105,2010.0,Prince of Persia: The Sands of Time,2.8846153846153846,13
78116,Please Give (2010),Comedy|Drama,78116,2010.0,Please Give,3.5,1
78142,Baarìa (2009),Comedy|Drama|War,78142,2009.0,Baarìa,4.5,1
78160,Ricky Gervais Live: Animals (2003),Comedy,78160,2003.0,Ricky Gervais Live: Animals,3.5,1
78174,Sex and the City 2 (2010),Comedy|Drama|Romance,78174,2010.0,Sex and the City 2,1.0,2
78209,Get Him to the Greek (2010),Comedy,78209,2010.0,Get Him to the Greek,3.55,10
78218,Unthinkable (2010),Drama|Thriller,78218,2010.0,Unthinkable,3.0,1
78264,"Back-up Plan, The (2010)",Comedy|Romance,78264,2010.0,"Back-up Plan, The",3.0,1
78266,Splice (2009),Horror|Sci-Fi|Thriller,78266,2009.0,Splice,3.5,3
78316,Letters to Juliet (2010),Drama|Romance,78316,2010.0,Letters to Juliet,2.8333333333333335,3
78349,Exam (2009),Mystery|Thriller,78349,2009.0,Exam,3.8,5
78467,Jonah Hex (2010),Action|Drama|Thriller|Western,78467,2010.0,Jonah Hex,1.875,4
78469,"A-Team, The (2010)",Action|Comedy|Thriller,78469,2010.0,"A-Team, The",3.1470588235294117,17
78499,Toy Story 3 (2010),Adventure|Animation|Children|Comedy|Fantasy|IMAX,78499,2010.0,Toy Story 3,4.109090909090909,55
78544,Ricky Gervais Live 3: Fame (2007),Comedy,78544,2007.0,Ricky Gervais Live 3: Fame,3.0,1
78574,Winter's Bone (2010),Drama|Thriller,78574,2010.0,Winter's Bone,3.4375,8
78620,"Scalphunters, The (1968)",Comedy|Western,78620,1968.0,"Scalphunters, The",4.5,1
78626,Barking Dogs Never Bite (Flandersui gae) (2000),Comedy|Horror,78626,2000.0,Barking Dogs Never Bite (Flandersui gae),3.5,1
78637,Shrek Forever After (a.k.a. Shrek: The Final Chapter) (2010),Adventure|Animation|Children|Comedy|Fantasy|IMAX,78637,2010.0,Shrek Forever After (a.k.a. Shrek: The Final Chapter),3.5714285714285716,7
78703,TiMER (2009),Comedy|Drama|Fantasy|Romance,78703,2009.0,TiMER,3.75,2
78746,Best Worst Movie (2009),Documentary,78746,2009.0,Best Worst Movie,4.0,1
78772,"Twilight Saga: Eclipse, The (2010)",Fantasy|Romance|Thriller|IMAX,78772,2010.0,"Twilight Saga: Eclipse, The",2.45,10
78836,Enter the Void (2009),Drama,78836,2009.0,Enter the Void,5.0,2
78893,"Last Airbender, The (2010)",Action|Adventure|Fantasy,78893,2010.0,"Last Airbender, The",1.9166666666666667,6
78959,Endgame (2009),Drama,78959,2009.0,Endgame,3.0,1
79006,Empire of Dreams: The Story of the 'Star Wars' Trilogy (2004),Documentary,79006,2004.0,Empire of Dreams: The Story of the 'Star Wars' Trilogy,4.5,1
79008,South Park: Imaginationland (2008),Animation|Comedy|Fantasy,79008,2008.0,South Park: Imaginationland,4.0,8
79057,Predators (2010),Action|Sci-Fi|Thriller,79057,2010.0,Predators,3.3,10
79073,When You're Strange (2009),Documentary,79073,2009.0,When You're Strange,4.0,1
79091,Despicable Me (2010),Animation|Children|Comedy|Crime,79091,2010.0,Despicable Me,3.6842105263157894,38
79132,Inception (2010),Action|Crime|Drama|Mystery|Sci-Fi|Thriller|IMAX,79132,2010.0,Inception,4.066433566433567,143
79134,Grown Ups (2010),Comedy,79134,2010.0,Grown Ups,3.45,10
79139,"Sorcerer's Apprentice, The (2010)",Action|Adventure|Children|Comedy|Fantasy,79139,2010.0,"Sorcerer's Apprentice, The",3.45,10
79185,Knight and Day (2010),Action|Comedy|Romance,79185,2010.0,Knight and Day,3.4166666666666665,6
79224,"Karate Kid, The (2010)",Action|Children|Drama,79224,2010.0,"Karate Kid, The",2.5,8
79242,"Kids Are All Right, The (2010)",Comedy|Drama,79242,2010.0,"Kids Are All Right, The",2.9166666666666665,6
79251,"Serbian Film, A (Srpski film) (2010)",Horror|Thriller,79251,2010.0,"Serbian Film, A (Srpski film)",2.25,2
79259,Cherrybomb (2009),Drama|Thriller,79259,2009.0,Cherrybomb,2.5,1
79274,Batman: Under the Red Hood (2010),Action|Animation,79274,2010.0,Batman: Under the Red Hood,3.6666666666666665,3
79293,Salt (2010),Action|Thriller,79293,2010.0,Salt,2.966666666666667,15
79299,"No. 1 Ladies' Detective Agency, The (2008)",Comedy|Crime|Mystery,79299,2008.0,"No. 1 Ladies' Detective Agency, The",3.0,1
79333,Watch Out for the Automobile (Beregis avtomobilya) (1966),Comedy|Crime|Romance,79333,1966.0,Watch Out for the Automobile (Beregis avtomobilya),4.0,1
79357,Mr. Nobody (2009),Drama|Fantasy|Romance|Sci-Fi,79357,2009.0,Mr. Nobody,4.142857142857143,7
79428,Dinner for Schmucks (2010),Comedy,79428,2010.0,Dinner for Schmucks,3.2857142857142856,7
79501,Deadly Outlaw: Rekka (a.k.a. Violent Fire) (Jitsuroku Andô Noboru kyôdô-den: Rekka) (2002),Crime|Drama|Thriller,79501,2002.0,Deadly Outlaw: Rekka (a.k.a. Violent Fire) (Jitsuroku Andô Noboru kyôdô-den: Rekka),4.0,1
79536,Hellsinki (Rööperi) (2009),Crime,79536,2009.0,Hellsinki (Rööperi),3.0,1
79553,Ip Man 2 (2010),Action,79553,2010.0,Ip Man 2,3.0,5
79572,Ramona and Beezus (2010),Children|Comedy,79572,2010.0,Ramona and Beezus,2.5,1
79590,"Rebound, The (2009)",Comedy|Romance,79590,2009.0,"Rebound, The",2.5,1
79592,"Other Guys, The (2010)",Action|Comedy,79592,2010.0,"Other Guys, The",3.261904761904762,21
79677,"Two Escobars, The (2010)",Crime|Documentary,79677,2010.0,"Two Escobars, The",3.5,1
79684,Paper Man (2009),Comedy|Drama,79684,2009.0,Paper Man,4.0,1
79695,"Expendables, The (2010)",Action|Adventure|Thriller,79695,2010.0,"Expendables, The",3.0588235294117645,17
79702,Scott Pilgrim vs. the World (2010),Action|Comedy|Fantasy|Musical|Romance,79702,2010.0,Scott Pilgrim vs. the World,3.7045454545454546,44
79798,I Killed My Mother (J'ai tué ma mère) (2009),Drama,79798,2009.0,I Killed My Mother (J'ai tué ma mère),3.5,2
79868,Heartless (2009),Fantasy|Horror|Mystery|Thriller,79868,2009.0,Heartless,2.5,1
79879,Piranha (Piranha 3D) (2010),Action|Horror|Thriller,79879,2010.0,Piranha (Piranha 3D),2.1666666666666665,3
79895,"Extraordinary Adventures of Adèle Blanc-Sec, The (2010)",Action|Adventure|Fantasy|Mystery,79895,2010.0,"Extraordinary Adventures of Adèle Blanc-Sec, The",2.5,1
79897,Get Low (2009),Comedy|Drama|Mystery,79897,2009.0,Get Low,5.0,1
79946,"Joneses, The (2009)",Comedy|Drama,79946,2009.0,"Joneses, The",3.5,1
80083,Dragon Ball Z: Dead Zone (Doragon bôru Z 1: Ora no Gohan wo kaese) (1989),Action|Adventure|Animation|Fantasy|Sci-Fi,80083,1989.0,Dragon Ball Z: Dead Zone (Doragon bôru Z 1: Ora no Gohan wo kaese),4.0,1
80094,"Last Exorcism, The (2010)",Horror|Thriller,80094,2010.0,"Last Exorcism, The",4.0,1
80124,Sisters (Syostry) (2001),Action|Crime|Drama,80124,2001.0,Sisters (Syostry),5.0,1
80126,"American, The (2010)",Drama|Thriller,80126,2010.0,"American, The",2.625,4
80139,Jackass 2.5 (2007),Comedy|Documentary,80139,2007.0,Jackass 2.5,4.166666666666667,3
80162,"Horde, The (La Horde) (2009)",Action|Horror|Thriller,80162,2009.0,"Horde, The (La Horde)",2.5,1
80166,"Switch, The (2010)",Comedy|Romance,80166,2010.0,"Switch, The",2.6666666666666665,6
80219,Machete (2010),Action|Adventure|Comedy|Crime|Thriller,80219,2010.0,Machete,3.25,12
80241,Going the Distance (2010),Comedy|Romance,80241,2010.0,Going the Distance,3.1666666666666665,3
80363,Resident Evil: Afterlife (2010),Action|Horror|Sci-Fi|Thriller|IMAX,80363,2010.0,Resident Evil: Afterlife,3.142857142857143,7
80454,Princess (Prinsessa) (2010),Drama,80454,2010.0,Princess (Prinsessa),2.5,1
80463,"Social Network, The (2010)",Drama,80463,2010.0,"Social Network, The",3.8859649122807016,57
80478,"Man Vanishes, A (Ningen Johatsu) (1967)",Documentary|Drama|Mystery,80478,1967.0,"Man Vanishes, A (Ningen Johatsu)",4.0,1
80489,"Town, The (2010)",Crime|Drama|Thriller,80489,2010.0,"Town, The",3.9545454545454546,22
80549,Easy A (2010),Comedy|Romance,80549,2010.0,Easy A,3.7962962962962963,27
80551,Eat Pray Love (2010),Drama|Romance,80551,2010.0,Eat Pray Love,3.5,2
80553,Howl (2010),Drama,80553,2010.0,Howl,3.5,1
80572,I'm Still Here (2010),Comedy|Drama,80572,2010.0,I'm Still Here,4.0,1
80584,"Patrik Age 1.5 (Patrik 1,5) (2008)",Comedy|Drama|Romance,80584,2008.0,"Patrik Age 1.5 (Patrik 1,5)",4.0,1
80586,Flipped (2010),Comedy|Drama|Romance,80586,2010.0,Flipped,3.8333333333333335,3
80590,Wall Street: Money Never Sleeps (2010),Drama,80590,2010.0,Wall Street: Money Never Sleeps,3.1666666666666665,3
80615,Legend of the Guardians: The Owls of Ga'Hoole (2010),Adventure|Animation|Fantasy|IMAX,80615,2010.0,Legend of the Guardians: The Owls of Ga'Hoole,4.0,2
80693,It's Kind of a Funny Story (2010),Comedy|Drama,80693,2010.0,It's Kind of a Funny Story,3.1875,8
80727,Middle Men (2009),Comedy|Crime|Drama,80727,2009.0,Middle Men,3.25,2
80748,Alice in Wonderland (1933),Adventure|Children|Fantasy,80748,1933.0,Alice in Wonderland,4.0,1
80831,Let Me In (2010),Drama|Horror|Mystery,80831,2010.0,Let Me In,3.857142857142857,7
80834,Sintel (2010),Animation|Fantasy,80834,2010.0,Sintel,3.5,1
80839,Secretariat (2010),Adventure|Drama,80839,2010.0,Secretariat,2.5,1
80846,Devil (2010),Horror|Mystery|Thriller,80846,2010.0,Devil,3.25,2
80858,You Again (2010),Comedy,80858,2010.0,You Again,3.5,1
80860,Life as We Know It (2010),Comedy|Romance,80860,2010.0,Life as We Know It,3.0,6
80862,Catfish (2010),Documentary|Mystery,80862,2010.0,Catfish,3.6666666666666665,3
80864,You Will Meet a Tall Dark Stranger (2010),Comedy|Romance,80864,2010.0,You Will Meet a Tall Dark Stranger,3.5,1
80880,Stone (2010),Drama|Thriller,80880,2010.0,Stone,3.25,2
80906,Inside Job (2010),Documentary,80906,2010.0,Inside Job,4.291666666666667,12
80917,Monsters (2010),Drama|Sci-Fi,80917,2010.0,Monsters,3.5,1
80969,Never Let Me Go (2010),Drama|Romance|Sci-Fi,80969,2010.0,Never Let Me Go,4.0,3
81018,"Illusionist, The (L'illusionniste) (2010)",Animation,81018,2010.0,"Illusionist, The (L'illusionniste)",3.0,3
81087,Luck by Chance (2009),Drama,81087,2009.0,Luck by Chance,4.5,1
81132,Rubber (2010),Action|Adventure|Comedy|Crime|Drama|Film-Noir|Horror|Mystery|Thriller|Western,81132,2010.0,Rubber,3.75,2
81156,Jackass 3D (2010),Action|Comedy|Documentary,81156,2010.0,Jackass 3D,3.9166666666666665,6
81158,Restrepo (2010),Documentary|War,81158,2010.0,Restrepo,3.1666666666666665,3
81191,Waiting for 'Superman' (2010),Documentary,81191,2010.0,Waiting for 'Superman',4.0,1
81229,Red (2010),Action|Comedy,81229,2010.0,Red,3.5,20
81257,In a Better World (Hævnen) (2010),Drama,81257,2010.0,In a Better World (Hævnen),3.5,1
81383,Heartbreaker (L'Arnacoeur) (2010),Comedy|Romance,81383,2010.0,Heartbreaker (L'Arnacoeur),2.5,1
81417,Paranormal Activity 2 (2010),Horror|IMAX,81417,2010.0,Paranormal Activity 2,3.7,5
81456,Heartbeats (Les amours imaginaires) (2010),Drama|Romance,81456,2010.0,Heartbeats (Les amours imaginaires),3.0,2
81512,Hereafter (2010),Drama|Fantasy,81512,2010.0,Hereafter,4.0,1
81520,Undisputed III: Redemption (2010),Action|Crime|Drama,81520,2010.0,Undisputed III: Redemption,4.0,1
81535,Saw VII 3D - The Final Chapter (2010),Horror|Mystery|Thriller,81535,2010.0,Saw VII 3D - The Final Chapter,4.5,1
81537,Due Date (2010),Comedy,81537,2010.0,Due Date,3.1,10
81562,127 Hours (2010),Adventure|Drama|Thriller,81562,2010.0,127 Hours,3.8333333333333335,18
81564,Megamind (2010),Action|Animation|Children|Comedy|Sci-Fi|IMAX,81564,2010.0,Megamind,3.6,20
81591,Black Swan (2010),Drama|Thriller,81591,2010.0,Black Swan,3.630952380952381,42
81681,I Shot Jesse James (1949),Drama|Romance|Western,81681,1949.0,I Shot Jesse James,2.0,1
81782,Unstoppable (2010),Action|Drama|Thriller,81782,2010.0,Unstoppable,3.357142857142857,7
81784,Morning Glory (2010),Comedy|Drama|Romance,81784,2010.0,Morning Glory,2.6666666666666665,6
81786,Certified Copy (Copie conforme) (2010),Drama,81786,2010.0,Certified Copy (Copie conforme),4.0,1
81788,"Next Three Days, The (2010)",Crime|Drama|Romance|Thriller,81788,2010.0,"Next Three Days, The",3.857142857142857,7
81791,Somewhere (2010),Drama,81791,2010.0,Somewhere,3.0,1
81819,Biutiful (2010),Drama,81819,2010.0,Biutiful,4.25,2
81831,"First Beautiful Thing, The (La prima cosa bella) (2010)",Comedy|Drama,81831,2010.0,"First Beautiful Thing, The (La prima cosa bella)",4.0,1
81834,Harry Potter and the Deathly Hallows: Part 1 (2010),Action|Adventure|Fantasy|IMAX,81834,2010.0,Harry Potter and the Deathly Hallows: Part 1,3.9893617021276597,47
81845,"King's Speech, The (2010)",Drama,81845,2010.0,"King's Speech, The",4.043103448275862,58
81847,Tangled (2010),Animation|Children|Comedy|Fantasy|Musical|Romance|IMAX,81847,2010.0,Tangled,3.9166666666666665,24
81910,"Art of the Steal, The (2009)",Documentary,81910,2009.0,"Art of the Steal, The",4.0,2
81932,"Fighter, The (2010)",Drama,81932,2010.0,"Fighter, The",3.760869565217391,23
81949,"Romantics, The (2010)",Comedy|Drama|Romance,81949,2010.0,"Romantics, The",3.0,1
82041,"Loved Ones, The (2009)",Horror,82041,2009.0,"Loved Ones, The",4.25,2
82053,Casino Jack (2010),Comedy|Crime,82053,2010.0,Casino Jack,4.0,2
82088,Vincent Wants to Sea (Vincent will meer) (2010),Drama,82088,2010.0,Vincent Wants to Sea (Vincent will meer),3.0,1
82093,London Boulevard (2010),Crime|Romance,82093,2010.0,London Boulevard,1.5,1
82095,Skyline (2010),Sci-Fi|Thriller,82095,2010.0,Skyline,0.5,1
82152,Beastly (2011),Drama|Fantasy|Romance,82152,2011.0,Beastly,3.5,1
82167,Love and Other Drugs (2010),Comedy|Drama|Romance,82167,2010.0,Love and Other Drugs,2.7857142857142856,7
82169,"Chronicles of Narnia: The Voyage of the Dawn Treader, The (2010)",Adventure|Children|Fantasy,82169,2010.0,"Chronicles of Narnia: The Voyage of the Dawn Treader, The",3.857142857142857,7
82202,"Tourist, The (2010)",Drama|Thriller,82202,2010.0,"Tourist, The",2.7142857142857144,7
82242,Rare Exports: A Christmas Tale (Rare Exports) (2010),Action|Comedy,82242,2010.0,Rare Exports: A Christmas Tale (Rare Exports),4.25,2
82366,Hatchet II (2010),Comedy|Horror|Thriller,82366,2010.0,Hatchet II,4.5,1
82378,All Good Things (2010),Drama|Mystery|Thriller,82378,2010.0,All Good Things,3.75,2
82459,True Grit (2010),Western,82459,2010.0,True Grit,3.75,28
82461,Tron: Legacy (2010),Action|Adventure|Sci-Fi|IMAX,82461,2010.0,Tron: Legacy,3.236842105263158,19
82499,How Do You Know (2010),Comedy|Drama|Romance,82499,2010.0,How Do You Know,2.6666666666666665,3
82527,Barney's Version (2010),Drama,82527,2010.0,Barney's Version,4.0,1
82534,"Company Men, The (2010)",Drama,82534,2010.0,"Company Men, The",2.5,1
82641,"One-Armed Swordsman, The (Dubei dao) (1967)",Action|Drama,82641,1967.0,"One-Armed Swordsman, The (Dubei dao)",3.0,1
82667,I Saw the Devil (Akmareul boatda) (2010),Crime|Thriller,82667,2010.0,I Saw the Devil (Akmareul boatda),3.875,4
82684,Trash Humpers (2009),Drama,82684,2009.0,Trash Humpers,0.5,1
82744,Faster (2010),Action|Crime|Drama,82744,2010.0,Faster,5.0,1
82765,Little Big Soldier (Da bing xiao jiang) (2010),Action|Adventure|Comedy|Drama|War,82765,2010.0,Little Big Soldier (Da bing xiao jiang),3.5,1
82767,Rabbit Hole (2010),Drama,82767,2010.0,Rabbit Hole,3.5,1
82848,One Week (1920),Comedy,82848,1920.0,One Week,3.5,1
82852,Little Fockers (2010),Comedy,82852,2010.0,Little Fockers,1.8333333333333333,6
82854,Gulliver's Travels (2010),Adventure|Comedy|Fantasy,82854,2010.0,Gulliver's Travels,1.8333333333333333,6
82857,Sweetgrass (2009),Adventure|Documentary|Western,82857,2009.0,Sweetgrass,4.5,1
83086,Burlesque (2010),Drama|Musical|Romance,83086,2010.0,Burlesque,2.5,1
83132,"Secret World of Arrietty, The (Kari-gurashi no Arietti) (2010)",Animation|Children|Fantasy,83132,2010.0,"Secret World of Arrietty, The (Kari-gurashi no Arietti)",3.5,4
83134,Tucker & Dale vs Evil (2010),Comedy|Horror,83134,2010.0,Tucker & Dale vs Evil,3.9166666666666665,18
83177,Yogi Bear (2010),Children|Comedy,83177,2010.0,Yogi Bear,1.1666666666666667,3
83270,Made in Dagenham (2010),Comedy|Drama,83270,2010.0,Made in Dagenham,2.0,1
83349,"Green Hornet, The (2011)",Action|Comedy|Crime|Fantasy|Thriller|IMAX,83349,2011.0,"Green Hornet, The",3.0,11
83369,"Way Back, The (2010)",Drama,83369,2010.0,"Way Back, The",4.0,1
83374,"Warrior's Way, The (2010)",Action|Fantasy|Western,83374,2010.0,"Warrior's Way, The",3.5,1
83480,Season of the Witch (2011),Adventure|Drama|Fantasy,83480,2011.0,Season of the Witch,3.5,1
83601,Amer (2009),Drama|Horror,83601,2009.0,Amer,0.5,1
83613,Cowboys & Aliens (2011),Action|Sci-Fi|Thriller|Western|IMAX,83613,2011.0,Cowboys & Aliens,3.0,9
83796,Anything for Her (Pour elle) (2008),Crime|Drama|Thriller,83796,2008.0,Anything for Her (Pour elle),2.5,1
83803,Day & Night (2010),Animation|Children,83803,2010.0,Day & Night,4.1,5
83827,Marwencol (2010),Documentary,83827,2010.0,Marwencol,4.25,2
83910,"Dilemma, The (2011)",Comedy|Drama,83910,2011.0,"Dilemma, The",2.5,2
83969,Down Argentine Way (1940),Comedy|Drama|Romance,83969,1940.0,Down Argentine Way,5.0,1
83976,"Trip, The (2010)",Comedy|Drama,83976,2010.0,"Trip, The",4.0,1
84152,Limitless (2011),Sci-Fi|Thriller,84152,2011.0,Limitless,3.95,30
84156,Happy People: A Year in the Taiga (2010),Documentary,84156,2010.0,Happy People: A Year in the Taiga,4.5,1
84187,Evangelion: 2.0 You Can (Not) Advance (Evangerion shin gekijôban: Ha) (2009),Action|Animation|Drama|Sci-Fi,84187,2009.0,Evangelion: 2.0 You Can (Not) Advance (Evangerion shin gekijôban: Ha),3.5,3
84189,I Spit on Your Grave (2010),Crime|Horror|Thriller,84189,2010.0,I Spit on Your Grave,3.75,2
84240,Even the Rain (También la lluvia) (2010),Drama,84240,2010.0,Even the Rain (También la lluvia),4.0,1
84246,It Happened on Fifth Avenue (1947),Comedy|Romance,84246,1947.0,It Happened on Fifth Avenue,4.5,1
84273,Zeitgeist: Moving Forward (2011),Documentary,84273,2011.0,Zeitgeist: Moving Forward,5.0,1
84374,No Strings Attached (2011),Comedy|Romance,84374,2011.0,No Strings Attached,2.9285714285714284,14
84392,"Lincoln Lawyer, The (2011)",Crime|Drama|Thriller,84392,2011.0,"Lincoln Lawyer, The",3.6,10
84414,All-Star Superman (2011),Action|Adventure|Animation|Sci-Fi,84414,2011.0,All-Star Superman,4.25,2
84512,Girls About Town (1931),Comedy,84512,1931.0,Girls About Town,5.0,1
84523,Kill! (Kiru) (1968),Action|Comedy|Drama,84523,1968.0,Kill! (Kiru),3.0,1
84553,Pekka ja Pätkä salapoliiseina (1957),Comedy,84553,1957.0,Pekka ja Pätkä salapoliiseina,4.0,1
84601,Unknown (2011),Drama|Mystery|Thriller,84601,2011.0,Unknown,3.3333333333333335,6
84615,Cedar Rapids (2011),Comedy,84615,2011.0,Cedar Rapids,2.25,2
84637,Gnomeo & Juliet (2011),Adventure|Animation|Children|Comedy|Fantasy|Romance,84637,2011.0,Gnomeo & Juliet,3.0,1
84696,Burke and Hare (2010),Comedy|Thriller,84696,2010.0,Burke and Hare,4.0,1
84716,Castaway on the Moon (Kimssi pyoryugi) (2009),Comedy|Drama|Romance,84716,2009.0,Castaway on the Moon (Kimssi pyoryugi),4.0,1
84772,Paul (2011),Adventure|Comedy|Sci-Fi,84772,2011.0,Paul,3.2,15
84799,"Asphyx, The (1973)",Horror|Sci-Fi,84799,1973.0,"Asphyx, The",4.5,1
84844,Brother 2 (Brat 2) (2000),Crime|Drama,84844,2000.0,Brother 2 (Brat 2),4.5,1
84847,Emma (2009),Comedy|Drama|Romance,84847,2009.0,Emma,2.5,2
84942,Drive Angry (2011),Action|Fantasy|Thriller,84942,2011.0,Drive Angry,3.75,2
84944,Rango (2011),Action|Adventure|Animation|Children|Comedy|Western,84944,2011.0,Rango,3.6176470588235294,17
84950,Take Me Home Tonight (2011),Comedy|Drama,84950,2011.0,Take Me Home Tonight,2.5,1
84952,Confessions (Kokuhaku) (2010),Drama|Horror,84952,2010.0,Confessions (Kokuhaku),4.0,1
84954,"Adjustment Bureau, The (2011)",Romance|Sci-Fi|Thriller,84954,2011.0,"Adjustment Bureau, The",3.1666666666666665,21
85020,"Mechanic, The (2011)",Action|Drama|Thriller,85020,2011.0,"Mechanic, The",3.375,4
85022,Hall Pass (2011),Comedy,85022,2011.0,Hall Pass,3.125,4
85025,"Eagle, The (2011)",Adventure|Drama,85025,2011.0,"Eagle, The",2.0,1
85056,I Am Number Four (2011),Action|Sci-Fi|Thriller|IMAX,85056,2011.0,I Am Number Four,3.1,5
85131,Battle: Los Angeles (2011),Action|Sci-Fi|War,85131,2011.0,Battle: Los Angeles,2.375,4
85179,Summer Wars (Samâ wôzu) (2009),Adventure|Animation|Comedy|Sci-Fi,85179,2009.0,Summer Wars (Samâ wôzu),3.8333333333333335,3
85213,"Sunset Limited, The (2011)",Drama,85213,2011.0,"Sunset Limited, The",4.0,1
85259,Winnie the Pooh and the Honey Tree (1966),Animation|Children,85259,1966.0,Winnie the Pooh and the Honey Tree,4.0,1
85261,Mars Needs Moms (2011),Action|Adventure|Animation|Children|Comedy|Sci-Fi|IMAX,85261,2011.0,Mars Needs Moms,3.5,1
85295,Scooby-Doo! Curse of the Lake Monster (2010),Adventure|Children|Comedy|Mystery,85295,2010.0,Scooby-Doo! Curse of the Lake Monster,5.0,1
85316,Winnie the Pooh and Tigger Too (1974),Animation|Children,85316,1974.0,Winnie the Pooh and Tigger Too,3.5,1
85334,Hard Ticket to Hawaii (1987),Action|Comedy,85334,1987.0,Hard Ticket to Hawaii,0.5,1
85342,Elite Squad: The Enemy Within (Tropa de Elite 2 - O Inimigo Agora É Outro) (2010),Action|Crime|Drama,85342,2010.0,Elite Squad: The Enemy Within (Tropa de Elite 2 - O Inimigo Agora É Outro),4.357142857142857,7
85354,Mesrine: Public Enemy #1 (L'ennemi public n°1) (2008),Action|Crime,85354,2008.0,Mesrine: Public Enemy #1 (L'ennemi public n°1),3.5,3
85367,Just Go with It (2011),Comedy|Romance,85367,2011.0,Just Go with It,3.2142857142857144,7
85394,Cave of Forgotten Dreams (2010),Documentary,85394,2010.0,Cave of Forgotten Dreams,3.0,1
85397,Red Riding Hood (2011),Fantasy|Horror|Mystery|Thriller,85397,2011.0,Red Riding Hood,3.5,2
85399,"Big Mommas: Like Father, Like Son (2011)",Comedy,85399,2011.0,"Big Mommas: Like Father, Like Son",1.0,1
85401,Super (2010),Action|Comedy|Drama,85401,2010.0,Super,2.9,5
85412,"Troll Hunter, The (Trolljegeren) (2010)",Fantasy|Horror,85412,2010.0,"Troll Hunter, The (Trolljegeren)",3.75,2
85414,Source Code (2011),Action|Drama|Mystery|Sci-Fi|Thriller,85414,2011.0,Source Code,3.6029411764705883,34
85438,Jane Eyre (2011),Drama|Romance,85438,2011.0,Jane Eyre,3.0,1
85510,Sucker Punch (2011),Action|Fantasy|Thriller|IMAX,85510,2011.0,Sucker Punch,3.125,12
85565,Chalet Girl (2011),Comedy|Romance,85565,2011.0,Chalet Girl,0.0,0
85736,BURN-E (2008),Adventure|Animation|Children|Sci-Fi,85736,2008.0,BURN-E,4.5,3
85774,Senna (2010),Documentary,85774,2010.0,Senna,3.75,6
85780,Family Guy Presents: It's a Trap (2010),Animation|Comedy|Sci-Fi,85780,2010.0,Family Guy Presents: It's a Trap,3.5833333333333335,6
85788,Insidious (2010),Fantasy|Horror|Thriller,85788,2010.0,Insidious,2.6666666666666665,3
85796,Hobo with a Shotgun (2011),Action|Adventure|Crime|Thriller,85796,2011.0,Hobo with a Shotgun,2.375,4
85881,Win Win (2011),Comedy|Drama,85881,2011.0,Win Win,3.75,6
85885,Room in Rome (Habitación en Roma) (2010),Drama|Romance,85885,2010.0,Room in Rome (Habitación en Roma),2.75,2
86000,Boy (2010),Comedy|Drama,86000,2010.0,Boy,4.0,1
86014,Diary of a Wimpy Kid: Rodrick Rules (2011),Comedy,86014,2011.0,Diary of a Wimpy Kid: Rodrick Rules,3.5,1
86028,Henry's Crime (2010),Comedy|Crime,86028,2010.0,Henry's Crime,2.0,1
86059,Hop (2011),Animation|Children|Comedy,86059,2011.0,Hop,2.75,2
86066,Playing the Victim (Izobrazhaya zhertvu) (2006),Comedy,86066,2006.0,Playing the Victim (Izobrazhaya zhertvu),4.0,1
86068,Films to Keep You Awake: The Christmas Tale (Películas para no dormir: Cuento de navidad) (2005),Horror|Thriller,86068,2005.0,Films to Keep You Awake: The Christmas Tale (Películas para no dormir: Cuento de navidad),0.5,1
86142,13 Assassins (Jûsan-nin no shikaku) (2010),Action,86142,2010.0,13 Assassins (Jûsan-nin no shikaku),4.0,4
86190,Hanna (2011),Action|Adventure|Mystery|Thriller,86190,2011.0,Hanna,3.3181818181818183,11
86237,Connections (1978),Documentary,86237,1978.0,Connections,5.0,1
86279,Into Eternity (2010),Documentary,86279,2010.0,Into Eternity,3.5,1
86286,Daffy Duck's Quackbusters (1988),Animation|Children|Comedy|Horror,86286,1988.0,Daffy Duck's Quackbusters,2.0,1
86290,American: The Bill Hicks Story (2009),Comedy|Documentary,86290,2009.0,American: The Bill Hicks Story,4.0,3
86293,Arthur (2011),Comedy,86293,2011.0,Arthur,3.0,6
86295,Scream 4 (2011),Comedy|Horror|Mystery|Thriller,86295,2011.0,Scream 4,2.6666666666666665,3
86298,Rio (2011),Adventure|Animation|Children|Comedy,86298,2011.0,Rio,3.125,8
86320,Melancholia (2011),Drama|Sci-Fi,86320,2011.0,Melancholia,3.0714285714285716,7
86332,Thor (2011),Action|Adventure|Drama|Fantasy|IMAX,86332,2011.0,Thor,3.514705882352941,34
86345,Louis C.K.: Hilarious (2010),Comedy,86345,2010.0,Louis C.K.: Hilarious,4.055555555555555,9
86347,Louis C.K.: Chewed Up (2008),Comedy,86347,2008.0,Louis C.K.: Chewed Up,3.2857142857142856,7
86355,Atlas Shrugged: Part 1 (2011),Drama|Mystery|Sci-Fi,86355,2011.0,Atlas Shrugged: Part 1,2.0,1
86377,Louis C.K.: Shameless (2007),Comedy,86377,2007.0,Louis C.K.: Shameless,4.0,7
86487,Mildred Pierce (2011),Drama,86487,2011.0,Mildred Pierce,4.5,1
86504,Voices from the List (2004),Documentary,86504,2004.0,Voices from the List,4.3,5
86548,Water for Elephants (2011),Drama|Romance,86548,2011.0,Water for Elephants,3.375,4
86593,African Cats (2011),Adventure|Documentary,86593,2011.0,African Cats,2.5,1
86628,Kill the Irishman (2011),Action|Crime,86628,2011.0,Kill the Irishman,4.0,2
86644,"Fast Five (Fast and the Furious 5, The) (2011)",Action|Crime|Drama|Thriller|IMAX,86644,2011.0,"Fast Five (Fast and the Furious 5, The)",3.05,10
86668,Louis Theroux: Law & Disorder (2008),Documentary,86668,2008.0,Louis Theroux: Law & Disorder,5.0,1
86721,Idiots and Angels (2008),Animation|Drama|Fantasy,86721,2008.0,Idiots and Angels,5.0,1
86781,Incendies (2010),Drama|Mystery|War,86781,2010.0,Incendies,4.4,5
86815,Soul Surfer (2011),Action|Drama,86815,2011.0,Soul Surfer,3.5,1
86817,Something Borrowed (2011),Comedy|Drama|Romance,86817,2011.0,Something Borrowed,3.25,2
86833,Bridesmaids (2011),Comedy,86833,2011.0,Bridesmaids,3.761904761904762,21
86835,Priest (2011),Action|Horror|Sci-Fi|Thriller,86835,2011.0,Priest,3.0,3
86864,Mothra (Mosura) (1961),Adventure|Fantasy|Sci-Fi,86864,1961.0,Mothra (Mosura),3.0,1
86880,Pirates of the Caribbean: On Stranger Tides (2011),Action|Adventure|Fantasy|IMAX,86880,2011.0,Pirates of the Caribbean: On Stranger Tides,3.2291666666666665,24
86882,Midnight in Paris (2011),Comedy|Fantasy|Romance,86882,2011.0,Midnight in Paris,3.56,25
86892,The Man from Nowhere (2010),Action|Crime|Thriller,86892,2010.0,The Man from Nowhere,4.5,3
86898,"Tree of Life, The (2011)",Drama,86898,2011.0,"Tree of Life, The",4.0,2
86911,"Hangover Part II, The (2011)",Comedy,86911,2011.0,"Hangover Part II, The",3.2666666666666666,15
86922,Nothing to Declare (Rien à déclarer) (2010),Comedy,86922,2010.0,Nothing to Declare (Rien à déclarer),4.0,1
86960,Across the Hall (2009),Thriller,86960,2009.0,Across the Hall,2.0,1
87028,"Roommate, The (2011)",Drama|Thriller,87028,2011.0,"Roommate, The",2.0,1
87192,Attack the Block (2011),Action|Comedy|Sci-Fi,87192,2011.0,Attack the Block,3.5,6
87194,The Way (2010),Adventure|Comedy|Drama,87194,2010.0,The Way,3.5,2
87197,Let the Bullets Fly (2010),Action|Comedy,87197,2010.0,Let the Bullets Fly,3.0,1
87222,Kung Fu Panda 2 (2011),Action|Adventure|Animation|Children|Comedy|IMAX,87222,2011.0,Kung Fu Panda 2,3.323529411764706,17
87232,X-Men: First Class (2011),Action|Adventure|Sci-Fi|Thriller|War,87232,2011.0,X-Men: First Class,3.7906976744186047,43
87234,Submarine (2010),Comedy|Drama|Romance,87234,2010.0,Submarine,4.166666666666667,3
87287,American Grindhouse (2010),Documentary,87287,2010.0,American Grindhouse,4.0,1
87298,Everything Must Go (2010),Comedy|Drama,87298,2010.0,Everything Must Go,2.6666666666666665,3
87304,Beginners (2010),Drama,87304,2010.0,Beginners,3.625,4
87306,Super 8 (2011),Mystery|Sci-Fi|Thriller|IMAX,87306,2011.0,Super 8,3.5952380952380953,21
87413,Bernie (1996),Comedy|Drama,87413,1996.0,Bernie,1.75,2
87430,Green Lantern (2011),Action|Adventure|Sci-Fi,87430,2011.0,Green Lantern,2.35,10
87444,Elektra Luxx (2010),Comedy,87444,2010.0,Elektra Luxx,2.5,2
87483,Mr. Popper's Penguins (2011),Comedy,87483,2011.0,Mr. Popper's Penguins,2.7,5
87485,Bad Teacher (2011),Comedy,87485,2011.0,Bad Teacher,2.888888888888889,9
87520,Transformers: Dark of the Moon (2011),Action|Adventure|Sci-Fi|War|IMAX,87520,2011.0,Transformers: Dark of the Moon,2.3636363636363638,11
87522,Larry Crowne (2011),Comedy|Drama|Romance,87522,2011.0,Larry Crowne,2.75,2
87529,Your Highness (2011),Action|Adventure|Comedy|Fantasy,87529,2011.0,Your Highness,3.111111111111111,9
87660,Too Big to Fail (2011),Drama,87660,2011.0,Too Big to Fail,4.5,1
87785,Takers (2010),Action|Crime|Thriller,87785,2010.0,Takers,2.75,2
87834,My Life as McDull (Mak dau goo si) (2001),Animation|Comedy|Drama,87834,2001.0,My Life as McDull (Mak dau goo si),5.0,1
87867,Zookeeper (2011),Comedy,87867,2011.0,Zookeeper,2.75,4
87869,Horrible Bosses (2011),Comedy|Crime,87869,2011.0,Horrible Bosses,3.4375,24
87876,Cars 2 (2011),Adventure|Animation|Children|Comedy|IMAX,87876,2011.0,Cars 2,3.1666666666666665,3
87960,Between the Folds (2008),Documentary,87960,2008.0,Between the Folds,3.0,1
88069,Delhi Belly (2011),Comedy|Crime,88069,2011.0,Delhi Belly,4.0,1
88094,Upside Down: The Creation Records Story (2010),Documentary,88094,2010.0,Upside Down: The Creation Records Story,3.0,1
88108,Monte Carlo (2011),Adventure|Comedy|Romance,88108,2011.0,Monte Carlo,3.0,1
88125,Harry Potter and the Deathly Hallows: Part 2 (2011),Action|Adventure|Drama|Fantasy|Mystery|IMAX,88125,2011.0,Harry Potter and the Deathly Hallows: Part 2,3.91,50
88129,Drive (2011),Crime|Drama|Film-Noir|Thriller,88129,2011.0,Drive,3.765625,32
88140,Captain America: The First Avenger (2011),Action|Adventure|Sci-Fi|Thriller|War,88140,2011.0,Captain America: The First Avenger,3.546875,32
88163,"Crazy, Stupid, Love. (2011)",Comedy|Drama|Romance,88163,2011.0,"Crazy, Stupid, Love.",3.9838709677419355,31
88179,One Day (2011),Drama|Romance,88179,2011.0,One Day,3.5,1
88235,"Guard, The (2011)",Comedy|Crime,88235,2011.0,"Guard, The",3.625,4
88267,Winnie the Pooh (2011),Animation|Children|Comedy,88267,2011.0,Winnie the Pooh,3.0,1
88272,"Woman, The (2011)",Horror,88272,2011.0,"Woman, The",3.5,2
88327,"New One-Armed Swordsman, The (Xin du bi dao) (1971)",Action|Drama|War,88327,1971.0,"New One-Armed Swordsman, The (Xin du bi dao)",3.0,1
88345,Mike's New Car (2002),Animation|Comedy,88345,2002.0,Mike's New Car,4.0,1
88356,"Smurfs, The (2011)",Animation|Children|Comedy,88356,2011.0,"Smurfs, The",1.875,4
88405,Friends with Benefits (2011),Comedy|Romance,88405,2011.0,Friends with Benefits,3.05,20
88448,Paper Birds (Pájaros de papel) (2010),Comedy|Drama,88448,2010.0,Paper Birds (Pájaros de papel),5.0,1
88515,Blitz (2011),Action|Crime|Thriller,88515,2011.0,Blitz,3.0,1
88593,"Yellow Sea, The (a.k.a. The Murderer) (Hwanghae) (2010)",Crime|Drama|Thriller,88593,2010.0,"Yellow Sea, The (a.k.a. The Murderer) (Hwanghae)",2.5,1
88672,Our Idiot Brother (2011),Comedy,88672,2011.0,Our Idiot Brother,3.25,2
88697,SUBWAYStories: Tales from the Underground (1997),Drama,88697,1997.0,SUBWAYStories: Tales from the Underground,2.5,1
88699,Death Race 2 (2010),Action|Sci-Fi|Thriller,88699,2010.0,Death Race 2,3.5,2
88744,Rise of the Planet of the Apes (2011),Action|Drama|Sci-Fi|Thriller,88744,2011.0,Rise of the Planet of the Apes,3.462962962962963,27
88746,Terri (2011),Comedy,88746,2011.0,Terri,3.5,2
88785,"Change-Up, The (2011)",Comedy,88785,2011.0,"Change-Up, The",2.85,10
88810,"Help, The (2011)",Drama,88810,2011.0,"Help, The",3.8333333333333335,21
88812,30 Minutes or Less (2011),Action|Comedy|Crime,88812,2011.0,30 Minutes or Less,2.6666666666666665,6
88911,My Afternoons with Margueritte (La tête en friche) (2010),Comedy,88911,2010.0,My Afternoons with Margueritte (La tête en friche),3.0,1
88932,Final Destination 5 (2011),Horror|Thriller|IMAX,88932,2011.0,Final Destination 5,4.5,1
88954,"Very Harold & Kumar 3D Christmas, A (2011)",Comedy,88954,2011.0,"Very Harold & Kumar 3D Christmas, A",3.25,2
89028,Don't Be Afraid of the Dark (2010),Horror|Thriller,89028,2010.0,Don't Be Afraid of the Dark,3.0,2
89030,Fright Night (2011),Comedy|Horror,89030,2011.0,Fright Night,3.25,2
89039,Another Earth (2011),Drama|Romance|Sci-Fi,89039,2011.0,Another Earth,4.5,1
89047,Hesher (2010),Drama,89047,2010.0,Hesher,4.0,1
89072,Stake Land (2010),Horror,89072,2010.0,Stake Land,4.0,1
89085,"Debt, The (2011)",Drama|Thriller,89085,2011.0,"Debt, The",2.5,1
89087,Colombiana (2011),Action|Adventure|Drama|Thriller,89087,2011.0,Colombiana,2.5,6
89090,Bill Cunningham New York (2011),Documentary,89090,2011.0,Bill Cunningham New York,4.5,1
89118,"Skin I Live In, The (La piel que habito) (2011)",Drama,89118,2011.0,"Skin I Live In, The (La piel que habito)",3.0,4
89190,Conan the Barbarian (2011),Action|Adventure|Fantasy,89190,2011.0,Conan the Barbarian,1.75,2
89208,Walled In (2009),Horror|Thriller,89208,2009.0,Walled In,3.5,1
89281,Birdemic: Shock and Terror (2010),Romance|Thriller,89281,2010.0,Birdemic: Shock and Terror,3.5,1
89305,"Inbetweeners Movie, The (2011)",Adventure|Comedy,89305,2011.0,"Inbetweeners Movie, The",3.6666666666666665,3
89343,Red State (2011),Action|Crime|Horror|Thriller,89343,2011.0,Red State,3.0,1
89386,Pearl Jam Twenty (2011),Documentary|Musical,89386,2011.0,Pearl Jam Twenty,0.5,1
89388,I Don't Know How She Does It (2011),Comedy,89388,2011.0,I Don't Know How She Does It,1.5,1
89427,Shark Night 3D (2011),Horror|Thriller,89427,2011.0,Shark Night 3D,1.5,1
89470,Contagion (2011),Sci-Fi|Thriller|IMAX,89470,2011.0,Contagion,3.7083333333333335,12
89492,Moneyball (2011),Drama,89492,2011.0,Moneyball,3.8846153846153846,26
89580,Neds (2010),Drama,89580,2010.0,Neds,4.0,1
89582,Cold Fish (Tsumetai nettaigyo) (2010),Drama|Thriller,89582,2010.0,Cold Fish (Tsumetai nettaigyo),4.5,2
89586,Phineas and Ferb the Movie: Across the 2nd Dimension (2011),Adventure|Animation|Children,89586,2011.0,Phineas and Ferb the Movie: Across the 2nd Dimension,3.5,1
89678,Northanger Abbey (2007),Drama|Romance,89678,2007.0,Northanger Abbey,4.0,1
89745,"Avengers, The (2012)",Action|Adventure|Sci-Fi|IMAX,89745,2012.0,"Avengers, The",3.869565217391304,69
89753,Tinker Tailor Soldier Spy (2011),Drama|Film-Noir|Thriller,89753,2011.0,Tinker Tailor Soldier Spy,3.8125,8
89759,"Separation, A (Jodaeiye Nader az Simin) (2011)",Drama,89759,2011.0,"Separation, A (Jodaeiye Nader az Simin)",4.333333333333333,3
89761,"Dangerous Method, A (2011)",Drama|Thriller,89761,2011.0,"Dangerous Method, A",3.0,2
89774,Warrior (2011),Drama,89774,2011.0,Warrior,3.727272727272727,11
89804,"Ides of March, The (2011)",Drama,89804,2011.0,"Ides of March, The",3.2222222222222223,9
89837,Kill List (2011),Horror|Mystery|Thriller,89837,2011.0,Kill List,4.5,1
89840,Killer Elite (2011),Action|Thriller,89840,2011.0,Killer Elite,2.8333333333333335,3
89862,Bellflower (2011),Action|Drama|Romance,89862,2011.0,Bellflower,3.5,1
89864,50/50 (2011),Comedy|Drama,89864,2011.0,50/50,3.6315789473684212,19
89898,Generation P (2011),Comedy|Drama|Sci-Fi,89898,2011.0,Generation P,3.5,1
89904,The Artist (2011),Comedy|Drama|Romance,89904,2011.0,The Artist,4.045454545454546,11
89939,Gigi (1949),Comedy,89939,1949.0,Gigi,3.75,2
89945,BlinkyTM (2011),Horror|Sci-Fi,89945,2011.0,BlinkyTM,3.0,1
90057,Take Shelter (2011),Drama,90057,2011.0,Take Shelter,3.75,2
90243,Three Outlaw Samurai (Sanbiki no samurai) (1964),Action|Drama,90243,1964.0,Three Outlaw Samurai (Sanbiki no samurai),3.5,1
90245,Antonio Gaudí (1985),Documentary,90245,1985.0,Antonio Gaudí,4.0,1
90249,Real Steel (2011),Action|Drama|Sci-Fi|IMAX,90249,2011.0,Real Steel,3.0,6
90343,Footloose (2011),Comedy|Drama|Musical,90343,2011.0,Footloose,2.75,2
90345,"Thing, The (2011)",Horror|Mystery|Sci-Fi|Thriller,90345,2011.0,"Thing, The",3.5,4
90353,Beautiful Boy (2010),Drama,90353,2010.0,Beautiful Boy,4.0,1
90357,Tyrannosaur (2011),Drama,90357,2011.0,Tyrannosaur,3.5,1
90374,Martha Marcy May Marlene (2011),Drama|Thriller,90374,2011.0,Martha Marcy May Marlene,3.75,2
90376,We Need to Talk About Kevin (2011),Drama|Thriller,90376,2011.0,We Need to Talk About Kevin,3.5,4
90384,Behind Enemy Lines II: Axis of Evil (2006),Action|Thriller|War,90384,2006.0,Behind Enemy Lines II: Axis of Evil,2.0,1
90403,"Three Musketeers, The (2011)",Action|Adventure,90403,2011.0,"Three Musketeers, The",3.1666666666666665,3
90405,In Time (2011),Crime|Sci-Fi|Thriller,90405,2011.0,In Time,3.392857142857143,14
90428,Margaret (2011),Drama,90428,2011.0,Margaret,3.0,1
90430,Carnage (2011),Comedy|Drama,90430,2011.0,Carnage,4.0,4
90439,Margin Call (2011),Drama|Thriller,90439,2011.0,Margin Call,3.7857142857142856,7
90469,Paranormal Activity 3 (2011),Horror,90469,2011.0,Paranormal Activity 3,3.5,2
90471,Puncture (2011),Drama,90471,2011.0,Puncture,3.0,2
90522,Johnny English Reborn (2011),Adventure|Comedy|Thriller,90522,2011.0,Johnny English Reborn,3.0,6
90524,Abduction (2011),Action|Drama|Mystery|Thriller,90524,2011.0,Abduction,3.5,1
90528,This Must Be the Place (2011),Crime|Drama|Thriller,90528,2011.0,This Must Be the Place,3.5,1
90531,Shame (2011),Drama,90531,2011.0,Shame,3.75,4
90576,What's Your Number? (2011),Comedy|Romance,90576,2011.0,What's Your Number?,4.5,1
90600,Headhunters (Hodejegerne) (2011),Action|Crime|Thriller,90600,2011.0,Headhunters (Hodejegerne),3.6,5
90603,Batman: Year One (2011),Action|Animation|Crime,90603,2011.0,Batman: Year One,3.6666666666666665,3
90630,Miss Representation (2011),Documentary,90630,2011.0,Miss Representation,3.5,1
90647,Puss in Boots (2011),Adventure|Animation|Comedy|Fantasy|IMAX,90647,2011.0,Puss in Boots,3.5625,8
90717,Tower Heist (2011),Action|Comedy|Crime,90717,2011.0,Tower Heist,3.5,4
90719,J. Edgar (2011),Drama,90719,2011.0,J. Edgar,2.5,1
90738,"Double, The (2011)",Action|Crime|Drama|Mystery|Thriller,90738,2011.0,"Double, The",1.5,1
90746,"Adventures of Tintin, The (2011)",Action|Animation|Mystery|IMAX,90746,2011.0,"Adventures of Tintin, The",3.5,12
90769,Starsuckers (2009),Documentary,90769,2009.0,Starsuckers,4.0,1
90809,Tomboy (2011),Drama,90809,2011.0,Tomboy,3.0,1
90863,George Harrison: Living in the Material World (2011),Documentary,90863,2011.0,George Harrison: Living in the Material World,4.0,1
90866,Hugo (2011),Children|Drama|Mystery,90866,2011.0,Hugo,3.75,18
90888,Immortals (2011),Action|Drama|Fantasy,90888,2011.0,Immortals,2.6666666666666665,3
90890,Jack and Jill (2011),Comedy,90890,2011.0,Jack and Jill,2.3,5
90943,Into the Abyss (2011),Documentary,90943,2011.0,Into the Abyss,5.0,1
90945,"Sign of Four, The (1987)",Adventure|Crime|Drama,90945,1987.0,"Sign of Four, The",3.0,1
91077,"Descendants, The (2011)",Comedy|Drama,91077,2011.0,"Descendants, The",4.0,11
91079,Like Crazy (2011),Drama|Romance,91079,2011.0,Like Crazy,2.5,2
91094,"Muppets, The (2011)",Children|Comedy|Musical,91094,2011.0,"Muppets, The",2.6,10
91104,"Twilight Saga: Breaking Dawn - Part 1, The (2011)",Adventure|Drama|Fantasy|Romance,91104,2011.0,"Twilight Saga: Breaking Dawn - Part 1, The",2.2142857142857144,7
91126,War Horse (2011),Drama|War,91126,2011.0,War Horse,3.0,3
91128,"Rum Diary, The (2011)",Comedy|Drama|Thriller,91128,2011.0,"Rum Diary, The",3.5833333333333335,6
91233,Lifted (2006),Animation|Comedy|Sci-Fi,91233,2006.0,Lifted,4.0,1
91261,Hipsters (Stilyagi) (2008),Drama|Musical|Romance,91261,2008.0,Hipsters (Stilyagi),3.5,1
91266,Another Cinderella Story (2008),Children|Comedy|Musical|Romance,91266,2008.0,Another Cinderella Story,2.5,1
91273,Bunraku (2010),Action|Drama|Fantasy,91273,2010.0,Bunraku,1.5,1
91323,"Sitter, The (2011)",Comedy,91323,2011.0,"Sitter, The",2.9,5
91325,Extremely Loud and Incredibly Close (2011),Drama,91325,2011.0,Extremely Loud and Incredibly Close,2.75,2
91337,Play the Game (2009),Comedy|Romance,91337,2009.0,Play the Game,4.0,1
91353,Asterix in America (a.k.a Asterix Conquers America) (Astérix et les Indiens) (1994),Adventure|Animation|Children|Comedy,91353,1994.0,Asterix in America (a.k.a Asterix Conquers America) (Astérix et les Indiens),3.75,2
91355,Asterix and the Vikings (Astérix et les Vikings) (2006),Adventure|Animation|Children|Comedy|Fantasy,91355,2006.0,Asterix and the Vikings (Astérix et les Vikings),5.0,1
91386,Happy Feet Two (2011),Animation|Children|Comedy|IMAX,91386,2011.0,Happy Feet Two,5.0,1
91414,Arthur Christmas (2011),Animation|Children|Comedy|Drama,91414,2011.0,Arthur Christmas,0.5,1
91470,Violet & Daisy (2011),Action|Drama,91470,2011.0,Violet & Daisy,3.0,2
91483,Bullet to the Head (2012),Action|Crime|Film-Noir,91483,2012.0,Bullet to the Head,1.5,1
91485,"Expendables 2, The (2012)",Action|Adventure,91485,2012.0,"Expendables 2, The",3.5,10
91488,"Snowman, The (1982)",Animation|Children|Musical,91488,1982.0,"Snowman, The",3.75,2
91500,The Hunger Games (2012),Action|Adventure|Drama|Sci-Fi|Thriller,91500,2012.0,The Hunger Games,3.435185185185185,54
91529,"Dark Knight Rises, The (2012)",Action|Adventure|Crime|IMAX,91529,2012.0,"Dark Knight Rises, The",3.9934210526315788,76
91535,"Bourne Legacy, The (2012)",Action|Adventure|Drama|Thriller|IMAX,91535,2012.0,"Bourne Legacy, The",3.138888888888889,18
91542,Sherlock Holmes: A Game of Shadows (2011),Action|Adventure|Comedy|Crime|Mystery|Thriller,91542,2011.0,Sherlock Holmes: A Game of Shadows,3.763157894736842,38
91571,Coriolanus (2011),Drama|Thriller,91571,2011.0,Coriolanus,2.5,1
91622,Young Adult (2011),Comedy|Drama,91622,2011.0,Young Adult,2.25,2
91628,New Year's Eve (2011),Comedy|Romance,91628,2011.0,New Year's Eve,2.0,3
91630,Mission: Impossible - Ghost Protocol (2011),Action|Adventure|Thriller|IMAX,91630,2011.0,Mission: Impossible - Ghost Protocol,3.659090909090909,22
91653,We Bought a Zoo (2011),Comedy|Drama,91653,2011.0,We Bought a Zoo,3.3,5
91658,"Girl with the Dragon Tattoo, The (2011)",Drama|Thriller,91658,2011.0,"Girl with the Dragon Tattoo, The",3.488095238095238,42
91660,"Darkest Hour, The (2011)",Action|Horror|Sci-Fi|Thriller,91660,2011.0,"Darkest Hour, The",2.5,2
91666,Last Holiday (1950),Comedy|Drama|Romance,91666,1950.0,Last Holiday,4.0,1
91671,Alvin and the Chipmunks: Chipwrecked (2011),Animation|Comedy,91671,2011.0,Alvin and the Chipmunks: Chipwrecked,1.0,2
91688,Salvation Boulevard (2011),Comedy|Thriller,91688,2011.0,Salvation Boulevard,1.5,1
91690,Friends with Kids (2011),Comedy,91690,2011.0,Friends with Kids,3.6666666666666665,3
91784,Girl Walks Into a Bar (2011),Comedy|Drama|Fantasy,91784,2011.0,Girl Walks Into a Bar,4.5,1
91842,Contraband (2012),Action|Crime|Drama|Thriller,91842,2012.0,Contraband,3.0,2
91860,"Way South, The (De weg naar het zuiden) (1981)",Documentary,91860,1981.0,"Way South, The (De weg naar het zuiden)",4.0,1
91869,Being Elmo: A Puppeteer's Journey (2011),Documentary,91869,2011.0,Being Elmo: A Puppeteer's Journey,3.5,1
91873,Joyful Noise (2012),Comedy|Musical,91873,2012.0,Joyful Noise,1.5,1
91890,"Iron Lady, The (2011)",Drama,91890,2011.0,"Iron Lady, The",3.0,1
91935,Albatross (2011),Drama,91935,2011.0,Albatross,2.5,1
91947,"Revenant, The (2009)",Comedy|Horror,91947,2009.0,"Revenant, The",4.5,1
91974,Underworld: Awakening (2012),Action|Fantasy|Horror|IMAX,91974,2012.0,Underworld: Awakening,3.8,5
91976,"Grey, The (2012)",Action|Drama,91976,2012.0,"Grey, The",2.9166666666666665,6
91978,Man on a Ledge (2012),Crime|Thriller,91978,2012.0,Man on a Ledge,3.1666666666666665,3
91981,Sacrifice (Zhao shi gu er) (2010),Drama,91981,2010.0,Sacrifice (Zhao shi gu er),2.5,1
92008,Haywire (2011),Action|Thriller,92008,2011.0,Haywire,2.8333333333333335,3
92046,Contact High (2009),Comedy,92046,2009.0,Contact High,3.0,1
92048,"Whistleblower, The (2010)",Drama|Thriller,92048,2010.0,"Whistleblower, The",3.25,2
92094,Einstein and Eddington (2008),Drama,92094,2008.0,Einstein and Eddington,3.5,1
92192,Apollo 18 (2011),Horror|Sci-Fi|Thriller,92192,2011.0,Apollo 18,2.0,1
92198,Seeking Justice (2011),Action|Drama|Thriller,92198,2011.0,Seeking Justice,2.0,1
92234,Red Tails (2012),Action|Adventure|Drama|War,92234,2012.0,Red Tails,1.5,1
92243,"Flowers of War, The (Jin líng shí san chai) (2011)",Drama|War,92243,2011.0,"Flowers of War, The (Jin líng shí san chai)",4.5,1
92259,Intouchables (2011),Comedy|Drama,92259,2011.0,Intouchables,4.108108108108108,37
92264,One for the Money (2012),Action|Comedy|Crime,92264,2012.0,One for the Money,2.0,2
92309,"Innkeepers, The (2011)",Horror|Thriller,92309,2011.0,"Innkeepers, The",2.75,2
92348,Puss in Boots (Nagagutsu o haita neko) (1969),Adventure|Animation|Children|Comedy|Fantasy|Romance,92348,1969.0,Puss in Boots (Nagagutsu o haita neko),4.0,1
92391,Grave Encounters (2011),Horror,92391,2011.0,Grave Encounters,3.1666666666666665,3
92420,Chronicle (2012),Action|Sci-Fi|Thriller,92420,2012.0,Chronicle,3.375,8
92422,"Woman in Black, The (2012)",Drama|Horror|Thriller,92422,2012.0,"Woman in Black, The",3.75,2
92427,Woman in Love (Rubbeldiekatz) (2011),Comedy,92427,2011.0,Woman in Love (Rubbeldiekatz),1.0,1
92439,"Art of Getting By, The (2011)",Drama|Romance,92439,2011.0,"Art of Getting By, The",3.0,2
92475,All Watched Over by Machines of Loving Grace (2011),Documentary,92475,2011.0,All Watched Over by Machines of Loving Grace,4.25,2
92494,Dylan Moran: Monster (2004),Comedy|Documentary,92494,2004.0,Dylan Moran: Monster,5.0,1
92507,Safe House (2012),Action|Crime|Mystery|Thriller,92507,2012.0,Safe House,3.375,4
92509,"Vow, The (2012)",Drama|Romance,92509,2012.0,"Vow, The",2.6666666666666665,3
92535,Louis C.K.: Live at the Beacon Theater (2011),Comedy,92535,2011.0,Louis C.K.: Live at the Beacon Theater,4.3,10
92637,Pitfall (Otoshiana) (1962),Crime|Drama|Fantasy,92637,1962.0,Pitfall (Otoshiana),3.5,1
92643,Monsieur Lazhar (2011),Children|Comedy|Drama,92643,2011.0,Monsieur Lazhar,4.5,2
92665,"For a Good Time, Call... (2012)",Comedy|Drama|Romance,92665,2012.0,"For a Good Time, Call...",2.5,1
92674,Janie Jones (2010),Drama|Musical,92674,2010.0,Janie Jones,2.5,1
92681,Journey 2: The Mysterious Island (2012),Action|Adventure|Comedy|Sci-Fi|IMAX,92681,2012.0,Journey 2: The Mysterious Island,0.5,1
92694,Perfect Sense (2011),Drama|Romance|Sci-Fi,92694,2011.0,Perfect Sense,4.25,2
92730,Rollo and the Woods Sprite (Rölli ja metsänhenki) (2001),Children|Fantasy,92730,2001.0,Rollo and the Woods Sprite (Rölli ja metsänhenki),2.0,1
92760,"Atomic Brain, The (1963)",Horror|Sci-Fi,92760,1963.0,"Atomic Brain, The",3.5,1
92938,Ghost Rider: Spirit of Vengeance (2012),Action|Fantasy|Thriller,92938,2012.0,Ghost Rider: Spirit of Vengeance,1.6,5
92954,Prayers for Bobby (2009),Drama,92954,2009.0,Prayers for Bobby,3.5,1
93006,"Very Potter Musical, A (2009)",Comedy|Musical,93006,2009.0,"Very Potter Musical, A",4.25,2
93008,"Very Potter Sequel, A (2010)",Comedy|Musical,93008,2010.0,"Very Potter Sequel, A",5.0,1
93022,Miss Nobody (2010),Comedy|Crime,93022,2010.0,Miss Nobody,5.0,1
93040,"Civil War, The (1990)",Documentary|War,93040,1990.0,"Civil War, The",4.0,1
93114,Ro.Go.Pa.G. (1963),Comedy|Drama,93114,1963.0,Ro.Go.Pa.G.,3.0,1
93134,"Women on the 6th Floor, The (Les Femmes du 6ème Étage) (2010)",Comedy,93134,2010.0,"Women on the 6th Floor, The (Les Femmes du 6ème Étage)",3.5,1
93139,Mega Shark vs. Crocosaurus (2010),Action|Adventure|Horror,93139,2010.0,Mega Shark vs. Crocosaurus,1.5,1
93193,Red Hill (2010),Crime|Thriller|Western,93193,2010.0,Red Hill,3.0,1
93208,Mickey's The Prince and the Pauper (1990),Animation|Children,93208,1990.0,Mickey's The Prince and the Pauper,2.0,1
93242,Gone (2012),Drama|Thriller,93242,2012.0,Gone,1.5,1
93270,Project X (2012),Comedy,93270,2012.0,Project X,2.0625,8
93272,Dr. Seuss' The Lorax (2012),Animation|Fantasy|Musical|IMAX,93272,2012.0,Dr. Seuss' The Lorax,3.1,5
93287,"Big Year, The (2011)",Comedy,93287,2011.0,"Big Year, The",3.75,4
93297,Act of Valor (2012),Action|Thriller|War,93297,2012.0,Act of Valor,3.75,2
93320,Trailer Park Boys (1999),Comedy|Crime,93320,1999.0,Trailer Park Boys,5.0,1
93326,This Means War (2012),Action|Comedy|Romance,93326,2012.0,This Means War,2.6363636363636362,11
93363,John Carter (2012),Action|Adventure|Sci-Fi|IMAX,93363,2012.0,John Carter,3.090909090909091,11
93443,Goon (2011),Comedy|Drama,93443,2011.0,Goon,3.25,4
93502,"Ledge, The (2011)",Drama|Thriller,93502,2011.0,"Ledge, The",2.5,1
93510,21 Jump Street (2012),Action|Comedy|Crime,93510,2012.0,21 Jump Street,3.8653846153846154,26
93512,"Jeff, Who Lives at Home (2012)",Comedy|Drama,93512,2012.0,"Jeff, Who Lives at Home",4.0,1
93563,Lockout (2012),Action|Sci-Fi|Thriller,93563,2012.0,Lockout,3.1666666666666665,3
93598,"Snowtown (Snowtown Murders, The) (2011)",Crime|Drama|Thriller,93598,2011.0,"Snowtown (Snowtown Murders, The)",2.5,1
93610,Space Battleship Yamato (2010),Action|Adventure|Drama,93610,2010.0,Space Battleship Yamato,3.0,1
93721,Jiro Dreams of Sushi (2011),Documentary,93721,2011.0,Jiro Dreams of Sushi,4.1,5
93723,Damsels in Distress (2011),Comedy|Romance,93723,2011.0,Damsels in Distress,2.25,2
93740,Salmon Fishing in the Yemen (2011),Comedy|Drama|Romance,93740,2011.0,Salmon Fishing in the Yemen,1.5,1
93766,Wrath of the Titans (2012),Action|Adventure|Fantasy|IMAX,93766,2012.0,Wrath of the Titans,2.625,4
93790,Detachment (2011),Drama,93790,2011.0,Detachment,4.0,1
93805,Iron Sky (2012),Action|Comedy|Sci-Fi,93805,2012.0,Iron Sky,3.75,2
93819,Absentia (2011),Horror,93819,2011.0,Absentia,3.5,1
93831,American Reunion (American Pie 4) (2012),Comedy,93831,2012.0,American Reunion (American Pie 4),2.625,4
93838,The Raid: Redemption (2011),Action|Crime,93838,2011.0,The Raid: Redemption,4.333333333333333,9
93840,"Cabin in the Woods, The (2012)",Comedy|Horror|Sci-Fi|Thriller,93840,2012.0,"Cabin in the Woods, The",4.0227272727272725,22
93855,God Bless America (2011),Comedy|Drama,93855,2011.0,God Bless America,4.5,1
93980,"Three Stooges, The (2012)",Comedy,93980,2012.0,"Three Stooges, The",1.25,2
93982,"Raven, The (2012)",Mystery|Thriller,93982,2012.0,"Raven, The",2.0,1
93988,North & South (2004),Drama|Romance,93988,2004.0,North & South,4.5,1
94011,"Big Bang, The (2011)",Action|Thriller,94011,2011.0,"Big Bang, The",1.5,1
94015,Mirror Mirror (2012),Adventure|Comedy|Fantasy,94015,2012.0,Mirror Mirror,3.0,4
94018,Battleship (2012),Action|Sci-Fi|Thriller|IMAX,94018,2012.0,Battleship,2.3333333333333335,3
94070,"Best Exotic Marigold Hotel, The (2011)",Comedy|Drama,94070,2011.0,"Best Exotic Marigold Hotel, The",3.875,4
94122,Comic-Con Episode IV: A Fan's Hope (2011),Documentary,94122,2011.0,Comic-Con Episode IV: A Fan's Hope,2.0,1
94130,Bully (2011),Documentary,94130,2011.0,Bully,3.5,2
94150,Hysteria (2011),Comedy|Romance,94150,2011.0,Hysteria,4.0,2
94160,Dante's Inferno: An Animated Epic (2010),Action|Animation|Fantasy,94160,2010.0,Dante's Inferno: An Animated Epic,3.0,1
94262,"Atomic Submarine, The (1959)",Sci-Fi|Thriller,94262,1959.0,"Atomic Submarine, The",3.0,1
94266,"Five-Year Engagement, The (2012)",Comedy|Romance,94266,2012.0,"Five-Year Engagement, The",2.5,4
94323,Think Like a Man (2012),Comedy,94323,2012.0,Think Like a Man,2.5,2
94325,"Lucky One, The (2012)",Drama,94325,2012.0,"Lucky One, The",4.0,1
94405,Safe (2012),Action|Crime|Thriller,94405,2012.0,Safe,3.5,2
94478,Dark Shadows (2012),Comedy|Horror|IMAX,94478,2012.0,Dark Shadows,2.5,6
94494,96 Minutes (2011) ,Drama|Thriller,94494,2011.0,96 Minutes,2.5,1
94503,"Decoy Bride, The (2011)",Comedy|Romance,94503,2011.0,"Decoy Bride, The",3.6666666666666665,3
94661,Rocket Singh: Salesman of the Year (2009),Comedy|Drama,94661,2009.0,Rocket Singh: Salesman of the Year,4.0,1
94677,"Dictator, The (2012)",Comedy,94677,2012.0,"Dictator, The",3.5588235294117645,17
94735,Walking with Monsters (2005),Documentary,94735,2005.0,Walking with Monsters,4.0,1
94777,Men in Black III (M.III.B.) (M.I.B.³) (2012),Action|Comedy|Sci-Fi|IMAX,94777,2012.0,Men in Black III (M.III.B.) (M.I.B.³),3.2777777777777777,18
94780,Snow White and the Huntsman (2012),Action|Adventure|Drama,94780,2012.0,Snow White and the Huntsman,2.8333333333333335,6
94799,Sound of My Voice (2011),Drama|Mystery|Sci-Fi,94799,2011.0,Sound of My Voice,3.5,1
94810,Eva (2011),Drama|Fantasy|Sci-Fi,94810,2011.0,Eva,5.0,1
94833,"Pirates! Band of Misfits, The (2012)",Adventure|Animation|Children|Comedy,94833,2012.0,"Pirates! Band of Misfits, The",3.3333333333333335,3
94864,Prometheus (2012),Action|Horror|Sci-Fi|IMAX,94864,2012.0,Prometheus,3.2962962962962963,27
94867,"Pact, The (2012)",Horror|Mystery|Thriller,94867,2012.0,"Pact, The",3.5,1
94896,Bernie (2011),Comedy|Crime|Drama,94896,2011.0,Bernie,3.5,2
94919,Inhale (2010),Drama|Thriller,94919,2010.0,Inhale,2.5,1
94931,Take This Waltz (2011),Drama|Romance,94931,2011.0,Take This Waltz,3.5,1
94953,Wanderlust (2012),Comedy,94953,2012.0,Wanderlust,3.0,5
94959,Moonrise Kingdom (2012),Comedy|Drama|Romance,94959,2012.0,Moonrise Kingdom,3.7758620689655173,29
94985,Get the Gringo (2012),Action|Crime|Drama|Thriller,94985,2012.0,Get the Gringo,3.8333333333333335,3
95004,Superman/Doomsday (2007) ,Action|Animation,95004,2007.0,Superman/Doomsday,4.0,1
95067,"Thousand Words, A (2012)",Comedy|Drama,95067,2012.0,"Thousand Words, A",2.8333333333333335,3
95088,Safety Not Guaranteed (2012),Comedy|Drama,95088,2012.0,Safety Not Guaranteed,3.75,6
95105,Madagascar 3: Europe's Most Wanted (2012),Adventure|Animation|Children|Comedy|IMAX,95105,2012.0,Madagascar 3: Europe's Most Wanted,3.388888888888889,9
95135,Your Sister's Sister (2011),Comedy|Drama,95135,2011.0,Your Sister's Sister,4.0,1
95145,Dragon Ball: The Curse Of The Blood Rubies (Doragon bôru: Shenron no densetsu) (1986),Action|Adventure|Animation|Children,95145,1986.0,Dragon Ball: The Curse Of The Blood Rubies (Doragon bôru: Shenron no densetsu),3.5,1
95147,Dragon Ball: Sleeping Princess in Devil's Castle (Doragon bôru: Majinjô no nemuri hime) (1987),Action|Adventure|Animation|Children,95147,1987.0,Dragon Ball: Sleeping Princess in Devil's Castle (Doragon bôru: Majinjô no nemuri hime),3.25,2
95149,Superman/Batman: Public Enemies (2009),Action|Animation|Fantasy,95149,2009.0,Superman/Batman: Public Enemies,5.0,1
95163,Dragon Ball: Mystical Adventure (Doragon bôru: Makafushigi dai bôken) (1988),Action|Adventure|Animation|Children,95163,1988.0,Dragon Ball: Mystical Adventure (Doragon bôru: Makafushigi dai bôken),3.5,1
95165,Dragon Ball Z the Movie: The World's Strongest (a.k.a. Dragon Ball Z: The Strongest Guy in The World) (Doragon bôru Z: Kono yo de ichiban tsuyoi yatsu) (1990),Action|Adventure|Animation|Sci-Fi|Thriller,95165,1990.0,Dragon Ball Z the Movie: The World's Strongest (a.k.a. Dragon Ball Z: The Strongest Guy in The World) (Doragon bôru Z: Kono yo de ichiban tsuyoi yatsu),4.0,1
95167,Brave (2012),Action|Adventure|Animation|Children,95167,2012.0,Brave,3.466666666666667,30
95170,Beauty and the Beast: The Enchanted Christmas (1997),Animation|Children|Fantasy|Musical,95170,1997.0,Beauty and the Beast: The Enchanted Christmas,4.0,1
95175,Front of the Class (2008),Drama,95175,2008.0,Front of the Class,5.0,1
95182,Dragon Ball Z the Movie: The Tree of Might (Doragon bôru Z 3: Chikyû marugoto chô kessen) (1990),Action|Adventure|Animation|Sci-Fi,95182,1990.0,Dragon Ball Z the Movie: The Tree of Might (Doragon bôru Z 3: Chikyû marugoto chô kessen),3.0,2
95193,Pocahontas II: Journey to a New World (1998) ,Adventure|Animation|Children,95193,1998.0,Pocahontas II: Journey to a New World,2.0,1
95199,What to Expect When You're Expecting (2012),Comedy|Drama|Romance,95199,2012.0,What to Expect When You're Expecting,3.0,1
95201,To Rome with Love (2012),Comedy,95201,2012.0,To Rome with Love,3.0,1
95207,Abraham Lincoln: Vampire Hunter (2012),Action|Fantasy|Horror|Thriller,95207,2012.0,Abraham Lincoln: Vampire Hunter,2.75,6
95218,First Position (2011),Documentary,95218,2011.0,First Position,3.5,1
95307,Rock of Ages (2012),Comedy|Drama|Musical|IMAX,95307,2012.0,Rock of Ages,2.75,4
95309,Seeking a Friend for the End of the World (2012),Comedy|Drama|Romance,95309,2012.0,Seeking a Friend for the End of the World,4.166666666666667,3
95311,Presto (2008),Animation|Children|Comedy|Fantasy,95311,2008.0,Presto,5.0,1
95313,Jack-Jack Attack (2005),Adventure|Animation|Children|Comedy,95313,2005.0,Jack-Jack Attack,4.5,1
95377,One Man Band (2005),Animation|Comedy|Musical,95377,2005.0,One Man Band,3.8333333333333335,3
95441,Ted (2012),Comedy|Fantasy,95441,2012.0,Ted,3.2857142857142856,21
95449,Magic Mike (2012),Drama|Romance,95449,2012.0,Magic Mike,2.7,5
95473,Dragon Ball Z: The Return of Cooler (Doragon bôru Z 6: Gekitotsu! Hyakuoku pawâ no senshi) (1992),Action|Adventure|Animation,95473,1992.0,Dragon Ball Z: The Return of Cooler (Doragon bôru Z 6: Gekitotsu! Hyakuoku pawâ no senshi),4.0,1
95475,Dragon Ball Z: Cooler's Revenge (Doragon bôru Z 5: Tobikkiri no saikyô tai saikyô) (1991),Action|Adventure|Animation,95475,1991.0,Dragon Ball Z: Cooler's Revenge (Doragon bôru Z 5: Tobikkiri no saikyô tai saikyô),4.0,2
95497,Dragon Ball Z: Super Android 13! (Doragon bôru Z 7: Kyokugen batoru!! San dai sûpâ saiyajin) (1992),Action|Adventure|Animation,95497,1992.0,Dragon Ball Z: Super Android 13! (Doragon bôru Z 7: Kyokugen batoru!! San dai sûpâ saiyajin),3.75,2
95499,Dragon Ball Z: Broly - The Legendary Super Saiyan (Doragon bôru Z 8: Moetsukiro!! Nessen retsusen-chô gekisen) (1993),Action|Adventure|Animation,95499,1993.0,Dragon Ball Z: Broly - The Legendary Super Saiyan (Doragon bôru Z 8: Moetsukiro!! Nessen retsusen-chô gekisen),4.0,1
95508,Cleanskin (2012),Crime|Drama|Thriller,95508,2012.0,Cleanskin,3.5,1
95510,"Amazing Spider-Man, The (2012)",Action|Adventure|Sci-Fi|IMAX,95510,2012.0,"Amazing Spider-Man, The",3.25,30
95519,Dragon Ball Z: Bojack Unbound (Doragon bôru Z 9: Ginga girigiri!! Butchigiri no sugoi yatsu) (1993),Action|Adventure|Animation|Fantasy,95519,1993.0,Dragon Ball Z: Bojack Unbound (Doragon bôru Z 9: Ginga girigiri!! Butchigiri no sugoi yatsu),4.0,1
95543,Ice Age 4: Continental Drift (2012),Adventure|Animation|Comedy,95543,2012.0,Ice Age 4: Continental Drift,2.9166666666666665,6
95558,Beasts of the Southern Wild (2012),Drama|Fantasy,95558,2012.0,Beasts of the Southern Wild,3.357142857142857,7
95583,Savages (2012),Crime|Drama|Thriller,95583,2012.0,Savages,2.75,2
95624,"Firm, The (2009)",Drama,95624,2009.0,"Firm, The",3.0,1
95633,Spirit Camp (2009),Horror,95633,2009.0,Spirit Camp,4.5,1
95654,Geri's Game (1997),Animation|Children,95654,1997.0,Geri's Game,4.166666666666667,3
95690,Some Guy Who Kills People (2011),Comedy|Thriller,95690,2011.0,Some Guy Who Kills People,4.5,1
95717,Treasure Island (2012),Adventure,95717,2012.0,Treasure Island,2.0,1
95720,"Watch, The (2012)",Comedy|Sci-Fi,95720,2012.0,"Watch, The",3.0,9
95738,"Adventures of Mary-Kate and Ashley, The: The Case of the Christmas Caper (1995)",Children|Musical|Mystery,95738,1995.0,"Adventures of Mary-Kate and Ashley, The: The Case of the Christmas Caper",3.0,1
95744,2 Days in New York (2012),Comedy,95744,2012.0,2 Days in New York,2.5,1
95761,Killer Joe (2011),Crime|Thriller,95761,2011.0,Killer Joe,4.5,1
95771,Dragon Ball Z: Broly Second Coming (Doragon bôru Z 10: Kiken na futari! Sûpâ senshi wa nemurenai) (1994),Action|Adventure|Animation,95771,1994.0,Dragon Ball Z: Broly Second Coming (Doragon bôru Z 10: Kiken na futari! Sûpâ senshi wa nemurenai),4.0,1
95780,Dragon Ball Z: Bio-Broly (Doragon bôru Z 11: Sûpâ senshi gekiha! Katsu no wa ore da) (1994),Action|Adventure|Animation,95780,1994.0,Dragon Ball Z: Bio-Broly (Doragon bôru Z 11: Sûpâ senshi gekiha! Katsu no wa ore da),4.0,1
95796,Anaconda: The Offspring (2008),Action|Horror|Sci-Fi|Thriller,95796,2008.0,Anaconda: The Offspring,0.5,1
95839,"Christmas Carol, A (1999)",Drama|Fantasy,95839,1999.0,"Christmas Carol, A",3.0,1
95843,Goodbye Charlie (1964),Comedy|Fantasy|Romance,95843,1964.0,Goodbye Charlie,5.0,1
95858,For the Birds (2000),Animation|Children|Comedy,95858,2000.0,For the Birds,3.9,5
95873,Ruby Sparks (2012),Comedy|Fantasy|Romance,95873,2012.0,Ruby Sparks,3.5,4
95875,Total Recall (2012),Action|Sci-Fi|Thriller,95875,2012.0,Total Recall,3.1875,8
95939,"Angels' Share, The (2012)",Comedy|Drama,95939,2012.0,"Angels' Share, The",4.0,1
95949,"Immature, The (Immaturi) (2011)",Comedy,95949,2011.0,"Immature, The (Immaturi)",3.5,1
95965,Dragon Ball Z: Bardock - The Father of Goku (Doragon bôru Z: Tatta hitori no saishuu kessen - Furiiza ni itonda Z senshi Kakarotto no chichi) (1990),Action|Adventure|Animation,95965,1990.0,Dragon Ball Z: Bardock - The Father of Goku (Doragon bôru Z: Tatta hitori no saishuu kessen - Furiiza ni itonda Z senshi Kakarotto no chichi),4.0,1
96004,Dragon Ball Z: The History of Trunks (Doragon bôru Z: Zetsubô e no hankô!! Nokosareta chô senshi - Gohan to Torankusu) (1993),Action|Adventure|Animation,96004,1993.0,Dragon Ball Z: The History of Trunks (Doragon bôru Z: Zetsubô e no hankô!! Nokosareta chô senshi - Gohan to Torankusu),3.25,2
96007,Dragon Ball GT: A Hero's Legacy (Doragon bôru GT: Gokû gaiden! Yûki no akashi wa sû-shin-chû) (1997),Action|Adventure|Animation,96007,1997.0,Dragon Ball GT: A Hero's Legacy (Doragon bôru GT: Gokû gaiden! Yûki no akashi wa sû-shin-chû),2.0,1
96020,Sidewalls (Medianeras) (2011),Drama,96020,2011.0,Sidewalls (Medianeras),3.6666666666666665,3
96079,Skyfall (2012),Action|Adventure|Thriller|IMAX,96079,2012.0,Skyfall,3.81,50
96084,Hands Over the City (Le mani sulla città) (1963),Drama,96084,1963.0,Hands Over the City (Le mani sulla città),4.5,1
96110,"Campaign, The (2012)",Comedy,96110,2012.0,"Campaign, The",3.4444444444444446,9
96114,Brake (2012),Crime|Thriller,96114,2012.0,Brake,2.0,1
96121,Hope Springs (2012),Comedy|Drama,96121,2012.0,Hope Springs,1.0,1
96150,"Queen of Versailles, The (2012)",Documentary,96150,2012.0,"Queen of Versailles, The",2.0,1
96281,ParaNorman (2012),Adventure|Animation|Comedy,96281,2012.0,ParaNorman,3.5,2
96283,Diary of a Wimpy Kid: Dog Days (2012),Children|Comedy,96283,2012.0,Diary of a Wimpy Kid: Dog Days,3.0,1
96373,Broken (2012),Drama,96373,2012.0,Broken,4.5,1
96411,6 Days to Air: The Making of South Park (2011),Documentary,96411,2011.0,6 Days to Air: The Making of South Park,4.0,1
96417,Premium Rush (2012),Action|Thriller,96417,2012.0,Premium Rush,3.2,5
96430,"Odd Life of Timothy Green, The (2012)",Comedy|Drama|Fantasy,96430,2012.0,"Odd Life of Timothy Green, The",5.0,1
96432,Lawless (2012),Crime|Drama,96432,2012.0,Lawless,3.625,4
96448,Piranha 3DD (a.k.a. Piranha DD) (2012),Comedy|Horror,96448,2012.0,Piranha 3DD (a.k.a. Piranha DD),2.1666666666666665,3
96471,Prime Suspect 3 (1993),Crime|Drama|Mystery,96471,1993.0,Prime Suspect 3,3.0,1
96488,Searching for Sugar Man (2012),Documentary,96488,2012.0,Searching for Sugar Man,4.25,4
96518,Prime Suspect 6: The Last Witness (2003),Drama|Thriller,96518,2003.0,Prime Suspect 6: The Last Witness,3.0,1
96520,Prime Suspect: The Lost Child (1995),Drama|Mystery,96520,1995.0,Prime Suspect: The Lost Child,2.0,1
96530,Conception (2011),Comedy|Romance,96530,2011.0,Conception,2.5,1
96563,Paradise Lost 3: Purgatory (2011),Documentary,96563,2011.0,Paradise Lost 3: Purgatory,4.0,1
96567,"Words, The (2012)",Drama|Romance,96567,2012.0,"Words, The",4.0,1
96588,Pitch Perfect (2012),Comedy|Musical,96588,2012.0,Pitch Perfect,3.625,20
96606,Samsara (2011),Documentary,96606,2011.0,Samsara,3.8333333333333335,3
96608,Runaway Brain (1995) ,Animation|Comedy|Sci-Fi,96608,1995.0,Runaway Brain,5.0,1
96610,Looper (2012),Action|Crime|Sci-Fi,96610,2012.0,Looper,3.640625,32
96616,That's My Boy (2012),Comedy,96616,2012.0,That's My Boy,2.5,3
96655,Robot & Frank (2012),Comedy|Drama|Sci-Fi,96655,2012.0,Robot & Frank,3.0,3
96691,Resident Evil: Retribution (2012),Action|Horror|Sci-Fi|IMAX,96691,2012.0,Resident Evil: Retribution,3.75,2
96726,Lola Versus (2012),Comedy|Romance,96726,2012.0,Lola Versus,1.5,1
96728,"Master, The (2012)",Drama,96728,2012.0,"Master, The",3.9166666666666665,6
96737,Dredd (2012),Action|Sci-Fi,96737,2012.0,Dredd,3.7142857142857144,14
96811,End of Watch (2012),Crime|Drama|Thriller,96811,2012.0,End of Watch,3.9166666666666665,6
96815,V/H/S (2012),Horror|Thriller,96815,2012.0,V/H/S,2.75,2
96821,"Perks of Being a Wallflower, The (2012)",Drama|Romance,96821,2012.0,"Perks of Being a Wallflower, The",3.825,20
96829,"Hunt, The (Jagten) (2012)",Drama,96829,2012.0,"Hunt, The (Jagten)",4.3,10
96832,Holy Motors (2012),Drama|Fantasy|Musical|Mystery|Sci-Fi,96832,2012.0,Holy Motors,5.0,1
96861,Taken 2 (2012),Action|Crime|Drama|Thriller,96861,2012.0,Taken 2,3.2857142857142856,7
96917,House at the End of the Street (2012),Horror|Thriller,96917,2012.0,House at the End of the Street,4.0,1
96935,My Left Eye Sees Ghosts (Ngo joh aan gin diy gwai) (2002),Comedy|Fantasy|Romance,96935,2002.0,My Left Eye Sees Ghosts (Ngo joh aan gin diy gwai),5.0,1
96945,Love Lasts Three Years (L'amour dure trois ans) (2011),Comedy|Drama|Romance,96945,2011.0,Love Lasts Three Years (L'amour dure trois ans),3.5,1
96964,"Tall Man, The (2012)",Crime|Drama|Mystery,96964,2012.0,"Tall Man, The",1.5,1
96975,LOL (2012),Comedy|Drama|Romance,96975,2012.0,LOL,3.5,1
97024,Rust and Bone (De rouille et d'os) (2012),Drama|Romance,97024,2012.0,Rust and Bone (De rouille et d'os),0.5,1
97168,Marley (2012),Documentary,97168,2012.0,Marley,3.5,2
97172,Frankenweenie (2012),Animation|Comedy|Horror|IMAX,97172,2012.0,Frankenweenie,2.5,2
97188,Sinister (2012),Horror|Thriller,97188,2012.0,Sinister,4.0,1
97194,"Thing: Terror Takes Shape, The (1998)",Documentary,97194,1998.0,"Thing: Terror Takes Shape, The",1.0,1
97225,Hotel Transylvania (2012),Animation|Children|Comedy,97225,2012.0,Hotel Transylvania,3.409090909090909,11
97230,Side by Side (2012),Documentary,97230,2012.0,Side by Side,3.0,1
97285,Take Aim at the Police Van (Sono gosôsha wo nerae: 'Jûsangô taihisen' yori) (1960),Action|Crime|Mystery,97285,1960.0,Take Aim at the Police Van (Sono gosôsha wo nerae: 'Jûsangô taihisen' yori),3.5,1
97304,Argo (2012),Drama|Thriller,97304,2012.0,Argo,3.982142857142857,28
97306,Seven Psychopaths (2012),Comedy|Crime,97306,2012.0,Seven Psychopaths,3.466666666666667,15
97328,Liberal Arts (2012),Comedy|Drama,97328,2012.0,Liberal Arts,3.0,1
97470,Catch .44 (2011),Action|Drama|Thriller,97470,2011.0,Catch .44,1.25,2
97643,[REC]³ 3 Génesis (2012),Horror|Thriller,97643,2012.0,[REC]³ 3 Génesis,3.0,2
97665,Asterix & Obelix: God Save Britannia (Astérix et Obélix: Au service de Sa Majesté) (2012),Adventure|Comedy,97665,2012.0,Asterix & Obelix: God Save Britannia (Astérix et Obélix: Au service de Sa Majesté),2.5,1
97701,Paranormal Activity 4 (2012),Horror|IMAX,97701,2012.0,Paranormal Activity 4,3.0,1
97742,Alex Cross (2012),Action|Crime|Mystery|Thriller,97742,2012.0,Alex Cross,1.5,1
97752,Cloud Atlas (2012),Drama|Sci-Fi|IMAX,97752,2012.0,Cloud Atlas,3.736842105263158,19
97757,'Hellboy': The Seeds of Creation (2004),Action|Adventure|Comedy|Documentary|Fantasy,97757,2004.0,'Hellboy': The Seeds of Creation,4.0,1
97785,Silent Hill: Revelation 3D (2012),Horror|Mystery|Thriller,97785,2012.0,Silent Hill: Revelation 3D,3.0,1
97836,Here Comes the Boom (2012),Action|Comedy,97836,2012.0,Here Comes the Boom,2.5714285714285716,7
97858,Mental (2012),Comedy|Drama,97858,2012.0,Mental,2.0,1
97860,Killing Them Softly (2012),Crime|Drama|Thriller,97860,2012.0,Killing Them Softly,3.125,4
97866,"Imposter, The (2012)",Documentary,97866,2012.0,"Imposter, The",4.75,2
97870,"Sessions, The (Surrogate, The) (2012)",Drama,97870,2012.0,"Sessions, The (Surrogate, The)",4.0,1
97904,Smashed (2012),Comedy|Drama,97904,2012.0,Smashed,4.0,1
97913,Wreck-It Ralph (2012),Animation|Comedy,97913,2012.0,Wreck-It Ralph,3.75,22
97921,Silver Linings Playbook (2012),Comedy|Drama,97921,2012.0,Silver Linings Playbook,3.716666666666667,30
97923,Flight (2012),Drama,97923,2012.0,Flight,3.5,9
97936,Anna Karenina (2012),Drama,97936,2012.0,Anna Karenina,3.0,1
97938,Life of Pi (2012),Adventure|Drama|IMAX,97938,2012.0,Life of Pi,3.629032258064516,31
97950,"Man with the Iron Fists, The (2012)",Action|Adventure|Crime,97950,2012.0,"Man with the Iron Fists, The",2.5,1
97988,"Bay, The (2012)",Horror|Sci-Fi|Thriller,97988,2012.0,"Bay, The",2.5,1
98061,Himizu (2011),Children|Crime|Drama,98061,2011.0,Himizu,3.5,1
98083,Jackass 3.5 (2011),Comedy|Documentary,98083,2011.0,Jackass 3.5,4.0,2
98122,Indie Game: The Movie (2012),Documentary,98122,2012.0,Indie Game: The Movie,3.0,2
98124,"Batman: The Dark Knight Returns, Part 1 (2012)",Action|Animation|Sci-Fi,98124,2012.0,"Batman: The Dark Knight Returns, Part 1",3.9285714285714284,7
98154,Lincoln (2012),Drama|War,98154,2012.0,Lincoln,4.5,4
98160,Nature Calls (2012),Comedy,98160,2012.0,Nature Calls,1.5,1
98175,Vamps (2012),Comedy|Horror|Romance,98175,2012.0,Vamps,1.5,1
98203,"Twilight Saga: Breaking Dawn - Part 2, The (2012)",Adventure|Drama|Fantasy|Romance|IMAX,98203,2012.0,"Twilight Saga: Breaking Dawn - Part 2, The",1.875,4
98230,10 Years (2011),Comedy|Drama|Romance,98230,2011.0,10 Years,3.5,1
98239,Red Dawn (2012),Action|War,98239,2012.0,Red Dawn,2.25,2
98243,Rise of the Guardians (2012),Adventure|Animation|Children|Fantasy|IMAX,98243,2012.0,Rise of the Guardians,3.7916666666666665,12
98279,"Fantastic Fear of Everything, A (2012)",Comedy,98279,2012.0,"Fantastic Fear of Everything, A",4.0,2
98296,Deadfall (2012),Crime|Drama|Thriller,98296,2012.0,Deadfall,1.5,1
98361,Byzantium (2012),Drama|Fantasy|Thriller,98361,2012.0,Byzantium,4.0,1
98491,Paperman (2012),Animation|Comedy|Romance,98491,2012.0,Paperman,4.375,8
98499,"Fearless Hyena, The (Xiao quan guai zhao) (1979)",Action|Comedy,98499,1979.0,"Fearless Hyena, The (Xiao quan guai zhao)",3.0,2
98503,Half a Loaf of Kung Fu (Dian zhi gong fu gan chian chan) (1980),Action|Comedy,98503,1980.0,Half a Loaf of Kung Fu (Dian zhi gong fu gan chian chan),3.0,1
98585,Hitchcock (2012),Drama,98585,2012.0,Hitchcock,3.5,5
98604,From Up on Poppy Hill (Kokuriko-zaka kara) (2011),Animation|Drama|Romance,98604,2011.0,From Up on Poppy Hill (Kokuriko-zaka kara),4.5,1
98607,Redline (2009),Action|Animation|Sci-Fi,98607,2009.0,Redline,4.5,1
98623,Winners and Sinners (Qi mou miao ji: Wu fu xing) (1983),Action|Comedy|Crime,98623,1983.0,Winners and Sinners (Qi mou miao ji: Wu fu xing),3.0,2
98633,My Lucky Stars (Fuk sing go jiu) (1985),Action|Comedy,98633,1985.0,My Lucky Stars (Fuk sing go jiu),3.5,1
98697,"Money Money Money (L'aventure, c'est l'aventure) (1972)",Adventure|Comedy,98697,1972.0,"Money Money Money (L'aventure, c'est l'aventure)",2.5,1
98799,"Liar's Autobiography: The Untrue Story of Monty Python's Graham Chapman, A (2012)",Animation|Comedy,98799,2012.0,"Liar's Autobiography: The Untrue Story of Monty Python's Graham Chapman, A",2.5,1
98809,"Hobbit: An Unexpected Journey, The (2012)",Adventure|Fantasy|IMAX,98809,2012.0,"Hobbit: An Unexpected Journey, The",3.8125,40
98836,Hyde Park on Hudson (2012),Comedy|Drama,98836,2012.0,Hyde Park on Hudson,2.0,1
98908,How to Make Love to a Woman (2010),Comedy|Romance,98908,2010.0,How to Make Love to a Woman,1.5,1
98961,Zero Dark Thirty (2012),Action|Drama|Thriller,98961,2012.0,Zero Dark Thirty,4.107142857142857,14
99005,Fire with Fire (2012),Action|Crime|Drama,99005,2012.0,Fire with Fire,1.5,1
99007,Warm Bodies (2013),Comedy|Horror|Romance,99007,2013.0,Warm Bodies,3.5,14
99030,Wrong (2012),Comedy|Drama,99030,2012.0,Wrong,4.0,1
99087,Playing for Keeps (2012),Comedy|Romance,99087,2012.0,Playing for Keeps,3.0,1
99106,"Guilt Trip, The (2012)",Comedy,99106,2012.0,"Guilt Trip, The",2.5,3
99112,Jack Reacher (2012),Action|Crime|Thriller,99112,2012.0,Jack Reacher,3.4166666666666665,12
99114,Django Unchained (2012),Action|Drama|Western,99114,2012.0,Django Unchained,3.943661971830986,71
99117,This Is 40 (2012),Drama,99117,2012.0,This Is 40,3.125,8
99122,I Bought a Vampire Motorcycle (1990),Comedy|Horror,99122,1990.0,I Bought a Vampire Motorcycle,3.5,1
99130,Ice Cream Man (1995),Comedy|Horror,99130,1995.0,Ice Cream Man,3.5,1
99145,"Impossible, The (Imposible, Lo) (2012)",Drama|Thriller,99145,2012.0,"Impossible, The (Imposible, Lo)",3.6666666666666665,3
99149,"Misérables, Les (2012)",Drama|Musical|Romance|IMAX,99149,2012.0,"Misérables, Les",3.5,7
99191,Campfire Tales (1997),Horror,99191,1997.0,Campfire Tales,4.0,1
99415,Parental Guidance (2012),Comedy,99415,2012.0,Parental Guidance,2.0,1
99437,John Dies at the End (2012),Comedy|Fantasy|Horror,99437,2012.0,John Dies at the End,4.0,2
99532,"Misérables, Les (2000)",Drama|Romance,99532,2000.0,"Misérables, Les",2.25,2
99574,Promised Land (2012),Drama,99574,2012.0,Promised Land,3.0,1
99636,English Vinglish (2012),Comedy|Drama,99636,2012.0,English Vinglish,5.0,1
99638,Fish Story (Fisshu sutôrî) (2009),Comedy,99638,2009.0,Fish Story (Fisshu sutôrî),3.0,1
99721,Texas Chainsaw 3D (2013),Horror|Mystery|Thriller,99721,2013.0,Texas Chainsaw 3D,1.5,1
99728,Gangster Squad (2013),Action|Crime|Drama,99728,2013.0,Gangster Squad,3.3333333333333335,3
99750,"Iceman, The (2012)",Crime|Drama|Thriller,99750,2012.0,"Iceman, The",3.5,1
99764,It's Such a Beautiful Day (2012),Animation|Comedy|Drama|Fantasy|Sci-Fi,99764,2012.0,It's Such a Beautiful Day,4.25,2
99813,"Batman: The Dark Knight Returns, Part 2 (2013)",Action|Animation,99813,2013.0,"Batman: The Dark Knight Returns, Part 2",3.875,8
99846,Everything or Nothing: The Untold Story of 007 (2012),Documentary,99846,2012.0,Everything or Nothing: The Untold Story of 007,3.0,1
99853,Codependent Lesbian Space Alien Seeks Same (2011),Comedy|Romance|Sci-Fi,99853,2011.0,Codependent Lesbian Space Alien Seeks Same,4.0,1
99910,"Last Stand, The (2013)",Action|Crime|Thriller,99910,2013.0,"Last Stand, The",3.25,2
99917,Upstream Color (2013),Romance|Sci-Fi|Thriller,99917,2013.0,Upstream Color,3.1666666666666665,3
99992,Shadow Dancer (2012),Crime|Drama|Thriller,99992,2012.0,Shadow Dancer,3.0,1
100044,Human Planet (2011),Documentary,100044,2011.0,Human Planet,4.0,1
100068,Comme un chef (2012),Comedy,100068,2012.0,Comme un chef,3.5,1
100083,Movie 43 (2013),Comedy,100083,2013.0,Movie 43,3.5,3
100106,"Pervert's Guide to Ideology, The (2012)",Documentary,100106,2012.0,"Pervert's Guide to Ideology, The",3.5,1
100159,Sightseers (2012),Comedy,100159,2012.0,Sightseers,4.5,1
100163,Hansel & Gretel: Witch Hunters (2013),Action|Fantasy|Horror|IMAX,100163,2013.0,Hansel & Gretel: Witch Hunters,2.9,5
100194,Jim Jefferies: Fully Functional (EPIX) (2012),Comedy,100194,2012.0,Jim Jefferies: Fully Functional (EPIX),4.5,1
100226,Why Stop Now (2012),Comedy|Drama,100226,2012.0,Why Stop Now,1.5,1
100277,Tabu (2012),Drama|Romance,100277,2012.0,Tabu,4.0,1
100302,Upside Down (2012),Drama|Romance|Sci-Fi,100302,2012.0,Upside Down,3.0,1
100304,"Liability, The (2012)",Action|Thriller,100304,2012.0,"Liability, The",3.0,1
100306,Angst  (1983),Drama|Horror,100306,1983.0,Angst,3.5,1
100326,Stand Up Guys (2012),Comedy|Crime,100326,2012.0,Stand Up Guys,2.5,1
100383,Side Effects (2013),Crime|Drama|Mystery|Thriller,100383,2013.0,Side Effects,3.9166666666666665,6
100390,Identity Thief (2013),Comedy|Crime,100390,2013.0,Identity Thief,2.875,4
100397,"ABCs of Death, The (2012)",Horror,100397,2012.0,"ABCs of Death, The",3.5,1
100487,Beautiful Creatures (2013),Drama|Fantasy|Romance,100487,2013.0,Beautiful Creatures,2.0,1
100498,"Good Day to Die Hard, A (2013)",Action|Crime|Thriller|IMAX,100498,2013.0,"Good Day to Die Hard, A",2.0833333333333335,6
100507,21 and Over (2013),Comedy,100507,2013.0,21 and Over,3.625,4
100527,Safe Haven (2013),Drama|Mystery|Romance,100527,2013.0,Safe Haven,4.0,1
100553,Frozen Planet (2011),Documentary,100553,2011.0,Frozen Planet,4.5,2
100556,"Act of Killing, The (2012)",Documentary,100556,2012.0,"Act of Killing, The",5.0,1
100579,Universal Soldier: Day of Reckoning (2012),Action|Sci-Fi|Thriller,100579,2012.0,Universal Soldier: Day of Reckoning,4.0,1
100611,Escape from Planet Earth (2013),Adventure|Animation|Comedy|Sci-Fi,100611,2013.0,Escape from Planet Earth,4.0,2
100714,Before Midnight (2013),Drama|Romance,100714,2013.0,Before Midnight,3.5,3
100737,Snitch (2013),Action|Drama|Thriller,100737,2013.0,Snitch,3.5,1
100810,Dark Skies (2013),Horror|Sci-Fi|Thriller,100810,2013.0,Dark Skies,3.0,2
100843,Oh Boy (A Coffee in Berlin) (2012),Comedy|Drama,100843,2012.0,Oh Boy (A Coffee in Berlin),3.5,1
100882,Journey to the West: Conquering the Demons (Daai wa sai you chi Chui mo chun kei) (2013),Adventure|Comedy|Fantasy|Romance|IMAX,100882,2013.0,Journey to the West: Conquering the Demons (Daai wa sai you chi Chui mo chun kei),4.75,2
100906,Maniac Cop 2 (1990),Action|Horror|Thriller,100906,1990.0,Maniac Cop 2,5.0,1
101025,Jack the Giant Slayer (2013),Adventure|Fantasy|IMAX,101025,2013.0,Jack the Giant Slayer,2.2,5
101070,Wadjda (2012),Drama,101070,2012.0,Wadjda,2.5,1
101072,"Unintentional Kidnapping of Mrs. Elfriede Ott, The (Die Unabsichtliche Entführung der Frau Elfriede Ott) (2010)",Comedy,101072,2010.0,"Unintentional Kidnapping of Mrs. Elfriede Ott, The (Die Unabsichtliche Entführung der Frau Elfriede Ott)",2.5,1
101074,"Legend of Sleepy Hollow, The (1949)",Animation|Comedy|Horror|Musical,101074,1949.0,"Legend of Sleepy Hollow, The",2.0,1
101076,G.I. Joe: Retaliation (2013),Action|Adventure|Sci-Fi|Thriller|IMAX,101076,2013.0,G.I. Joe: Retaliation,3.0,3
101088,Stoker (2013),Drama|Mystery|Thriller,101088,2013.0,Stoker,3.75,2
101112,Oz the Great and Powerful (2013),Action|Adventure|Fantasy|IMAX,101112,2013.0,Oz the Great and Powerful,3.0833333333333335,6
101142,"Croods, The (2013)",Adventure|Animation|Comedy,101142,2013.0,"Croods, The",3.7777777777777777,9
101283,"Incredible Burt Wonderstone, The (2013)",Comedy,101283,2013.0,"Incredible Burt Wonderstone, The",2.8333333333333335,3
101360,"Call, The (2013)",Drama|Thriller,101360,2013.0,"Call, The",1.5,1
101362,Olympus Has Fallen (2013),Action|Thriller,101362,2013.0,Olympus Has Fallen,2.875,8
101415,"First Time, The (2012)",Comedy|Drama|Romance,101415,2012.0,"First Time, The",1.5,2
101423,Mezzo Forte (1998),Action|Animation|Comedy,101423,1998.0,Mezzo Forte,3.0,1
101525,"Place Beyond the Pines, The (2012)",Crime|Drama,101525,2012.0,"Place Beyond the Pines, The",3.5,5
101529,"Brass Teapot, The (2012)",Comedy|Fantasy|Thriller,101529,2012.0,"Brass Teapot, The",2.0,1
101531,Phil Spector (2013),Drama,101531,2013.0,Phil Spector,2.0,1
101577,"Host, The (2013)",Action|Adventure|Romance,101577,2013.0,"Host, The",2.5,4
101612,Admission (2013),Comedy|Romance,101612,2013.0,Admission,3.0,4
101739,Evil Dead (2013),Horror,101739,2013.0,Evil Dead,3.25,2
101741,Trance (2013),Crime|Thriller,101741,2013.0,Trance,3.75,2
101765,"Perfect Plan, A (Plan parfait, Un) (2012)",Adventure|Comedy|Romance,101765,2012.0,"Perfect Plan, A (Plan parfait, Un)",4.25,2
101864,Oblivion (2013),Action|Adventure|Sci-Fi|IMAX,101864,2013.0,Oblivion,3.3,20
101884,Dark Tide (2012),Adventure|Drama|Thriller,101884,2012.0,Dark Tide,1.5,1
101895,42 (2013),Drama,101895,2013.0,42,4.0,1
101962,Wolf Children (Okami kodomo no ame to yuki) (2012),Animation|Fantasy,101962,2012.0,Wolf Children (Okami kodomo no ame to yuki),4.0,4
101973,Disconnect (2012),Drama|Thriller,101973,2012.0,Disconnect,1.5,1
102007,"Invincible Iron Man, The (2007)",Animation,102007,2007.0,"Invincible Iron Man, The",3.0,1
102025,Yongary: Monster from the Deep (1967),Children|Horror|Sci-Fi,102025,1967.0,Yongary: Monster from the Deep,0.5,1
102033,Pain & Gain (2013),Action|Comedy|Crime,102033,2013.0,Pain & Gain,3.2,5
102058,Hulk Vs. (2009),Animation,102058,2009.0,Hulk Vs.,3.0,1
102066,Resolution (2012),Horror|Thriller,102066,2012.0,Resolution,4.0,1
102070,Grabbers (2012),Comedy|Horror|Sci-Fi,102070,2012.0,Grabbers,3.0,1
102084,Justice League: Doom (2012) ,Action|Animation|Fantasy,102084,2012.0,Justice League: Doom,5.0,1
102088,"Grandmaster, The (Yi dai zong shi) (2013)",Action|Drama|IMAX,102088,2013.0,"Grandmaster, The (Yi dai zong shi)",2.0,1
102123,This Is the End (2013),Action|Comedy,102123,2013.0,This Is the End,3.2142857142857144,14
102125,Iron Man 3 (2013),Action|Sci-Fi|Thriller|IMAX,102125,2013.0,Iron Man 3,3.5625,32
102165,"English Teacher, The (2013)",Comedy|Drama,102165,2013.0,"English Teacher, The",2.0,1
102194,Mud (2012),Adventure|Crime|Drama,102194,2012.0,Mud,4.333333333333333,3
102217,Bill Hicks: Revelations (1993),Comedy,102217,1993.0,Bill Hicks: Revelations,5.0,1
102278,Pawn (2013),Crime|Thriller,102278,2013.0,Pawn,2.0,1
102338,Shaolin Temple (Shao Lin si) (1976),Action|Adventure|Drama,102338,1976.0,Shaolin Temple (Shao Lin si),4.5,1
102378,Syrup (2013),Comedy|Drama,102378,2013.0,Syrup,2.75,2
102407,"Great Gatsby, The (2013)",Drama,102407,2013.0,"Great Gatsby, The",3.375,20
102445,Star Trek Into Darkness (2013),Action|Adventure|Sci-Fi|IMAX,102445,2013.0,Star Trek Into Darkness,3.685185185185185,27
102481,"Internship, The (2013)",Comedy,102481,2013.0,"Internship, The",3.55,10
102590,Darkon (2006),Documentary|Fantasy,102590,2006.0,Darkon,3.0,1
102602,Mimino (1977),Comedy,102602,1977.0,Mimino,4.0,1
102666,Ivan Vasilievich: Back to the Future (Ivan Vasilievich menyaet professiyu) (1973),Adventure|Comedy,102666,1973.0,Ivan Vasilievich: Back to the Future (Ivan Vasilievich menyaet professiyu),4.5,1
102684,Only God Forgives (2013),Drama|Thriller,102684,2013.0,Only God Forgives,3.75,2
102686,"Hangover Part III, The (2013)",Comedy,102686,2013.0,"Hangover Part III, The",3.375,8
102716,"Fast & Furious 6 (Fast and the Furious 6, The) (2013)",Action|Crime|Thriller|IMAX,102716,2013.0,"Fast & Furious 6 (Fast and the Furious 6, The)",3.357142857142857,7
102720,Epic (2013),Adventure|Animation|Fantasy,102720,2013.0,Epic,3.0,2
102735,Captain America (1979),Action|Drama,102735,1979.0,Captain America,0.5,1
102742,Tie Xi Qu: West of the Tracks (Tiexi qu) (2003),Documentary,102742,2003.0,Tie Xi Qu: West of the Tracks (Tiexi qu),4.0,1
102747,"Rink, The (1916)",Comedy,102747,1916.0,"Rink, The",3.5,1
102749,Captain America II: Death Too Soon (1979),Action|Crime,102749,1979.0,Captain America II: Death Too Soon,0.5,1
102760,Down Terrace (2009),Comedy|Crime|Drama,102760,2009.0,Down Terrace,4.0,1
102800,Frances Ha (2012),Comedy|Drama,102800,2012.0,Frances Ha,2.5,1
102802,"Lords of Salem, The (2012)",Horror|Thriller,102802,2012.0,"Lords of Salem, The",2.5,1
102819,Behind the Candelabra (2013),Drama,102819,2013.0,Behind the Candelabra,3.0,1
102823,As I Was Moving Ahead Occasionally I Saw Brief Glimpses of Beauty (2000),Documentary,102823,2000.0,As I Was Moving Ahead Occasionally I Saw Brief Glimpses of Beauty,3.5,1
102852,With Great Power: The Stan Lee Story (2012),Documentary,102852,2012.0,With Great Power: The Stan Lee Story,3.0,1
102880,After Earth (2013),Action|Adventure|Sci-Fi|IMAX,102880,2013.0,After Earth,1.0,2
102903,Now You See Me (2013),Crime|Mystery|Thriller,102903,2013.0,Now You See Me,3.409090909090909,22
102984,Inhuman Resources (Redd Inc.) (2012),Horror|Thriller,102984,2012.0,Inhuman Resources (Redd Inc.),4.5,1
102993,"Way, Way Back, The (2013)",Comedy|Drama,102993,2013.0,"Way, Way Back, The",3.125,4
103027,Much Ado About Nothing (2012),Comedy|Drama|Romance,103027,2012.0,Much Ado About Nothing,3.0,1
103042,Man of Steel (2013),Action|Adventure|Fantasy|Sci-Fi|IMAX,103042,2013.0,Man of Steel,3.2954545454545454,22
103048,"Kings of Summer, The (2013)",Comedy,103048,2013.0,"Kings of Summer, The",3.5,2
103075,"Purge, The (2013)",Crime|Horror|Thriller,103075,2013.0,"Purge, The",3.25,4
103085,Rapture-Palooza (2013),Comedy|Fantasy,103085,2013.0,Rapture-Palooza,3.0,1
103107,20 Feet from Stardom (Twenty Feet from Stardom) (2013),Documentary,103107,2013.0,20 Feet from Stardom (Twenty Feet from Stardom),4.25,2
103137,"Bling Ring, The (2013)",Crime|Drama,103137,2013.0,"Bling Ring, The",2.0,2
103141,Monsters University (2013),Adventure|Animation|Comedy,103141,2013.0,Monsters University,3.875,16
103171,Schlussmacher (2013),Comedy,103171,2013.0,Schlussmacher,1.0,1
103210,Fullmetal Alchemist: The Sacred Star of Milos (2011),Action|Adventure|Animation,103210,2011.0,Fullmetal Alchemist: The Sacred Star of Milos,2.0,1
103219,Maniac (2012),Horror|Thriller,103219,2012.0,Maniac,3.5,1
103221,Not Suitable for Children (2012),Comedy|Romance,103221,2012.0,Not Suitable for Children,2.5,1
103228,Pacific Rim (2013),Action|Adventure|Sci-Fi|IMAX,103228,2013.0,Pacific Rim,3.607142857142857,14
103233,LEGO Batman: The Movie - DC Heroes Unite (2013),Action|Adventure|Animation,103233,2013.0,LEGO Batman: The Movie - DC Heroes Unite,3.0,1
103235,"Best Offer, The (Migliore offerta, La) (2013)",Thriller,103235,2013.0,"Best Offer, The (Migliore offerta, La)",4.0,5
103245,Adam and Eve (National Lampoon's Adam & Eve) (2005),Comedy|Drama|Romance,103245,2005.0,Adam and Eve (National Lampoon's Adam & Eve),2.5,1
103249,World War Z (2013),Action|Drama|Horror|IMAX,103249,2013.0,World War Z,3.026315789473684,19
103253,Elysium (2013),Action|Drama|Sci-Fi|IMAX,103253,2013.0,Elysium,3.3125,16
103335,Despicable Me 2 (2013),Animation|Children|Comedy|IMAX,103335,2013.0,Despicable Me 2,3.5789473684210527,19
103339,White House Down (2013),Action|Drama|Thriller|IMAX,103339,2013.0,White House Down,2.9166666666666665,6
103341,"World's End, The (2013)",Action|Comedy|Sci-Fi,103341,2013.0,"World's End, The",3.4166666666666665,18
103366,Redemption (Hummingbird) (2013),Action|Crime|Thriller,103366,2013.0,Redemption (Hummingbird),2.0,1
103372,"Heat, The (2013)",Action|Comedy|Crime,103372,2013.0,"Heat, The",3.4166666666666665,6
103384,"Lone Ranger, The (2013)",Action|Adventure|Western|IMAX,103384,2013.0,"Lone Ranger, The",2.7857142857142856,7
103449,Passion (2012),Crime|Drama|Mystery|Thriller,103449,2012.0,Passion,1.0,1
103483,V/H/S/2 (2013),Horror|Thriller,103483,2013.0,V/H/S/2,4.5,1
103502,"Knot, The (2012)",Comedy|Romance,103502,2012.0,"Knot, The",1.5,1
103539,The Spectacular Now (2013),Comedy|Drama|Romance,103539,2013.0,The Spectacular Now,3.25,2
103543,"Lifeguard, The (2013)",Comedy|Drama,103543,2013.0,"Lifeguard, The",3.5,2
103596,Sharknado (2013),Sci-Fi,103596,2013.0,Sharknado,1.875,4
103602,Craig Ferguson: I'm Here To Help (2013),Comedy|Documentary,103602,2013.0,Craig Ferguson: I'm Here To Help,5.0,1
103606,Stuck in Love (2012),Comedy|Drama|Romance,103606,2012.0,Stuck in Love,4.0,1
103609,Class Act (1992),Comedy,103609,1992.0,Class Act,1.5,1
103624,Fruitvale Station (2013),Drama,103624,2013.0,Fruitvale Station,4.0,2
103655,R.I.P.D. (2013),Action|Comedy|Fantasy,103655,2013.0,R.I.P.D.,1.8333333333333333,3
103685,"Field in England, A (2013)",Drama|Fantasy|Thriller|War,103685,2013.0,"Field in England, A",4.5,1
103688,"Conjuring, The (2013)",Horror|Thriller,103688,2013.0,"Conjuring, The",4.214285714285714,7
103755,Turbo (2013),Adventure|Animation|Children|Comedy|Fantasy,103755,2013.0,Turbo,2.5,1
103772,"Wolverine, The (2013)",Action|Adventure|Fantasy|Sci-Fi,103772,2013.0,"Wolverine, The",3.375,16
103801,Drinking Buddies (2013),Comedy|Drama|Romance,103801,2013.0,Drinking Buddies,2.3333333333333335,3
103810,Red 2 (2013),Action|Comedy|Crime|Thriller,103810,2013.0,Red 2,3.2,5
103819,Coffee Town (2013),Comedy,103819,2013.0,Coffee Town,2.25,2
103865,Revenge for Jolly! (2012),Comedy|Drama,103865,2012.0,Revenge for Jolly!,2.0,1
103883,2 Guns (2013),Action|Comedy|Crime,103883,2013.0,2 Guns,4.0,3
103980,Blue Jasmine (2013),Drama,103980,2013.0,Blue Jasmine,3.375,4
103984,"Great Beauty, The (Grande Bellezza, La) (2013)",Comedy|Drama,103984,2013.0,"Great Beauty, The (Grande Bellezza, La)",3.5,3
104017,3 dev adam (Three Giant Men) (1973) ,Action|Adventure|Sci-Fi,104017,1973.0,3 dev adam (Three Giant Men),0.5,1
104069,Louis C.K.: Oh My God (2013),Comedy,104069,2013.0,Louis C.K.: Oh My God,4.125,4
104074,Percy Jackson: Sea of Monsters (2013),Adventure|Children|Fantasy,104074,2013.0,Percy Jackson: Sea of Monsters,1.75,2
104076,"Smurfs 2, The (2013)",Animation|Children|Comedy,104076,2013.0,"Smurfs 2, The",1.875,4
104078,Alan Partridge: Alpha Papa (2013),Comedy,104078,2013.0,Alan Partridge: Alpha Papa,4.0,1
104129,Man of Tai Chi (2013),Action|IMAX,104129,2013.0,Man of Tai Chi,3.25,2
104141,Batman: Mystery of the Batwoman (2003),Action|Animation|Children|Crime,104141,2003.0,Batman: Mystery of the Batwoman,3.0,1
104211,We're the Millers (2013),Comedy|Crime,104211,2013.0,We're the Millers,3.738095238095238,21
104218,Grown Ups 2 (2013),Comedy,104218,2013.0,Grown Ups 2,3.4,5
104241,Kick-Ass 2 (2013),Action|Comedy|Crime,104241,2013.0,Kick-Ass 2,3.4545454545454546,11
104243,Riddick (2013),Action|Sci-Fi|Thriller|IMAX,104243,2013.0,Riddick,3.3,5
104245,Planes (2013),Adventure|Animation|Comedy,104245,2013.0,Planes,3.0,2
104272,Blackfish (2013),Documentary,104272,2013.0,Blackfish,3.0,2
104283,"Wind Rises, The (Kaze tachinu) (2013)",Animation|Drama|Romance,104283,2013.0,"Wind Rises, The (Kaze tachinu)",4.0,3
104303,Jobs (2013),Drama,104303,2013.0,Jobs,2.5,3
104337,Lee Daniels' The Butler (2013),Drama,104337,2013.0,Lee Daniels' The Butler,1.5,1
104339,In a World... (2013),Comedy,104339,2013.0,In a World...,4.0,2
104374,About Time (2013),Drama|Fantasy|Romance,104374,2013.0,About Time,3.933333333333333,15
104419,Justice League: Crisis on Two Earths (2010),Action|Animation|Sci-Fi,104419,2010.0,Justice League: Crisis on Two Earths,3.25,2
104457,You're Next (2011),Horror|Thriller,104457,2011.0,You're Next,3.75,2
104644,Maria Bamford: The Special Special Special! (2012),Comedy,104644,2012.0,Maria Bamford: The Special Special Special!,0.5,1
104760,Getaway (2013),Action|Crime,104760,2013.0,Getaway,1.0,1
104780,"Mystery of the Third Planet, The (Tayna tretey planety) (1981)",Adventure|Animation|Sci-Fi,104780,1981.0,"Mystery of the Third Planet, The (Tayna tretey planety)",5.0,1
104837,Rage of Honor (1987),Action|Crime,104837,1987.0,Rage of Honor,2.0,1
104841,Gravity (2013),Action|Sci-Fi|IMAX,104841,2013.0,Gravity,3.578125,32
104863,What If (2013),Comedy|Drama|Romance,104863,2013.0,What If,2.6666666666666665,3
104875,"History of Future Folk, The (2012)",Adventure|Comedy|Musical|Sci-Fi,104875,2012.0,"History of Future Folk, The",4.0,2
104879,Prisoners (2013),Drama|Mystery|Thriller,104879,2013.0,Prisoners,4.15625,16
104906,Austenland (2013),Comedy|Romance,104906,2013.0,Austenland,3.1666666666666665,3
104908,Insidious: Chapter 2 (2013),Horror|Thriller,104908,2013.0,Insidious: Chapter 2,3.0,2
104913,Rush (2013),Action|Drama,104913,2013.0,Rush,3.8181818181818183,11
104925,"Family, The (2013)",Action|Comedy|Crime,104925,2013.0,"Family, The",3.5,3
104944,Short Term 12 (2013),Drama,104944,2013.0,Short Term 12,3.75,2
105020,Collision Course (1989),Action|Comedy|Thriller,105020,1989.0,Collision Course,1.5,1
105037,"To Do List, The (2013)",Comedy,105037,2013.0,"To Do List, The",2.5,4
105121,Inescapable (2012),Action|Drama|War,105121,2012.0,Inescapable,1.0,1
105197,Nebraska (2013),Adventure|Drama,105197,2013.0,Nebraska,4.125,4
105211,Enough Said (2013),Comedy|Drama|Romance,105211,2013.0,Enough Said,3.0,2
105213,Don Jon (2013),Comedy|Drama|Romance,105213,2013.0,Don Jon,3.125,8
105246,Mood Indigo (L'écume des jours) (2013),Drama|Fantasy,105246,2013.0,Mood Indigo (L'écume des jours),3.5,1
105250,"Century of the Self, The (2002)",Documentary,105250,2002.0,"Century of the Self, The",3.75,2
105254,Crystal Fairy & the Magical Cactus and 2012 (2013),Adventure|Comedy,105254,2013.0,Crystal Fairy & the Magical Cactus and 2012,3.5,2
105325,Bad Milo (Bad Milo!) (2013),Comedy|Horror,105325,2013.0,Bad Milo (Bad Milo!),1.0,1
105351,Runner Runner (2013),Crime|Drama|Thriller,105351,2013.0,Runner Runner,2.25,2
105355,Blue Is the Warmest Color (La vie d'Adèle) (2013),Drama|Romance,105355,2013.0,Blue Is the Warmest Color (La vie d'Adèle),3.25,2
105468,Cloudy with a Chance of Meatballs 2 (2013),Animation|Children|Comedy|Fantasy,105468,2013.0,Cloudy with a Chance of Meatballs 2,2.25,2
105504,Captain Phillips (2013),Adventure|Drama|Thriller|IMAX,105504,2013.0,Captain Phillips,4.0476190476190474,21
105540,"All Dogs Christmas Carol, An (1998)",Animation|Children|Comedy|Musical,105540,1998.0,"All Dogs Christmas Carol, An",4.5,1
105585,Machete Kills (Machete 2) (2013),Action|Crime|Thriller,105585,2013.0,Machete Kills (Machete 2),4.0,2
105593,Filth (2013),Comedy|Crime|Drama,105593,2013.0,Filth,4.5,2
105653,Escape Plan (2013),Action|Mystery|Thriller,105653,2013.0,Escape Plan,4.0,4
105720,"Thief of Paris, The (Le voleur) (1967)",Comedy|Crime|Drama,105720,1967.0,"Thief of Paris, The (Le voleur)",3.0,1
105731,Carrie (2013),Drama|Horror,105731,2013.0,Carrie,2.5,2
105746,UnHung Hero (2013),Documentary,105746,2013.0,UnHung Hero,4.5,1
105755,"Counselor, The (2013)",Crime|Drama|Thriller,105755,2013.0,"Counselor, The",1.5,1
105801,Escape From Tomorrow (2013),Drama|Fantasy|Horror,105801,2013.0,Escape From Tomorrow,3.0,1
105835,"Double, The (2013)",Comedy|Drama|Thriller,105835,2013.0,"Double, The",4.0,1
105844,12 Years a Slave (2013),Drama,105844,2013.0,12 Years a Slave,3.625,16
105954,All Is Lost (2013),Action|Adventure|Drama,105954,2013.0,All Is Lost,3.625,4
106002,Ender's Game (2013),Action|Adventure|Sci-Fi|IMAX,106002,2013.0,Ender's Game,3.4375,16
106062,Jackass Presents: Bad Grandpa (2013),Comedy,106062,2013.0,Jackass Presents: Bad Grandpa,3.25,2
106072,Thor: The Dark World (2013),Action|Adventure|Fantasy|IMAX,106072,2013.0,Thor: The Dark World,3.3095238095238093,21
106100,Dallas Buyers Club (2013),Drama,106100,2013.0,Dallas Buyers Club,3.9705882352941178,17
106144,"Selfish Giant, The (2013)",Drama,106144,2013.0,"Selfish Giant, The",3.5,1
106330,Last Vegas (2013),Comedy|Drama|Romance,106330,2013.0,Last Vegas,2.0,2
106438,Philomena (2013),Comedy|Drama,106438,2013.0,Philomena,3.25,2
106441,"Book Thief, The (2013)",Children|Drama|War,106441,2013.0,"Book Thief, The",3.0,1
106487,The Hunger Games: Catching Fire (2013),Action|Adventure|Sci-Fi|IMAX,106487,2013.0,The Hunger Games: Catching Fire,3.6346153846153846,26
106489,"Hobbit: The Desolation of Smaug, The (2013)",Adventure|Fantasy|IMAX,106489,2013.0,"Hobbit: The Desolation of Smaug, The",3.58,25
106491,47 Ronin (2013),Action|Adventure|Fantasy,106491,2013.0,47 Ronin,2.642857142857143,7
106540,Delivery Man (2013),Comedy,106540,2013.0,Delivery Man,2.875,4
106542,Charlie Countryman (2013),Action|Comedy|Romance,106542,2013.0,Charlie Countryman,1.5,1
106594,Red Flag (2012),Comedy|Drama|Romance,106594,2012.0,Red Flag,4.5,1
106642,"Day of the Doctor, The (2013)",Adventure|Drama|Sci-Fi,106642,2013.0,"Day of the Doctor, The",4.571428571428571,7
106648,Guilty of Romance (Koi no tsumi) (2011) ,Crime|Drama|Horror,106648,2011.0,Guilty of Romance (Koi no tsumi),3.0,1
106696,Frozen (2013),Adventure|Animation|Comedy|Fantasy|Musical|Romance,106696,2013.0,Frozen,3.6206896551724137,29
106766,Inside Llewyn Davis (2013),Drama,106766,2013.0,Inside Llewyn Davis,3.642857142857143,7
106782,"Wolf of Wall Street, The (2013)",Comedy|Crime|Drama,106782,2013.0,"Wolf of Wall Street, The",3.9166666666666665,54
106785,Homefront (2013),Action|Crime|Thriller,106785,2013.0,Homefront,3.0,1
106839,Mandela: Long Walk to Freedom (2013),Drama,106839,2013.0,Mandela: Long Walk to Freedom,3.75,2
106873,Evangelion: 3.0 You Can (Not) Redo (2012),Action|Animation|Drama,106873,2012.0,Evangelion: 3.0 You Can (Not) Redo,2.5,3
106883,All is Bright (2013),Comedy|Drama,106883,2013.0,All is Bright,1.5,1
106889,Tim's Vermeer (2013),Documentary,106889,2013.0,Tim's Vermeer,4.0,1
106916,American Hustle (2013),Crime|Drama,106916,2013.0,American Hustle,3.25,16
106918,"Secret Life of Walter Mitty, The (2013)",Adventure|Comedy|Drama,106918,2013.0,"Secret Life of Walter Mitty, The",4.0,20
106920,Her (2013),Drama|Romance|Sci-Fi,106920,2013.0,Her,3.92,25
106927,RoboGeisha (Robo-geisha) (2009),Action|Comedy|Sci-Fi,106927,2009.0,RoboGeisha (Robo-geisha),3.0,1
107013,"Christmas Carol, A (1977)",Drama|Fantasy,107013,1977.0,"Christmas Carol, A",0.5,1
107069,Lone Survivor (2013),Action|Drama|Thriller|War,107069,2013.0,Lone Survivor,3.0,2
107141,Saving Mr. Banks (2013),Comedy|Drama,107141,2013.0,Saving Mr. Banks,3.6875,8
107159,Zatoichi and the Chest of Gold (Zatôichi senryô-kubi) (Zatôichi 6) (1964),Action|Drama,107159,1964.0,Zatoichi and the Chest of Gold (Zatôichi senryô-kubi) (Zatôichi 6),4.0,1
107314,Oldboy (2013),Action|Drama|Mystery,107314,2013.0,Oldboy,3.0,2
107338,Dampfnudelblues (2013),Comedy|Crime,107338,2013.0,Dampfnudelblues,2.5,1
107348,Anchorman 2: The Legend Continues (2013),Comedy,107348,2013.0,Anchorman 2: The Legend Continues,3.3636363636363638,11
107406,Snowpiercer (2013),Action|Drama|Sci-Fi,107406,2013.0,Snowpiercer,3.4285714285714284,21
107408,Only Old Men Are Going to Battle (V boy idut odni stariki) (1973),Comedy|Drama|War,107408,1973.0,Only Old Men Are Going to Battle (V boy idut odni stariki),4.5,1
107410,Guest from the Future (Gostya iz buduschego) (1985),Adventure|Drama|Sci-Fi,107410,1985.0,Guest from the Future (Gostya iz buduschego),4.0,1
107412,"Kidnapping, Caucasian Style (Kavkazskaya plennitsa) (1967)",Comedy|Romance,107412,1967.0,"Kidnapping, Caucasian Style (Kavkazskaya plennitsa)",4.5,1
107436,Haunter (2013),Horror|Mystery|Thriller,107436,2013.0,Haunter,3.0,1
107447,Wrong Cops (2013),Comedy|Crime,107447,2013.0,Wrong Cops,4.0,1
107449,"Muppet Christmas: Letters to Santa, A (2008)",Children|Comedy,107449,2008.0,"Muppet Christmas: Letters to Santa, A",1.5,1
107462,Ninja: Shadow of a Tear (2013),Action|Crime|Thriller,107462,2013.0,Ninja: Shadow of a Tear,4.5,1
107565,"Fuck You, Goethe (Fack Ju Göhte) (2013)",Comedy,107565,2013.0,"Fuck You, Goethe (Fack Ju Göhte)",2.75,2
107630,High School (2010),Comedy,107630,2010.0,High School,4.5,1
107702,Grudge Match (2013),Comedy,107702,2013.0,Grudge Match,2.5,2
107723,Highlander: The Search for Vengeance (2007),Action|Adventure|Fantasy,107723,2007.0,Highlander: The Search for Vengeance,3.0,1
107771,Only Lovers Left Alive (2013),Drama|Horror|Romance,107771,2013.0,Only Lovers Left Alive,5.0,1
107780,Cats (1998),Musical,107780,1998.0,Cats,4.0,1
107846,MacGyver: Trail to Doomsday (1994),Action|Adventure,107846,1994.0,MacGyver: Trail to Doomsday,3.5,1
107945,Bad Karma (2012),Thriller,107945,2012.0,Bad Karma,2.0,1
107951,Hunting Elephants (2013),Comedy|Crime,107951,2013.0,Hunting Elephants,5.0,1
107953,Dragon Ball Z: Battle of Gods (2013),Action|Animation|Fantasy|IMAX,107953,2013.0,Dragon Ball Z: Battle of Gods,4.0,2
107962,Freezer (2014),Action|Thriller,107962,2014.0,Freezer,2.0,1
107997,We Are What We Are (2013),Drama|Horror|Mystery|Thriller,107997,2013.0,We Are What We Are,2.25,2
107999,Dragon ball Z 04: Lord Slug (1991),Animation|Children,107999,1991.0,Dragon ball Z 04: Lord Slug,4.0,1
108078,Chinese Puzzle (Casse-tête chinois) (2013),Comedy|Romance,108078,2013.0,Chinese Puzzle (Casse-tête chinois),5.0,1
108090,Dragon Ball: The Path to Power (Doragon bôru: Saikyô e no michi) (1996),Action|Adventure|Animation|Children,108090,1996.0,Dragon Ball: The Path to Power (Doragon bôru: Saikyô e no michi),3.5,1
108156,Ride Along (2014),Action|Comedy,108156,2014.0,Ride Along,3.1666666666666665,6
108188,Jack Ryan: Shadow Recruit (2014),Action|Drama|Thriller|IMAX,108188,2014.0,Jack Ryan: Shadow Recruit,2.0,2
108190,Divergent (2014),Adventure|Romance|Sci-Fi|IMAX,108190,2014.0,Divergent,3.0,18
108192,Hotel Chevalier (Part 1 of 'The Darjeeling Limited') (2007),Drama,108192,2007.0,Hotel Chevalier (Part 1 of 'The Darjeeling Limited'),3.5,1
108540,Ernest & Célestine (Ernest et Célestine) (2012),Adventure|Animation|Children|Comedy|Drama|Romance,108540,2012.0,Ernest & Célestine (Ernest et Célestine),4.5,1
108601,Drift (2013),Drama,108601,2013.0,Drift,2.0,1
108689,"I, Frankenstein (2014)",Action|Fantasy|Sci-Fi|IMAX,108689,2014.0,"I, Frankenstein",2.25,2
108715,Better Living Through Chemistry (2014),Comedy|Drama,108715,2014.0,Better Living Through Chemistry,1.5,1
108727,Nymphomaniac: Volume I (2013),Drama,108727,2013.0,Nymphomaniac: Volume I,4.25,2
108729,Enemy (2013),Mystery|Thriller,108729,2013.0,Enemy,3.5,7
108795,Wonder Woman (2009),Action|Adventure|Animation|Fantasy,108795,2009.0,Wonder Woman,5.0,1
108928,"Monuments Men, The (2014)",Action|Drama|War,108928,2014.0,"Monuments Men, The",2.6666666666666665,6
108932,The Lego Movie (2014),Action|Adventure|Animation|Children|Comedy|Fantasy,108932,2014.0,The Lego Movie,3.870967741935484,31
108945,RoboCop (2014),Action|Crime|Sci-Fi|IMAX,108945,2014.0,RoboCop,2.3333333333333335,6
108949,"Art of the Steal, The (2013)",Crime,108949,2013.0,"Art of the Steal, The",3.3333333333333335,3
108981,Nymphomaniac: Volume II (2013),Drama|Mystery,108981,2013.0,Nymphomaniac: Volume II,4.5,1
109042,Knights of Badassdom (2013),Adventure|Comedy|Fantasy,109042,2013.0,Knights of Badassdom,2.25,2
109161,Venus in Fur (La Vénus à la fourrure) (2013),Drama,109161,2013.0,Venus in Fur (La Vénus à la fourrure),4.5,1
109183,Date and Switch (2014),Comedy,109183,2014.0,Date and Switch,2.0,1
109187,"Zero Theorem, The (2013)",Drama|Fantasy|Sci-Fi,109187,2013.0,"Zero Theorem, The",3.0,3
109191,Winter's Tale (2014),Drama|Fantasy|Mystery,109191,2014.0,Winter's Tale,1.5,1
109241,On the Other Side of the Tracks (De l'autre côté du périph) (2012),Action|Comedy|Crime,109241,2012.0,On the Other Side of the Tracks (De l'autre côté du périph),5.0,1
109282,GLOW: The Story of the Gorgeous Ladies of Wrestling (2012),Documentary,109282,2012.0,GLOW: The Story of the Gorgeous Ladies of Wrestling,3.0,1
109295,Cold Comes the Night (2013),Crime|Drama|Thriller,109295,2013.0,Cold Comes the Night,2.0,1
109313,Chouchou (2003),Comedy,109313,2003.0,Chouchou,4.0,1
109317,Someone Marry Barry (2014),Comedy,109317,2014.0,Someone Marry Barry,2.5,1
109372,About Last Night (2014),Comedy|Romance,109372,2014.0,About Last Night,2.25,2
109374,"Grand Budapest Hotel, The (2014)",Comedy|Drama,109374,2014.0,"Grand Budapest Hotel, The",3.7788461538461537,52
109383,"Oversimplification of Her Beauty, An (2012)",Animation|Comedy|Drama|Romance,109383,2012.0,"Oversimplification of Her Beauty, An",3.5,1
109416,Bring It On: Fight to the Finish (2009),Comedy,109416,2009.0,Bring It On: Fight to the Finish,2.0,1
109483,That Awkward Moment (2014),Comedy|Romance,109483,2014.0,That Awkward Moment,2.625,4
109487,Interstellar (2014),Sci-Fi|IMAX,109487,2014.0,Interstellar,3.993150684931507,73
109569,3 Days to Kill (2014),Action|Crime|Drama,109569,2014.0,3 Days to Kill,1.0,2
109576,Welcome to the Jungle (2013),Comedy,109576,2013.0,Welcome to the Jungle,2.0,2
109578,Non-Stop (2014),Action|Mystery|Thriller,109578,2014.0,Non-Stop,3.25,4
109596,Wrinkles (Arrugas) (2011),Animation|Drama,109596,2011.0,Wrinkles (Arrugas),4.0,1
109633,"Garden of Words, The (Koto no ha no niwa) (2013)",Animation|Romance,109633,2013.0,"Garden of Words, The (Koto no ha no niwa)",5.0,1
109673,300: Rise of an Empire (2014),Action|Drama|War|IMAX,109673,2014.0,300: Rise of an Empire,2.125,4
109687,Particle Fever (2013),Documentary,109687,2013.0,Particle Fever,5.0,1
109723,"Bag Man, The (2014)",Crime|Drama|Thriller,109723,2014.0,"Bag Man, The",3.5,1
109846,Mr. Peabody & Sherman (2014),Adventure|Animation|Comedy,109846,2014.0,Mr. Peabody & Sherman,3.25,4
109848,Under the Skin (2013),Horror|Sci-Fi|Thriller,109848,2013.0,Under the Skin,2.75,2
109850,Need for Speed (2014),Action|Crime|Drama|IMAX,109850,2014.0,Need for Speed,3.75,2
109853,Barefoot (2014),Comedy|Drama|Romance,109853,2014.0,Barefoot,3.0,2
109864,Veronica Mars (2014),Comedy|Crime|Drama,109864,2014.0,Veronica Mars,1.75,2
109895,Bad Words (2013),Comedy,109895,2013.0,Bad Words,2.0,3
109897,Son of God (2014),Drama,109897,2014.0,Son of God,0.5,1
109941,Puss in Boots: The Three Diablos (2012),Animation|Comedy,109941,2012.0,Puss in Boots: The Three Diablos,3.0,1
109968,Why Don't You Play In Hell? (Jigoku de naze warui) (2013),Action|Drama,109968,2013.0,Why Don't You Play In Hell? (Jigoku de naze warui),4.25,2
109971,Ocho apellidos vascos (2014),Comedy,109971,2014.0,Ocho apellidos vascos,4.5,1
110102,Captain America: The Winter Soldier (2014),Action|Adventure|Sci-Fi|IMAX,110102,2014.0,Captain America: The Winter Soldier,3.7419354838709675,31
110127,Noah (2014),Adventure|Drama|IMAX,110127,2014.0,Noah,2.8,5
110130,"Nut Job, The (2014)",Adventure|Animation|Children|Comedy,110130,2014.0,"Nut Job, The",4.333333333333333,3
110281,King of Comedy (Hei kek ji wong) (1999),Comedy|Drama|Romance,110281,1999.0,King of Comedy (Hei kek ji wong),4.0,1
110286,13 Sins (2014),Horror|Thriller,110286,2014.0,13 Sins,3.5,1
110297,Muppets Most Wanted (2014),Adventure|Comedy|Crime,110297,2014.0,Muppets Most Wanted,3.3333333333333335,3
110330,Me and you (io e te) (2012),Drama,110330,2012.0,Me and you (io e te),4.5,1
110350,Free to Play (2014),Documentary,110350,2014.0,Free to Play,4.5,1
110387,"Unknown Known, The (2013)",Documentary,110387,2013.0,"Unknown Known, The",4.0,1
110501,The Raid 2: Berandal (2014),Action|Crime|Thriller,110501,2014.0,The Raid 2: Berandal,3.9285714285714284,7
110541,"Brain Smasher... A Love Story (Bouncer and the Lady, The) (1993)",Action|Comedy,110541,1993.0,"Brain Smasher... A Love Story (Bouncer and the Lady, The)",2.5,1
110553,The Amazing Spider-Man 2 (2014),Action|Sci-Fi|IMAX,110553,2014.0,The Amazing Spider-Man 2,2.6363636363636362,11
110586,Calvary (2014),Comedy|Drama,110586,2014.0,Calvary,4.0,1
110591,Oculus (2013),Horror,110591,2013.0,Oculus,4.5,1
110603,God's Not Dead (2014),Drama,110603,2014.0,God's Not Dead,0.5,1
110611,Cold in July (2014),Drama|Thriller,110611,2014.0,Cold in July,2.5,1
110655,Rio 2 (2014),Adventure|Animation|Children|Comedy,110655,2014.0,Rio 2,2.0,2
110669,"Honest Liar, An (2014)",Comedy|Documentary,110669,2014.0,"Honest Liar, An",3.75,2
110718,Fading Gigolo (2013),Comedy,110718,2013.0,Fading Gigolo,4.0,1
110730,Transcendence (2014),Drama|Sci-Fi|IMAX,110730,2014.0,Transcendence,2.2857142857142856,7
110746,Hatchet III (2013),Comedy|Horror,110746,2013.0,Hatchet III,4.0,1
110771,"Other Woman, The (2014)",Comedy|Romance,110771,2014.0,"Other Woman, The",2.9166666666666665,6
110773,"Haunted House 2, A (2014)",Comedy|Horror,110773,2014.0,"Haunted House 2, A",0.5,1
110781,Mulan II (2004),Action|Animation|Children|Comedy|Musical,110781,2004.0,Mulan II,2.5,1
110826,Brick Mansions (2014),Action|Crime|Drama,110826,2014.0,Brick Mansions,1.5,1
110882,Locke (2013),Drama,110882,2013.0,Locke,3.8333333333333335,3
111113,Neighbors (2014),Comedy,111113,2014.0,Neighbors,3.2916666666666665,12
111146,Alpha and Omega 3: The Great Wolf Games (2014),Action|Adventure|Animation|Children|Comedy,111146,2014.0,Alpha and Omega 3: The Great Wolf Games,4.5,1
111320,Mom's Night Out (2014),Comedy,111320,2014.0,Mom's Night Out,1.5,1
111360,Lucy (2014),Action|Sci-Fi,111360,2014.0,Lucy,2.8214285714285716,14
111362,X-Men: Days of Future Past (2014),Action|Adventure|Sci-Fi,111362,2014.0,X-Men: Days of Future Past,3.8333333333333335,30
111364,Godzilla (2014),Action|Adventure|Sci-Fi|IMAX,111364,2014.0,Godzilla,2.6153846153846154,13
111375,Walk of Shame (2014),Comedy,111375,2014.0,Walk of Shame,2.5,1
111384,Blue Ruin (2013),Thriller,111384,2013.0,Blue Ruin,4.0,1
111443,Chef (2014),Comedy,111443,2014.0,Chef,2.75,2
111551,Afflicted (2013),Horror|Sci-Fi|Thriller,111551,2013.0,Afflicted,3.5,1
111617,Blended (2014),Comedy,111617,2014.0,Blended,3.8125,8
111622,Begin Again (2013),Comedy|Romance,111622,2013.0,Begin Again,4.0,3
111659,Maleficent (2014),Action|Adventure|Children|IMAX,111659,2014.0,Maleficent,2.75,16
111663,Zombeavers (2014),Action|Comedy|Horror,111663,2014.0,Zombeavers,2.5,2
111680,At Middleton (2013),Comedy|Romance,111680,2013.0,At Middleton,1.5,1
111732,"Dance of Reality, The (Danza de la realidad, La) (2013)",Drama|Fantasy,111732,2013.0,"Dance of Reality, The (Danza de la realidad, La)",3.5,1
111743,A Million Ways to Die in the West (2014),Comedy|Western,111743,2014.0,A Million Ways to Die in the West,2.9583333333333335,12
111759,Edge of Tomorrow (2014),Action|Sci-Fi|IMAX,111759,2014.0,Edge of Tomorrow,3.977272727272727,44
111781,Mission: Impossible - Rogue Nation (2015),Action|Adventure|Thriller,111781,2015.0,Mission: Impossible - Rogue Nation,3.6470588235294117,17
111785,Midnight Chronicles (2009),Action|Adventure|Fantasy,111785,2009.0,Midnight Chronicles,0.5,1
111795,Million Dollar Arm (2014),Comedy|Drama,111795,2014.0,Million Dollar Arm,3.0,1
111800,G.B.F. (2013),Comedy,111800,2013.0,G.B.F.,3.0,1
111817,Jimi: All Is by My Side (2013),Drama,111817,2013.0,Jimi: All Is by My Side,3.5,1
111844,Bad Asses (Bad Ass 2) (2014),Action|Drama,111844,2014.0,Bad Asses (Bad Ass 2),3.5,1
111913,Lilting (2014),Drama,111913,2014.0,Lilting,4.5,1
111921,The Fault in Our Stars (2014),Drama|Romance,111921,2014.0,The Fault in Our Stars,3.388888888888889,9
112006,Tangled Ever After (2012),Action|Animation|Children,112006,2012.0,Tangled Ever After,3.8333333333333335,3
112070,Maps to the Stars (2014),Drama,112070,2014.0,Maps to the Stars,3.5,1
112138,22 Jump Street (2014),Action|Comedy|Crime,112138,2014.0,22 Jump Street,3.6842105263157894,19
112171,"Equalizer, The (2014)",Action|Crime|Thriller,112171,2014.0,"Equalizer, The",3.2777777777777777,9
112175,How to Train Your Dragon 2 (2014),Action|Adventure|Animation,112175,2014.0,How to Train Your Dragon 2,3.7666666666666666,15
112183,Birdman: Or (The Unexpected Virtue of Ignorance) (2014),Comedy|Drama,112183,2014.0,Birdman: Or (The Unexpected Virtue of Ignorance),3.3461538461538463,26
112290,Boyhood (2014),Drama,112290,2014.0,Boyhood,3.823529411764706,17
112303,Think Like a Man Too (2014),Comedy|Romance,112303,2014.0,Think Like a Man Too,1.5,1
112316,Jersey Boys (2014),Drama|Musical,112316,2014.0,Jersey Boys,2.5,1
112326,Nick Fury: Agent of S.H.I.E.L.D. (1998),Action|Sci-Fi,112326,1998.0,Nick Fury: Agent of S.H.I.E.L.D.,1.0,1
112334,"Internet's Own Boy: The Story of Aaron Swartz, The (2014)",Documentary,112334,2014.0,"Internet's Own Boy: The Story of Aaron Swartz, The",4.5,1
112370,Transformers: Age of Extinction (2014),Action|Adventure|Sci-Fi,112370,2014.0,Transformers: Age of Extinction,1.875,4
112421,Frank (2014),Comedy|Drama|Mystery,112421,2014.0,Frank,4.333333333333333,3
112450,They Came Together (2014),Comedy|Romance,112450,2014.0,They Came Together,2.0,1
112454,Honey (Miele) (2013),Drama,112454,2013.0,Honey (Miele),3.5,1
112460,Planes: Fire & Rescue (2014),Adventure|Animation|Comedy,112460,2014.0,Planes: Fire & Rescue,2.25,2
112497,Tammy (2014),Comedy,112497,2014.0,Tammy,2.0,2
112512,Colourful (Karafuru) (2010),Animation|Drama|Fantasy|Mystery,112512,2010.0,Colourful (Karafuru),5.0,1
112515,"Babadook, The (2014)",Drama|Horror|Thriller,112515,2014.0,"Babadook, The",4.5,3
112552,Whiplash (2014),Drama,112552,2014.0,Whiplash,4.0394736842105265,38
112556,Gone Girl (2014),Drama|Thriller,112556,2014.0,Gone Girl,3.7162162162162162,37
112580,"Angriest Man in Brooklyn, The (2014)",Comedy|Drama,112580,2014.0,"Angriest Man in Brooklyn, The",4.0,1
112623,Dawn of the Planet of the Apes (2014),Sci-Fi,112623,2014.0,Dawn of the Planet of the Apes,3.433333333333333,15
112727,Deliver Us from Evil (2014),Crime|Horror|Thriller,112727,2014.0,Deliver Us from Evil,3.0,1
112749,And So It Goes (2014),Comedy|Drama|Romance,112749,2014.0,And So It Goes,2.0,1
112788,Sex Tape (2014),Comedy,112788,2014.0,Sex Tape,2.6,5
112804,I Origins (2014),Drama|Sci-Fi,112804,2014.0,I Origins,3.8333333333333335,3
112818,"Purge: Anarchy, The (2014)",Action|Horror|Thriller,112818,2014.0,"Purge: Anarchy, The",3.3,5
112852,Guardians of the Galaxy (2014),Action|Adventure|Sci-Fi,112852,2014.0,Guardians of the Galaxy,4.0508474576271185,59
112868,"Signal, The (2014)",Sci-Fi|Thriller,112868,2014.0,"Signal, The",4.5,1
112897,The Expendables 3 (2014),Action|Adventure,112897,2014.0,The Expendables 3,3.5,3
112911,Hercules (2014),Action|Adventure,112911,2014.0,Hercules,2.0,4
112940,A Most Wanted Man (2014),Thriller,112940,2014.0,A Most Wanted Man,4.5,1
113159,Life After Beth (2014),Comedy|Horror|Romance,113159,2014.0,Life After Beth,3.5,1
113186,Felony (2013),Thriller,113186,2013.0,Felony,3.0,1
113207,Get on Up (2014),Drama|Musical,113207,2014.0,Get on Up,3.5,1
113225,Magic in the Moonlight (2014),Comedy|Drama|Romance,113225,2014.0,Magic in the Moonlight,3.0,1
113252,Housebound (2014),Comedy|Horror|Thriller,113252,2014.0,Housebound,4.25,2
113275,The Hundred-Foot Journey (2014),Comedy|Drama,113275,2014.0,The Hundred-Foot Journey,4.5,1
113278,Batman: Assault on Arkham (2014),Action|Animation|Crime|Thriller,113278,2014.0,Batman: Assault on Arkham,3.0,1
113280,White Frog (2012),Drama,113280,2012.0,White Frog,4.0,1
113313,"Den, The (2013)",Horror|Thriller,113313,2013.0,"Den, The",3.5,1
113345,Jupiter Ascending (2015),Action|Adventure|Sci-Fi,113345,2015.0,Jupiter Ascending,2.0,2
113348,Teenage Mutant Ninja Turtles (2014),Action|Adventure|Comedy,113348,2014.0,Teenage Mutant Ninja Turtles,2.75,4
113350,I'll Follow You Down (2013),Drama|Mystery|Sci-Fi,113350,2013.0,I'll Follow You Down,1.5,1
113374,"Old Lady and the Pigeons, The (La vieille dame et les pigeons) (1997)",Animation|Comedy,113374,1997.0,"Old Lady and the Pigeons, The (La vieille dame et les pigeons)",3.0,1
113378,"Giver, The (2014)",Drama|Sci-Fi,113378,2014.0,"Giver, The",2.3,5
113394,"Pretty One, The (2013)",Comedy|Drama,113394,2013.0,"Pretty One, The",4.0,1
113416,Revenge of the Green Dragons (2014),Action|Crime|Drama,113416,2014.0,Revenge of the Green Dragons,1.5,1
113453,Let's Be Cops (2014),Comedy|Crime,113453,2014.0,Let's Be Cops,3.1,5
113532,"Inbetweeners 2, The (2014)",Comedy,113532,2014.0,"Inbetweeners 2, The",3.5,2
113565,"Sacrament, The (2013)",Horror|Thriller,113565,2013.0,"Sacrament, The",4.0,1
113573,Sin City: A Dame to Kill For (2014),Action|Crime|Thriller,113573,2014.0,Sin City: A Dame to Kill For,3.25,4
113604,If I Stay (2014),Drama,113604,2014.0,If I Stay,2.0,1
113705,"Two Days, One Night (Deux jours, une nuit) (2014)",Drama,113705,2014.0,"Two Days, One Night (Deux jours, une nuit)",3.5,1
113741,Coherence (2013),Drama|Mystery|Sci-Fi|Thriller,113741,2013.0,Coherence,4.0,2
113780,"As Above, So Below (2014)",Horror|Thriller,113780,2014.0,"As Above, So Below",3.0,1
113829,"One I Love, The (2014)",Comedy|Drama|Romance,113829,2014.0,"One I Love, The",5.0,1
113849,Headshot (2011),Crime|Drama|Thriller,113849,2011.0,Headshot,2.5,1
113862,"Guest, The (2014)",Thriller,113862,2014.0,"Guest, The",4.0,1
114028,Pride (2014),Comedy|Drama,114028,2014.0,Pride,4.0,2
114044,Honeymoon (2014),Horror,114044,2014.0,Honeymoon,3.5,1
114060,The Drop (2014),Crime|Drama|Thriller,114060,2014.0,The Drop,2.8333333333333335,3
114066,"20,000 Days on Earth (2014)",Documentary|Drama|Musical,114066,2014.0,"20,000 Days on Earth",4.0,1
114074,The Skeleton Twins (2014),Drama,114074,2014.0,The Skeleton Twins,3.3333333333333335,3
114126,Beautiful Losers (2008),Documentary,114126,2008.0,Beautiful Losers,2.5,1
114180,"Maze Runner, The (2014)",Action|Mystery|Sci-Fi,114180,2014.0,"Maze Runner, The",2.9375,16
114184,Camp X-Ray (2014),Drama,114184,2014.0,Camp X-Ray,3.5,1
114246,"Walk Among the Tombstones, A (2014)",Action|Crime|Mystery|Thriller,114246,2014.0,"Walk Among the Tombstones, A",3.0,1
114265,Laggies (2014),Comedy|Romance,114265,2014.0,Laggies,5.0,1
114335,La cravate (1957),(no genres listed),114335,1957.0,La cravate,3.0,1
114396,Cesar Chavez (2014),Drama,114396,2014.0,Cesar Chavez,1.5,1
114494,Who Am I (Kein System Ist Sicher) (2014),Thriller,114494,2014.0,Who Am I (Kein System Ist Sicher),1.5,1
114554,"Tale of Princess Kaguya, The (Kaguyahime no monogatari) (2013)",Animation|Drama|Fantasy,114554,2013.0,"Tale of Princess Kaguya, The (Kaguyahime no monogatari)",1.0,1
114601,This Is Where I Leave You (2014),Comedy|Drama,114601,2014.0,This Is Where I Leave You,2.75,2
114627,Angel's Egg (Tenshi no tamago) (1985),Animation|Drama|Fantasy,114627,1985.0,Angel's Egg (Tenshi no tamago),3.25,2
114662,American Sniper (2014),Action|War,114662,2014.0,American Sniper,3.8,15
114670,Tusk (2014),Comedy|Drama|Horror,114670,2014.0,Tusk,3.5,1
114678,Hector and the Search for Happiness (2014),Adventure|Comedy|Drama,114678,2014.0,Hector and the Search for Happiness,4.25,2
114707,Horns (2014),Horror|Mystery,114707,2014.0,Horns,3.0,1
114713,Annabelle (2014),Horror,114713,2014.0,Annabelle,3.0,2
114762,Two Night Stand (2014),Comedy|Romance,114762,2014.0,Two Night Stand,2.8333333333333335,3
114795,Dracula Untold (2014),Action|Drama|Fantasy,114795,2014.0,Dracula Untold,3.5,4
114818,Stretch (2014),Action|Comedy|Crime,114818,2014.0,Stretch,2.1666666666666665,3
114847,Autómata (Automata) (2014),Sci-Fi|Thriller,114847,2014.0,Autómata (Automata),3.0,1
114925,"Captive, The (2014)",Crime|Drama|Thriller,114925,2014.0,"Captive, The",2.0,1
114935,Predestination (2014),Action|Mystery|Sci-Fi|Thriller,114935,2014.0,Predestination,3.9,10
115065,Justin and the Knights of Valour (2013),Adventure|Animation,115065,2013.0,Justin and the Knights of Valour,2.0,1
115111,Ward 13 (2003),Action|Animation|Comedy|Horror,115111,2003.0,Ward 13,3.5,1
115122,What We Do in the Shadows (2014),Comedy|Horror,115122,2014.0,What We Do in the Shadows,4.833333333333333,3
115149,John Wick (2014),Action|Thriller,115149,2014.0,John Wick,3.8448275862068964,29
115151,Plastic (2014),Action|Crime,115151,2014.0,Plastic,2.0,1
115170,"Judge, The (2014)",Drama,115170,2014.0,"Judge, The",2.5,1
115203,"Culture High, The (2014)",Documentary,115203,2014.0,"Culture High, The",3.0,1
115210,Fury (2014),Action|Drama|War,115210,2014.0,Fury,3.769230769230769,13
115216,"Salvation, The (2014)",Drama|Western,115216,2014.0,"Salvation, The",3.0,1
115231,St. Vincent (2014),Comedy,115231,2014.0,St. Vincent,3.25,2
115502,"Rewrite, The (2014)",Comedy|Romance,115502,2014.0,"Rewrite, The",3.5,1
115569,Nightcrawler (2014),Crime|Drama|Thriller,115569,2014.0,Nightcrawler,4.166666666666667,18
115617,Big Hero 6 (2014),Action|Animation|Comedy,115617,2014.0,Big Hero 6,3.8536585365853657,41
115664,The Book of Life (2014),Adventure|Animation|Romance,115664,2014.0,The Book of Life,4.0,2
115667,"Love, Rosie (2014)",Comedy|Romance,115667,2014.0,"Love, Rosie",3.5,1
115680,Time Lapse (2014),Crime|Drama|Sci-Fi|Thriller,115680,2014.0,Time Lapse,3.8333333333333335,3
115713,Ex Machina (2015),Drama|Sci-Fi|Thriller,115713,2015.0,Ex Machina,3.9107142857142856,28
115727,Crippled Avengers (Can que) (Return of the 5 Deadly Venoms) (1981),Action|Adventure,115727,1981.0,Crippled Avengers (Can que) (Return of the 5 Deadly Venoms),5.0,1
115819,Mr Hublot (2013),Animation|Comedy,115819,2013.0,Mr Hublot,3.0,1
115828,Copenhagen (2014),Adventure|Drama|Romance,115828,2014.0,Copenhagen,4.5,1
115877,"Simpsons: The Longest Daycare, The (2012)",Animation|Comedy,115877,2012.0,"Simpsons: The Longest Daycare, The",3.6666666666666665,3
115969,Generation War (2013),Drama|War,115969,2013.0,Generation War,4.0,1
116044,Christmas in Connecticut (1992),Comedy|Romance,116044,1992.0,Christmas in Connecticut,1.5,1
116138,Leviathan (2014),Drama,116138,2014.0,Leviathan,2.0,1
116169,Reign of Assassins (2010),Action,116169,2010.0,Reign of Assassins,2.5,1
116207,Zulu (2013),Crime|Drama|Thriller,116207,2013.0,Zulu,1.5,1
116411,Tangerines (2013),Drama,116411,2013.0,Tangerines,4.5,1
116413,Life Partners (2014),Comedy|Romance,116413,2014.0,Life Partners,3.0,1
116419,Drive Hard (2014),Action|Comedy|Crime,116419,2014.0,Drive Hard,1.5,1
116505,New Kids Nitro (2011),Action|Comedy,116505,2011.0,New Kids Nitro,3.0,1
116529,Stalingrad (2013),Action|Drama|War|IMAX,116529,2013.0,Stalingrad,3.0,1
116668,Dead Snow 2: Red vs. Dead (2014) ,Action|Comedy|Horror,116668,2014.0,Dead Snow 2: Red vs. Dead,4.0,2
116718,Volga - Volga (1938),Comedy|Musical,116718,1938.0,Volga - Volga,3.5,1
116724,You Are the Apple of My Eye (2011),Comedy|Drama|Romance,116724,2011.0,You Are the Apple of My Eye,4.0,1
116738,DeadHeads (2011),Adventure|Comedy|Horror,116738,2011.0,DeadHeads,3.5,1
116797,The Imitation Game (2014),Drama|Thriller|War,116797,2014.0,The Imitation Game,4.02,50
116799,Inherent Vice (2014),Comedy|Crime|Drama|Mystery|Romance,116799,2014.0,Inherent Vice,3.6666666666666665,6
116817,Rudderless (2014),Comedy|Drama,116817,2014.0,Rudderless,4.5,1
116823,The Hunger Games: Mockingjay - Part 1 (2014),Adventure|Sci-Fi|Thriller,116823,2014.0,The Hunger Games: Mockingjay - Part 1,3.869565217391304,23
116849,Sex Ed (2014),Comedy|Romance,116849,2014.0,Sex Ed,2.5,1
116887,Exodus: Gods and Kings (2014),Action|Adventure|Drama,116887,2014.0,Exodus: Gods and Kings,2.75,2
116897,Wild Tales (2014),Comedy|Drama|Thriller,116897,2014.0,Wild Tales,4.25,10
116941,Jetsons: The Movie (1990),Animation|Children|Comedy|Musical|Sci-Fi,116941,1990.0,Jetsons: The Movie,2.0,1
116963,Ski School (1991),Comedy,116963,1991.0,Ski School,1.5,1
116977,Dumb and Dumber To (2014),Comedy,116977,2014.0,Dumb and Dumber To,2.3333333333333335,3
116985,The Longest Week (2014),Comedy|Drama,116985,2014.0,The Longest Week,1.5,1
117107,Miss Meadows (2014),Drama,117107,2014.0,Miss Meadows,2.5,1
117109,Too Many Cooks (2014),Comedy,117109,2014.0,Too Many Cooks,3.0,2
117133,Painted Skin (2008),Action|Drama|Thriller,117133,2008.0,Painted Skin,3.5,1
117176,The Theory of Everything (2014),Drama|Romance,117176,2014.0,The Theory of Everything,3.7058823529411766,17
117192,Doctor Who: The Time of the Doctor (2013),Adventure|Drama,117192,2013.0,Doctor Who: The Time of the Doctor,4.5,3
117364,Virunga (2014),Documentary|War,117364,2014.0,Virunga,4.0,1
117368,The Madagascar Penguins in a Christmas Caper (2005),Animation|Comedy,117368,2005.0,The Madagascar Penguins in a Christmas Caper,3.5,1
117444,Song of the Sea (2014),Animation|Children|Fantasy,117444,2014.0,Song of the Sea,3.0,1
117466,In the Heart of the Sea (2015),Action|Adventure|Drama,117466,2015.0,In the Heart of the Sea,3.5,3
117511,Hello Ladies: The Movie (2014),Comedy,117511,2014.0,Hello Ladies: The Movie,3.0,1
117529,Jurassic World (2015),Action|Adventure|Drama|Sci-Fi|Thriller,117529,2015.0,Jurassic World,3.260869565217391,23
117531,Watermark (2014),Documentary,117531,2014.0,Watermark,5.0,1
117533,Citizenfour (2014),Documentary,117533,2014.0,Citizenfour,3.875,4
117545,Asterix: The Land of the Gods (Astérix: Le domaine des dieux) (2014),Animation,117545,2014.0,Asterix: The Land of the Gods (Astérix: Le domaine des dieux),3.75,2
117572,Hit by Lightning (2014),Comedy|Crime|Romance,117572,2014.0,Hit by Lightning,2.5,1
117590,Horrible Bosses 2 (2014),Comedy|Crime,117590,2014.0,Horrible Bosses 2,3.6363636363636362,11
117630,Double Trouble (1992),Action|Comedy|Crime|Romance,117630,1992.0,Double Trouble,1.0,1
117646,Dragonheart 2: A New Beginning (2000),Action|Adventure|Comedy|Drama|Fantasy|Thriller,117646,2000.0,Dragonheart 2: A New Beginning,4.5,1
117849,La Belle Verte (1996),Comedy,117849,1996.0,La Belle Verte,4.5,1
117851,Penguins of Madagascar (2014),Adventure|Animation|Children|Comedy,117851,2014.0,Penguins of Madagascar,3.7,5
117867,'71 (2014),Action|Drama|Thriller|War,117867,2014.0,'71,4.0,1
117877,The Rabbi's Cat (Le chat du rabbin) (2011),Adventure|Animation,117877,2011.0,The Rabbi's Cat (Le chat du rabbin),3.0,1
117881,Still Alice (2014),Drama,117881,2014.0,Still Alice,3.8,5
117887,Paddington (2014),Children|Comedy,117887,2014.0,Paddington,4.0,4
117895,Maze Runner: Scorch Trials (2015),Action|Thriller,117895,2015.0,Maze Runner: Scorch Trials,1.8333333333333333,6
117922,Ice Age: A Mammoth Christmas (2011),Adventure|Animation|Children,117922,2011.0,Ice Age: A Mammoth Christmas,3.5,1
118082,The Voices (2014),Comedy|Crime|Thriller,118082,2014.0,The Voices,3.5,1
118166,Courier (1987),Comedy|Drama|Romance,118166,1987.0,Courier,3.5,1
118198,The Green Prince (2014),Documentary|Drama|Thriller,118198,2014.0,The Green Prince,2.5,1
118248,Dying of the Light (2014),Drama|Thriller,118248,2014.0,Dying of the Light,1.5,1
118270,Hellbenders (2012),Comedy|Horror|Thriller,118270,2012.0,Hellbenders,5.0,1
118290,Omega Doom (1996),Sci-Fi,118290,1996.0,Omega Doom,2.0,1
118326,By the Gun (2014),Crime|Drama|Thriller,118326,2014.0,By the Gun,2.0,1
118354,Kill the Messenger (2014),Crime|Drama|Mystery|Thriller,118354,2014.0,Kill the Messenger,3.0,1
118512,Bring It On: In It To Win It (2007),Comedy,118512,2007.0,Bring It On: In It To Win It,1.5,1
118530,Fans (1999),Comedy,118530,1999.0,Fans,4.5,1
118572,The Mule (2014),Comedy|Crime|Drama,118572,2014.0,The Mule,3.5,2
118696,The Hobbit: The Battle of the Five Armies (2014),Adventure|Fantasy,118696,2014.0,The Hobbit: The Battle of the Five Armies,3.4166666666666665,18
118700,Selma (2014),Drama,118700,2014.0,Selma,2.5,2
118702,Unbroken (2014),Drama|War,118702,2014.0,Unbroken,2.5,3
118706,Black Sea (2015),Adventure|Mystery|Thriller,118706,2015.0,Black Sea,4.0,1
118784,Good Copy Bad Copy (2007),Documentary,118784,2007.0,Good Copy Bad Copy,3.5,1
118814,Playing It Cool (2014),Comedy|Romance,118814,2014.0,Playing It Cool,2.0,1
118834,National Lampoon's Bag Boy (2007),Comedy,118834,2007.0,National Lampoon's Bag Boy,5.0,1
118862,Closer to the Moon (2013),Comedy|Drama,118862,2013.0,Closer to the Moon,4.0,1
118880,"Girl Walks Home Alone at Night, A (2014)",Horror|Romance|Thriller,118880,2014.0,"Girl Walks Home Alone at Night, A",3.5,2
118888,Dave Chappelle: For What it's Worth (2004),Comedy,118888,2004.0,Dave Chappelle: For What it's Worth,4.25,2
118894,Scooby-Doo! Abracadabra-Doo (2010),Animation|Children|Mystery,118894,2010.0,Scooby-Doo! Abracadabra-Doo,5.0,1
118896,Mommy (2014),Drama,118896,2014.0,Mommy,4.0,1
118900,Wild (2014),Drama,118900,2014.0,Wild,2.9,5
118924,Top Five (2014),Comedy,118924,2014.0,Top Five,3.0,2
118930,Bill Burr: I'm Sorry You Feel That Way (2014),Comedy,118930,2014.0,Bill Burr: I'm Sorry You Feel That Way,4.5,1
118985,Big Eyes (2014),Drama,118985,2014.0,Big Eyes,3.75,2
118997,Into the Woods (2014),Children|Comedy|Fantasy|Musical,118997,2014.0,Into the Woods,2.8,5
119068,"Men, Women & Children (2014)",Comedy|Drama,119068,2014.0,"Men, Women & Children",2.0,1
119141,The Interview (2014),Action|Comedy,119141,2014.0,The Interview,3.4583333333333335,12
119145,Kingsman: The Secret Service (2015),Action|Adventure|Comedy|Crime,119145,2015.0,Kingsman: The Secret Service,3.986111111111111,36
119153,Bill Burr: You People Are All the Same (2012),Comedy,119153,2012.0,Bill Burr: You People Are All the Same,4.5,1
119155,Night at the Museum: Secret of the Tomb (2014),Adventure|Children|Comedy|Fantasy,119155,2014.0,Night at the Museum: Secret of the Tomb,3.5,6
119167,Paradox (2010),Sci-Fi|Thriller,119167,2010.0,Paradox,3.5,1
119218,The Punisher: Dirty Laundry (2012),Action|Crime|Drama,119218,2012.0,The Punisher: Dirty Laundry,2.5,1
119655,Seventh Son (2014),Adventure|Children|Fantasy,119655,2014.0,Seventh Son,2.25,2
119714,Corner Gas: The Movie (2014),Comedy,119714,2014.0,Corner Gas: The Movie,3.5,1
119828,A Man Called Blade (1977),Action|Drama|Thriller|Western,119828,1977.0,A Man Called Blade,3.0,1
119964,A Merry Friggin' Christmas (2014),Comedy,119964,2014.0,A Merry Friggin' Christmas,2.0,1
120130,Into the Forest of Fireflies' Light (2011),Animation|Drama|Fantasy,120130,2011.0,Into the Forest of Fireflies' Light,5.0,1
120138,PK (2014),Comedy|Drama|Fantasy|Mystery|Romance,120138,2014.0,PK,5.0,1
120466,Chappie (2015),Action|Thriller,120466,2015.0,Chappie,3.25,10
120478,The Salt of the Earth (2014),Documentary,120478,2014.0,The Salt of the Earth,4.333333333333333,3
120625,The Fool (2014),Drama,120625,2014.0,The Fool,4.5,1
120635,Taken 3 (2015),Action|Crime|Thriller,120635,2015.0,Taken 3,2.7,5
120637,Blackhat (2015),Action|Crime|Drama|Mystery|Thriller,120637,2015.0,Blackhat,2.5,2
120761,By the Law (1926),Drama,120761,1926.0,By the Law,3.5,1
120783,Son of a Gun (2014),Action|Crime|Drama,120783,2014.0,Son of a Gun,2.5,1
120799,Terminator Genisys (2015),Action|Adventure|Sci-Fi|Thriller,120799,2015.0,Terminator Genisys,2.5,9
120807,John Mulaney: New In Town (2012),Comedy,120807,2012.0,John Mulaney: New In Town,4.0,1
120813,Patton Oswalt: My Weakness Is Strong (2009),Comedy,120813,2009.0,Patton Oswalt: My Weakness Is Strong,4.5,1
120827,The Hound of the Baskervilles (1988),Crime|Drama|Horror|Mystery,120827,1988.0,The Hound of the Baskervilles,3.0,1
120919,Man on High Heels (2014),Action|Comedy,120919,2014.0,Man on High Heels,3.0,1
121007,Space Buddies (2009),Adventure|Children|Fantasy|Sci-Fi,121007,2009.0,Space Buddies,4.0,1
121035,Houdini (2014),Drama,121035,2014.0,Houdini,2.0,1
121097,To Grandmother's House We Go (1992),Adventure|Children|Comedy,121097,1992.0,To Grandmother's House We Go,2.75,2
121099,101 Dalmatians II: Patch's London Adventure (2003),Animation|Children,121099,2003.0,101 Dalmatians II: Patch's London Adventure,2.5,1
121129,The Hungover Games (2014),Comedy,121129,2014.0,The Hungover Games,2.5,1
121169,The Duke of Burgundy (2014),Drama,121169,2014.0,The Duke of Burgundy,3.5,1
121171,Red Army (2014),Documentary,121171,2014.0,Red Army,4.0,1
121231,It Follows (2014),Horror,121231,2014.0,It Follows,4.125,4
121253,The Town that Dreaded Sundown (2014),Horror|Thriller,121253,2014.0,The Town that Dreaded Sundown,3.0,1
121338,Carry on Cabby (1963),Adventure|Comedy|Romance,121338,1963.0,Carry on Cabby,4.5,1
121342,Carry on Cruising (1962),Comedy|Romance,121342,1962.0,Carry on Cruising,3.5,1
121372,Bill Burr: Let It Go (2010),Comedy,121372,2010.0,Bill Burr: Let It Go,4.5,1
121374,Bill Burr: Why Do I Do This? (2008),Comedy,121374,2008.0,Bill Burr: Why Do I Do This?,4.5,1
121469,Killer Movie (2008),Comedy|Horror|Mystery|Thriller,121469,2008.0,Killer Movie,4.5,1
121715,Sebastian Maniscalco: What's Wrong with People? (2012),Comedy,121715,2012.0,Sebastian Maniscalco: What's Wrong with People?,3.5,1
121781,Stuart Little 3: Call of the Wild (2005),Animation|Children|Comedy|Fantasy,121781,2005.0,Stuart Little 3: Call of the Wild,5.0,1
122092,Guy X (2005),Comedy|War,122092,2005.0,Guy X,5.0,1
122246,Tooth Fairy 2 (2012),Children|Comedy,122246,2012.0,Tooth Fairy 2,0.5,1
122260,The Diary of Anne Frank (2009),Drama|War,122260,2009.0,The Diary of Anne Frank,2.5,1
122433,The Deadly Bees (1967),Horror|Mystery|Thriller,122433,1967.0,The Deadly Bees,1.0,1
122490,Wicked Blood (2014),Action|Drama|Thriller,122490,2014.0,Wicked Blood,1.5,1
122627,Oblivion 2: Backlash (1996),Sci-Fi,122627,1996.0,Oblivion 2: Backlash,0.5,1
122882,Mad Max: Fury Road (2015),Action|Adventure|Sci-Fi|Thriller,122882,2015.0,Mad Max: Fury Road,3.8191489361702127,47
122884,Insidious: Chapter 3 (2015),Fantasy|Horror|Thriller,122884,2015.0,Insidious: Chapter 3,2.5,2
122886,Star Wars: Episode VII - The Force Awakens (2015),Action|Adventure|Fantasy|Sci-Fi|IMAX,122886,2015.0,Star Wars: Episode VII - The Force Awakens,3.8536585365853657,41
122888,Ben-hur (2016),(no genres listed),122888,2016.0,Ben-hur,0.5,1
122890,Warcraft (2016),Action|Adventure|Fantasy,122890,2016.0,Warcraft,3.4166666666666665,6
122892,Avengers: Age of Ultron (2015),Action|Adventure|Sci-Fi,122892,2015.0,Avengers: Age of Ultron,3.5185185185185186,27
122896,Pirates of the Caribbean: Dead Men Tell No Tales (2017),(no genres listed),122896,2017.0,Pirates of the Caribbean: Dead Men Tell No Tales,3.7857142857142856,7
122898,Justice League (2017),Action|Adventure|Sci-Fi,122898,2017.0,Justice League,2.5,6
122900,Ant-Man (2015),Action|Adventure|Sci-Fi,122900,2015.0,Ant-Man,3.7222222222222223,27
122902,Fantastic Four (2015),Action|Adventure|Fantasy|Sci-Fi,122902,2015.0,Fantastic Four,2.1,5
122904,Deadpool (2016),Action|Adventure|Comedy|Sci-Fi,122904,2016.0,Deadpool,3.8333333333333335,54
122906,Black Panther (2017),Action|Adventure|Sci-Fi,122906,2017.0,Black Panther,3.727272727272727,11
122912,Avengers: Infinity War - Part I (2018),Action|Adventure|Sci-Fi,122912,2018.0,Avengers: Infinity War - Part I,4.0,13
122916,Thor: Ragnarok (2017),Action|Adventure|Sci-Fi,122916,2017.0,Thor: Ragnarok,4.025,20
122918,Guardians of the Galaxy 2 (2017),Action|Adventure|Sci-Fi,122918,2017.0,Guardians of the Galaxy 2,3.925925925925926,27
122920,Captain America: Civil War (2016),Action|Sci-Fi|Thriller,122920,2016.0,Captain America: Civil War,3.6136363636363638,22
122922,Doctor Strange (2016),Action|Adventure|Sci-Fi,122922,2016.0,Doctor Strange,3.7045454545454546,22
122924,X-Men: Apocalypse (2016),Action|Adventure|Fantasy|Sci-Fi,122924,2016.0,X-Men: Apocalypse,3.0714285714285716,14
122926,Untitled Spider-Man Reboot (2017),Action|Adventure|Fantasy,122926,2017.0,Untitled Spider-Man Reboot,4.15625,16
122932,Elsa & Fred (2014),Children|Comedy|Romance,122932,2014.0,Elsa & Fred,2.0,1
123200,Jim Jefferies: I Swear to God (2009),Comedy,123200,2009.0,Jim Jefferies: I Swear to God,4.5,1
123310,Tornado! (1996),Action,123310,1996.0,Tornado!,2.0,1
123545,The Blue Lagoon (1949),Drama|Romance,123545,1949.0,The Blue Lagoon,3.0,1
123553,In the Name of the King III (2014),Action|Adventure|Drama|Fantasy,123553,2014.0,In the Name of the King III,1.0,1
123947,Cake (2014),Drama,123947,2014.0,Cake,2.75,2
124273,Kevin Smith: Too Fat For 40 (2010),Comedy,124273,2010.0,Kevin Smith: Too Fat For 40,4.5,1
124404,"Snowflake, the White Gorilla (2011)",Adventure|Animation|Children|Comedy,124404,2011.0,"Snowflake, the White Gorilla",5.0,1
124484,Kenny & Company (1976),Comedy|Drama,124484,1976.0,Kenny & Company,3.0,1
124851,Delirium (2014),Adventure|Romance|Sci-Fi,124851,2014.0,Delirium,5.0,1
124853,Why Man Creates (1968),Animation|Documentary,124853,1968.0,Why Man Creates,4.0,1
124859,The Gambler (2014),Crime|Drama|Thriller,124859,2014.0,The Gambler,2.0,1
125221,The Beast of Hollow Mountain (1956),Horror|Sci-Fi|Western,125221,1956.0,The Beast of Hollow Mountain,0.5,1
125914,Mortdecai (2015),Adventure|Comedy|Mystery|Romance,125914,2015.0,Mortdecai,3.0,1
125916,Fifty Shades of Grey (2015),Drama|Romance,125916,2015.0,Fifty Shades of Grey,1.0,3
125970,Halloweentown (1998),Adventure|Children|Comedy|Fantasy,125970,1998.0,Halloweentown,3.5,1
125974,Halloweentown High (2004),Adventure|Children|Comedy|Fantasy,125974,2004.0,Halloweentown High,3.75,2
126088,A Flintstones Christmas Carol (1994),Animation|Children|Comedy,126088,1994.0,A Flintstones Christmas Carol,5.0,1
126090,Hedgehog in the Fog (1975),Animation,126090,1975.0,Hedgehog in the Fog,4.5,1
126142,The Cave of the Golden Rose (1991),Adventure|Children|Fantasy,126142,1991.0,The Cave of the Golden Rose,4.0,1
126420,American Heist (2015),Action,126420,2015.0,American Heist,1.5,1
126426,Solyaris (1968),Drama|Sci-Fi,126426,1968.0,Solyaris,4.0,1
126430,The Pacific (2010),Action|Adventure|Drama|War,126430,2010.0,The Pacific,4.75,2
126482,Strange Magic (2015),Animation|Children|Fantasy|Musical,126482,2015.0,Strange Magic,3.0,1
126548,The DUFF (2015),Comedy,126548,2015.0,The DUFF,3.25,6
126577,"Daddy, I'm A Zombie (2012)",Animation|Comedy|Fantasy,126577,2012.0,"Daddy, I'm A Zombie",4.0,1
126921,The Fox and the Hound 2 (2006),Adventure|Animation|Children|Comedy,126921,2006.0,The Fox and the Hound 2,5.0,1
127052,Operation 'Y' & Other Shurik's Adventures (1965),Comedy|Crime|Romance,127052,1965.0,Operation 'Y' & Other Shurik's Adventures,3.8333333333333335,3
127096,Project Almanac (2015),Sci-Fi|Thriller,127096,2015.0,Project Almanac,3.75,4
127098,Louis C.K.: Live at The Comedy Store (2015),Comedy,127098,2015.0,Louis C.K.: Live at The Comedy Store,4.375,4
127108,Brooklyn (2015),Drama|Romance,127108,2015.0,Brooklyn,3.875,4
127114,The End of the Tour (2015),Drama,127114,2015.0,The End of the Tour,4.0,1
127116,Experimenter (2015),Drama,127116,2015.0,Experimenter,4.5,1
127130,Mistress America (2015),Comedy,127130,2015.0,Mistress America,4.0,1
127132,Zipper (2015),Drama|Thriller,127132,2015.0,Zipper,2.0,1
127134,A Walk in the Woods (2015),Adventure|Comedy|Drama,127134,2015.0,A Walk in the Woods,3.5,1
127136,True Story (2015),Drama|Mystery|Thriller,127136,2015.0,True Story,3.25,2
127146,Kurt Cobain: Montage of Heck (2015),Documentary,127146,2015.0,Kurt Cobain: Montage of Heck,3.0,1
127152,Going Clear: Scientology and the Prison of Belief (2015),Documentary,127152,2015.0,Going Clear: Scientology and the Prison of Belief,4.25,2
127164,"What Happened, Miss Simone? (2015)",Documentary,127164,2015.0,"What Happened, Miss Simone?",3.5,1
127172,A Story of Children and Film (2013),Documentary,127172,2013.0,A Story of Children and Film,3.5,1
127180,"Story of Film: An Odyssey, The (2011)",Documentary,127180,2011.0,"Story of Film: An Odyssey, The",4.0,1
127184,Eden (2014),Drama,127184,2014.0,Eden,4.0,1
127194,The D Train (2015),Comedy,127194,2015.0,The D Train,2.0,1
127198,Dope (2015),Comedy|Drama,127198,2015.0,Dope,3.5833333333333335,6
127202,Me and Earl and the Dying Girl (2015),Drama,127202,2015.0,Me and Earl and the Dying Girl,3.75,6
127204,The Overnight (2015),Comedy,127204,2015.0,The Overnight,3.75,2
127212,The Stanford Prison Experiment (2015),Drama|Thriller,127212,2015.0,The Stanford Prison Experiment,4.5,1
127298,A Pigeon Sat on a Branch Reflecting on Existence (2014),Comedy|Drama,127298,2014.0,A Pigeon Sat on a Branch Reflecting on Existence,4.0,2
127319,The Loft (2014),Thriller,127319,2014.0,The Loft,1.5,1
127323,Vice (2015),Action|Adventure|Sci-Fi|Thriller,127323,2015.0,Vice,1.0,1
127390,Family Guy Presents: Blue Harvest (2007),Animation|Comedy,127390,2007.0,Family Guy Presents: Blue Harvest,4.0,1
128087,Trinity and Sartana Are Coming (1972),Comedy|Western,128087,1972.0,Trinity and Sartana Are Coming,5.0,1
128089,Kevin Hart: I'm a Grown Little Man (2009),Comedy,128089,2009.0,Kevin Hart: I'm a Grown Little Man,4.5,1
128097,Jim Norton: American Degenerate (2013),Comedy,128097,2013.0,Jim Norton: American Degenerate,4.0,1
128099,Jim Jefferies: BARE (2014),Comedy,128099,2014.0,Jim Jefferies: BARE,4.5,1
128197,Hard Promises (1991),Comedy|Romance,128197,1991.0,Hard Promises,2.0,1
128360,The Hateful Eight (2015),Western,128360,2015.0,The Hateful Eight,3.75,18
128366,Patton Oswalt: Tragedy Plus Comedy Equals Time (2014),Comedy,128366,2014.0,Patton Oswalt: Tragedy Plus Comedy Equals Time,4.0,1
128488,Wild Card (2015),Action|Crime|Drama|Thriller,128488,2015.0,Wild Card,3.0,1
128512,Paper Towns (2015),Drama|Mystery|Romance,128512,2015.0,Paper Towns,2.0,2
128520,The Wedding Ringer (2015),Comedy,128520,2015.0,The Wedding Ringer,3.8,5
128542,Wyrmwood (2015),Action|Horror|Sci-Fi,128542,2015.0,Wyrmwood,3.5,1
128592,The Boy Next Door (2015),Mystery|Thriller,128592,2015.0,The Boy Next Door,1.0,1
128594,Boy Meets Girl (2015),Comedy|Drama|Romance,128594,2015.0,Boy Meets Girl,4.0,1
128620,Victoria (2015),Crime|Drama|Romance,128620,2015.0,Victoria,3.9,5
128695,The Dark Valley (2014),Western,128695,2014.0,The Dark Valley,2.5,1
128736,I'm Here (2010),Drama,128736,2010.0,I'm Here,3.5,1
128832,The Last Five Years (2014),Comedy|Drama|Musical|Romance,128832,2014.0,The Last Five Years,3.5,1
128838,Crimson Peak (2015),Horror,128838,2015.0,Crimson Peak,3.5,1
128842,Dragonheart 3: The Sorcerer's Curse (2015),Action|Adventure|Fantasy,128842,2015.0,Dragonheart 3: The Sorcerer's Curse,4.0,1
128852,Chris Rock: Bigger & Blacker (1999),Comedy,128852,1999.0,Chris Rock: Bigger & Blacker,3.75,2
128900,The Natural Love (1996),Documentary,128900,1996.0,The Natural Love,4.5,1
128902,The Forgotten Space (2010),Documentary,128902,2010.0,The Forgotten Space,4.0,1
128908,Cloudburst (2011),Adventure|Comedy|Drama,128908,2011.0,Cloudburst,4.0,1
128914,Tom Segura: Completely Normal (2014),Comedy,128914,2014.0,Tom Segura: Completely Normal,5.0,1
128944,"Honey, We Shrunk Ourselves (1997)",Action|Adventure|Children|Comedy|Sci-Fi,128944,1997.0,"Honey, We Shrunk Ourselves",3.5,1
128968,Stitch! The Movie (2003),Animation|Children|Comedy,128968,2003.0,Stitch! The Movie,4.0,2
128975,Hot Tub Time Machine 2 (2015),Comedy|Sci-Fi,128975,2015.0,Hot Tub Time Machine 2,2.875,4
128991,Johnny Express (2014),Animation|Comedy|Sci-Fi,128991,2014.0,Johnny Express,4.5,1
129011,Eddie Izzard: Glorious (1997),Comedy,129011,1997.0,Eddie Izzard: Glorious,3.5,1
129229,Northmen - A Viking Saga (2014),Action|Adventure,129229,2014.0,Northmen - A Viking Saga,2.0,1
129250,Superfast! (2015),(no genres listed),129250,2015.0,Superfast!,0.5,1
129313,Reality (2014),Comedy,129313,2014.0,Reality,4.0,1
129333,Julia (2014),Horror|Thriller,129333,2014.0,Julia,1.5,1
129354,Focus (2015),Comedy|Crime|Drama|Romance,129354,2015.0,Focus,3.25,10
129397,Marvel One-Shot: Item 47 (2012),Action|Fantasy|Sci-Fi,129397,2012.0,Marvel One-Shot: Item 47,2.75,2
129428,The Second Best Exotic Marigold Hotel (2015),Comedy|Drama,129428,2015.0,The Second Best Exotic Marigold Hotel,3.0,2
129514,George Carlin: It's Bad for Ya! (2008),Comedy,129514,2008.0,George Carlin: It's Bad for Ya!,5.0,1
129657,Tracers (2015),Action,129657,2015.0,Tracers,1.0,1
129659,"McFarland, USA (2015)",Drama,129659,2015.0,"McFarland, USA",3.5,1
129737,Unfinished Business (2015),Comedy,129737,2015.0,Unfinished Business,2.25,2
129779,Ghost in the Shell Arise - Border 1: Ghost Pain (2013),Action|Animation|Sci-Fi,129779,2013.0,Ghost in the Shell Arise - Border 1: Ghost Pain,2.5,1
129937,Run All Night (2015),Action|Crime|Drama|Thriller,129937,2015.0,Run All Night,2.1666666666666665,3
130050,Digging Up the Marrow (2014),Drama|Fantasy|Horror|Mystery|Thriller,130050,2014.0,Digging Up the Marrow,3.0,1
130052,Clown (2014),Drama|Horror,130052,2014.0,Clown,3.5,1
130073,Cinderella (2015),Children|Drama|Fantasy|Romance,130073,2015.0,Cinderella,4.0,1
130083,Kidnapping Mr. Heineken (2015),Action|Crime|Drama|Thriller,130083,2015.0,Kidnapping Mr. Heineken,2.0,1
130087,The Cobbler (2015),Comedy|Drama|Fantasy,130087,2015.0,The Cobbler,3.75,2
130444,Ruby Red (2013),Adventure|Children|Fantasy|Sci-Fi,130444,2013.0,Ruby Red,4.0,1
130450,Pan (2015),Adventure|Children|Fantasy,130450,2015.0,Pan,2.5,3
130452,While We're Young (2014),Comedy|Drama,130452,2014.0,While We're Young,4.0,1
130482,Too Late for Tears (1949),Crime|Drama|Film-Noir|Mystery|Thriller,130482,1949.0,Too Late for Tears,4.0,1
130490,Insurgent (2015),Action|Sci-Fi|Thriller,130490,2015.0,Insurgent,2.8333333333333335,6
130498,La vérité si je mens ! (1997),Comedy,130498,1997.0,La vérité si je mens !,3.5,1
130518,The Amazing Screw-On Head (2006),Action|Adventure|Animation|Comedy|Sci-Fi,130518,2006.0,The Amazing Screw-On Head,4.0,3
130520,Home (2015),Adventure|Animation|Children|Comedy|Fantasy|Sci-Fi,130520,2015.0,Home,3.25,8
130576,Midnight Special (2015),Drama|Sci-Fi,130576,2015.0,Midnight Special,2.375,4
130578,"Gunman, The (2015)",Action|Thriller,130578,2015.0,"Gunman, The",4.0,1
130634,Furious 7 (2015),Action|Crime|Thriller,130634,2015.0,Furious 7,2.75,6
130686,The Final Girls (2015),Comedy|Horror,130686,2015.0,The Final Girls,3.0,1
130840,Spring (2015),Horror|Romance|Sci-Fi,130840,2015.0,Spring,4.5,1
130842,Power/Rangers (2015),Action|Adventure|Sci-Fi,130842,2015.0,Power/Rangers,4.0,1
130970,George Carlin: Life Is Worth Losing (2005),Comedy,130970,2005.0,George Carlin: Life Is Worth Losing,5.0,1
130976,Legend No. 17 (2013),Drama,130976,2013.0,Legend No. 17,4.5,1
130978,Love and Pigeons (1985),Comedy|Romance,130978,1985.0,Love and Pigeons,5.0,1
131013,Get Hard (2015),Comedy|Crime,131013,2015.0,Get Hard,3.125,8
131023,That Sugar Film (2014),Documentary,131023,2014.0,That Sugar Film,4.5,1
131098,Saving Santa (2013),Animation|Children|Comedy,131098,2013.0,Saving Santa,5.0,1
131104,The Brain (1969),Comedy|Crime,131104,1969.0,The Brain,4.5,1
131130,Tom and Jerry: A Nutcracker Tale (2007),Animation|Comedy,131130,2007.0,Tom and Jerry: A Nutcracker Tale,5.0,1
131237,What Men Talk About (2010),Comedy,131237,2010.0,What Men Talk About,5.0,1
131439,Kill Me Three Times (2014),Thriller,131439,2014.0,Kill Me Three Times,3.0,1
131480,Poker Night (2014),Action|Crime|Thriller,131480,2014.0,Poker Night,2.0,1
131578,Reckless Kelly (1994),Comedy,131578,1994.0,Reckless Kelly,2.5,1
131610,Willy/Milly (1986),Comedy|Fantasy,131610,1986.0,Willy/Milly,5.0,1
131656,Shaun the Sheep Movie (2015),Adventure|Animation|Children|Comedy,131656,2015.0,Shaun the Sheep Movie,3.0,2
131714,Last Knights (2015),Action|Adventure,131714,2015.0,Last Knights,3.0,3
131724,The Jinx: The Life and Deaths of Robert Durst (2015),Documentary,131724,2015.0,The Jinx: The Life and Deaths of Robert Durst,5.0,1
131739,Batman vs. Robin (2015),Action|Adventure|Animation,131739,2015.0,Batman vs. Robin,3.0,1
131749,Libre et assoupi (2014),Comedy,131749,2014.0,Libre et assoupi,3.0,1
131796,Woman in Gold (2015),Drama,131796,2015.0,Woman in Gold,4.0,1
131826,Iliza Shlesinger: Freezing Hot (2015),Comedy,131826,2015.0,Iliza Shlesinger: Freezing Hot,3.75,2
131920,The Road Within (2014),Comedy|Drama,131920,2014.0,The Road Within,4.5,1
131934,The Malibu Bikini Shop (1986),Comedy,131934,1986.0,The Malibu Bikini Shop,1.0,1
132046,Tomorrowland (2015),Action|Adventure|Children|Mystery|Sci-Fi,132046,2015.0,Tomorrowland,2.5,7
132084,Let It Be Me (1995),(no genres listed),132084,1995.0,Let It Be Me,2.5,1
132153,Buzzard (2015),Comedy|Drama|Horror,132153,2015.0,Buzzard,5.0,1
132157,Paul Blart: Mall Cop 2 (2015),Action|Comedy|Crime,132157,2015.0,Paul Blart: Mall Cop 2,2.75,4
132333,Seve (2014),Documentary|Drama,132333,2014.0,Seve,5.0,1
132335,Breathe (2014),Drama,132335,2014.0,Breathe,1.0,1
132362,Patlabor 2: The Movie (1993),Action|Animation|Sci-Fi,132362,1993.0,Patlabor 2: The Movie,3.5,1
132422,Da Sweet Blood of Jesus (2014),Comedy|Romance|Thriller,132422,2014.0,Da Sweet Blood of Jesus,3.25,2
132424,The Longest Ride (2015),Drama|Romance,132424,2015.0,The Longest Ride,1.75,2
132454,Girltrash: All Night Long (2014),Comedy|Crime|Drama,132454,2014.0,Girltrash: All Night Long,3.5,1
132462,Sword of Vengeance (2014),Action|Adventure|Drama,132462,2014.0,Sword of Vengeance,1.0,1
132488,Lovesick (2014),Comedy|Romance,132488,2014.0,Lovesick,2.0,1
132496,Danny Collins (2015),Comedy|Drama,132496,2015.0,Danny Collins,4.5,1
132584,The Even Stevens Movie (2003),Children|Comedy,132584,2003.0,The Even Stevens Movie,3.5,1
132618,Kite (2014),Action|Crime|Drama|Mystery|Thriller,132618,2014.0,Kite,1.5,1
132660,Man Up (2015),Comedy|Romance,132660,2015.0,Man Up,3.75,2
132796,San Andreas (2015),Action|Drama|Thriller,132796,2015.0,San Andreas,1.875,4
132800,Welcome to Me (2014),Comedy|Drama,132800,2014.0,Welcome to Me,3.0,2
132888,Comedy Central Roast of James Franco (2013),Comedy,132888,2013.0,Comedy Central Roast of James Franco,3.0,1
133115,We Could Be King (2014),Documentary,133115,2014.0,We Could Be King,4.0,1
133195,Hitman: Agent 47 (2015),Action|Crime|Thriller,133195,2015.0,Hitman: Agent 47,1.5,1
133217,B/W (2015),Comedy|Crime|Sci-Fi,133217,2015.0,B/W,3.5,1
133281,Ricki and the Flash (2015),Comedy|Drama,133281,2015.0,Ricki and the Flash,2.0,1
133365,Partisan (2015),Drama|Thriller,133365,2015.0,Partisan,2.0,1
133377,Infini (2015),Horror|Sci-Fi|Thriller,133377,2015.0,Infini,1.5,1
133419,Pitch Perfect 2 (2015),Comedy,133419,2015.0,Pitch Perfect 2,3.4444444444444446,9
133545,Just Before I Go (2014),Comedy|Drama,133545,2014.0,Just Before I Go,1.0,1
133645,Carol (2015),Drama|Romance,133645,2015.0,Carol,4.0,1
133712,Office Romance (1977),Comedy|Romance,133712,1977.0,Office Romance,3.75,2
133716,Bootleggers (1961),Comedy|Crime,133716,1961.0,Bootleggers,4.5,1
133771,The Lobster (2015),Comedy|Romance|Sci-Fi,133771,2015.0,The Lobster,4.0,7
133780,Güeros (2014),Comedy|Drama,133780,2014.0,Güeros,3.0,1
133782,Maggie (2015),Drama|Horror|Thriller,133782,2015.0,Maggie,2.0,1
133798,Hot Pursuit (2015),Action|Comedy,133798,2015.0,Hot Pursuit,1.5,1
133802,Slow West (2015),Action|Thriller|Western,133802,2015.0,Slow West,4.25,2
133832,The Green Inferno (2014),Horror|Thriller,133832,2014.0,The Green Inferno,3.5,1
133867,Barely Lethal (2015),Action|Adventure|Comedy,133867,2015.0,Barely Lethal,4.5,1
133879,Carry On Don't Lose Your Head (1966),Comedy,133879,1966.0,Carry On Don't Lose Your Head,4.0,1
134004,What Love Is (2007),Comedy|Romance,134004,2007.0,What Love Is,5.0,1
134019,The Monkey King (1964),Animation,134019,1964.0,The Monkey King,3.5,1
134021,5 to 7 (2014),Comedy|Drama|Romance,134021,2014.0,5 to 7,2.5,1
134041,Afonya (1975),Comedy|Drama|Romance,134041,1975.0,Afonya,4.0,1
134095,My Love (2006),Animation|Drama,134095,2006.0,My Love,5.0,1
134109,Radio Day (2008),Comedy,134109,2008.0,Radio Day,5.0,1
134130,The Martian (2015),Adventure|Drama|Sci-Fi,134130,2015.0,The Martian,4.0,48
134158,Return to Sender (2015),Thriller,134158,2015.0,Return to Sender,1.5,1
134170,Kung Fury (2015),Action|Comedy|Fantasy|Sci-Fi,134170,2015.0,Kung Fury,3.7142857142857144,7
134184,Elections Day (2007),Comedy,134184,2007.0,Elections Day,4.5,1
134214,Youth (2015),Drama,134214,2015.0,Youth,3.5,4
134246,Survivor (2015),Action|Thriller,134246,2015.0,Survivor,0.5,1
134248,Hot Girls Wanted (2015),Documentary,134248,2015.0,Hot Girls Wanted,3.0,1
134252,That Munchhausen (1979),Comedy|Drama|Fantasy,134252,1979.0,That Munchhausen,4.5,1
134326,The Taming of the Scoundrel (1980),Comedy,134326,1980.0,The Taming of the Scoundrel,4.5,1
134334,Phir Hera Pheri (2006),Comedy,134334,2006.0,Phir Hera Pheri,4.5,1
134368,Spy (2015),Action|Comedy|Crime,134368,2015.0,Spy,3.6875,16
134393,Trainwreck (2015),Comedy|Romance,134393,2015.0,Trainwreck,3.2,10
134515,BMX Bandits (1983),Adventure|Crime|Drama,134515,1983.0,BMX Bandits,3.0,1
134524,Turtle Power: The Definitive History of the Teenage Mutant Ninja Turtles (2014),Documentary,134524,2014.0,Turtle Power: The Definitive History of the Teenage Mutant Ninja Turtles,3.0,1
134528,Aloha (2015),Comedy|Drama|Romance,134528,2015.0,Aloha,0.5,1
134775,Dragon Blade (2015),Action|Adventure|Drama,134775,2015.0,Dragon Blade,2.0,1
134783,Entourage (2015),Comedy,134783,2015.0,Entourage,2.0,1
134796,Bitter Lake (2015),Documentary,134796,2015.0,Bitter Lake,5.0,1
134808,No Way Jose (2015),Comedy,134808,2015.0,No Way Jose,2.0,1
134847,Ghost Graduation (2012),Comedy,134847,2012.0,Ghost Graduation,5.0,1
134849,Duck Amuck (1953),Animation|Children|Comedy,134849,1953.0,Duck Amuck,4.0,1
134853,Inside Out (2015),Adventure|Animation|Children|Comedy|Drama|Fantasy,134853,2015.0,Inside Out,3.813953488372093,43
134859,The Wolfpack (2015),Documentary,134859,2015.0,The Wolfpack,3.5,1
134861,Trevor Noah: African American (2013),(no genres listed),134861,2013.0,Trevor Noah: African American,2.5,1
134881,Love & Mercy (2014),Drama,134881,2014.0,Love & Mercy,4.333333333333333,3
135133,The Hunger Games: Mockingjay - Part 2 (2015),Adventure|Sci-Fi,135133,2015.0,The Hunger Games: Mockingjay - Part 2,3.7,10
135137,Pixels (2015),Action|Comedy|Sci-Fi,135137,2015.0,Pixels,2.5833333333333335,6
135143,Fantastic Beasts and Where to Find Them (2016),Fantasy,135143,2016.0,Fantastic Beasts and Where to Find Them,3.6785714285714284,14
135198,The Hairdresser (2010),Comedy|Drama,135198,2010.0,The Hairdresser,4.0,1
135216,The Star Wars Holiday Special (1978),Adventure|Children|Comedy|Sci-Fi,135216,1978.0,The Star Wars Holiday Special,0.5,1
135288,Mr. Holmes (2015),Drama|Mystery,135288,2015.0,Mr. Holmes,3.0,1
135436,The Secret Life of Pets (2016),Animation|Comedy,135436,2016.0,The Secret Life of Pets,3.0714285714285716,7
135456,Ghost in the Shell: Stand Alone Complex - The Laughing Man (2005),Action|Animation|Crime|Sci-Fi,135456,2005.0,Ghost in the Shell: Stand Alone Complex - The Laughing Man,3.25,2
135518,Self/less (2015),Action|Mystery|Sci-Fi|Thriller,135518,2015.0,Self/less,2.75,2
135532,The Last Witch Hunter (2015),Action|Adventure|Fantasy,135532,2015.0,The Last Witch Hunter,3.3333333333333335,3
135534,Krampus (2015),Comedy|Fantasy|Horror,135534,2015.0,Krampus,3.5,1
135536,Suicide Squad (2016),Action|Crime|Sci-Fi,135536,2016.0,Suicide Squad,2.9166666666666665,12
135567,Independence Day: Resurgence (2016),Action|Adventure|Sci-Fi,135567,2016.0,Independence Day: Resurgence,2.375,4
135569,Star Trek Beyond (2016),Action|Adventure|Sci-Fi,135569,2016.0,Star Trek Beyond,3.466666666666667,15
135777,Golmaal (2006),Children|Comedy,135777,2006.0,Golmaal,4.5,1
135787,Bruce Lee: A Warrior's Journey (2000),Documentary,135787,2000.0,Bruce Lee: A Warrior's Journey,3.5,1
135803,Five Element Ninjas (1982),Action,135803,1982.0,Five Element Ninjas,3.5,1
135815,The Magnificent Ruffians (1979),Action|Drama,135815,1979.0,The Magnificent Ruffians,4.0,1
135861,Ted 2 (2015),Comedy,135861,2015.0,Ted 2,2.7777777777777777,9
135885,Absolutely Anything (2015),Comedy|Sci-Fi,135885,2015.0,Absolutely Anything,3.0,1
135887,Minions (2015),Adventure|Animation|Children|Comedy,135887,2015.0,Minions,3.1666666666666665,15
135937,The Silence of the Hams (1994),Comedy|Thriller,135937,1994.0,The Silence of the Hams,3.0,1
136012,Bloodsport III (1996),Action|Thriller,136012,1996.0,Bloodsport III,1.5,1
136016,The Good Dinosaur (2015),Adventure|Animation|Children|Comedy|Fantasy,136016,2015.0,The Good Dinosaur,3.0,4
136018,Black Mass (2015),Crime|Drama,136018,2015.0,Black Mass,2.5,3
136020,Spectre (2015),Action|Adventure|Crime,136020,2015.0,Spectre,3.0588235294117645,17
136024,The Professional: Golgo 13 (1983),Action|Animation|Crime,136024,1983.0,The Professional: Golgo 13,3.0,1
136297,Mortal Kombat: The Journey Begins (1995),Action|Animation,136297,1995.0,Mortal Kombat: The Journey Begins,0.5,1
136305,Sharknado 3: Oh Hell No! (2015),Horror|Sci-Fi,136305,2015.0,Sharknado 3: Oh Hell No!,1.0,2
136341,Scooby-Doo! and the Samurai Sword (2009),Animation|Children|Comedy,136341,2009.0,Scooby-Doo! and the Samurai Sword,5.0,1
136353,Scooby-Doo! and the Loch Ness Monster (2004),Animation|Children|Comedy,136353,2004.0,Scooby-Doo! and the Loch Ness Monster,5.0,1
136355,Big Top Scooby-Doo! (2012),Animation|Children|Comedy,136355,2012.0,Big Top Scooby-Doo!,5.0,1
136359,Scooby-Doo Goes Hollywood (1979),Animation|Children|Comedy,136359,1979.0,Scooby-Doo Goes Hollywood,5.0,1
136443,Gabriel Iglesias: Hot and Fluffy (2007),Comedy,136443,2007.0,Gabriel Iglesias: Hot and Fluffy,1.5,1
136445,George Carlin: Back in Town (1996),Comedy,136445,1996.0,George Carlin: Back in Town,5.0,1
136447,George Carlin: You Are All Diseased (1999),Comedy,136447,1999.0,George Carlin: You Are All Diseased,5.0,1
136449,Ghost in the Shell 2.0 (2008),Action|Animation|Sci-Fi,136449,2008.0,Ghost in the Shell 2.0,3.75,2
136469,Larry David: Curb Your Enthusiasm (1999),Comedy,136469,1999.0,Larry David: Curb Your Enthusiasm,5.0,1
136471,Kevin Hart: Laugh at My Pain (2011),Comedy|Documentary,136471,2011.0,Kevin Hart: Laugh at My Pain,3.5,1
136503,Tom and Jerry: Shiver Me Whiskers (2006),Animation|Children|Comedy,136503,2006.0,Tom and Jerry: Shiver Me Whiskers,5.0,1
136511,Jeff Dunham: All Over the Map (2014),Comedy,136511,2014.0,Jeff Dunham: All Over the Map,2.0,1
136540,The FP (2012),Comedy,136540,2012.0,The FP,4.5,1
136556,Kung Fu Panda: Secrets of the Masters (2011),Animation|Children,136556,2011.0,Kung Fu Panda: Secrets of the Masters,5.0,1
136562,Steve Jobs (2015),Drama,136562,2015.0,Steve Jobs,3.75,6
136564,Macbeth (2015),Drama,136564,2015.0,Macbeth,2.5,1
136598,Vacation (2015),Adventure|Comedy,136598,2015.0,Vacation,3.4166666666666665,6
136602,Creep (2014),Horror|Thriller,136602,2014.0,Creep,3.0,2
136654,The Face of an Angel (2015),Drama,136654,2015.0,The Face of an Angel,1.5,1
136664,Wild Horses (2015),Crime|Drama,136664,2015.0,Wild Horses,1.0,1
136666,Search Party (2014),Comedy,136666,2014.0,Search Party,2.25,2
136778,The Squeeze (2015),Comedy|Drama,136778,2015.0,The Squeeze,2.0,1
136786,Careful What You Wish For (2015),Thriller,136786,2015.0,Careful What You Wish For,1.5,1
136800,Robot Overlords (2014),Action|Adventure|Sci-Fi,136800,2014.0,Robot Overlords,1.5,1
136816,Bad Asses on the Bayou (2015),Action|Comedy,136816,2015.0,Bad Asses on the Bayou,2.5,1
136834,The Eye: Infinity (2005),Horror,136834,2005.0,The Eye: Infinity,5.0,1
136838,Kiss me Kismet (2006),Comedy|Romance,136838,2006.0,Kiss me Kismet,2.5,1
136840,Da geht noch was! (2013),Comedy|Drama|Romance,136840,2013.0,Da geht noch was!,3.5,1
136850,Villain (1971),Crime|Drama|Thriller,136850,1971.0,Villain,5.0,1
136859,The Lovers (2015),Action|Adventure|Romance|Sci-Fi,136859,2015.0,The Lovers,1.5,1
136864,Batman v Superman: Dawn of Justice (2016),Action|Adventure|Fantasy|Sci-Fi,136864,2016.0,Batman v Superman: Dawn of Justice,2.34375,16
136912,God Loves Caviar (2012),Adventure,136912,2012.0,God Loves Caviar,2.0,1
136958,Mortuary (1983),Horror,136958,1983.0,Mortuary,2.0,1
137218,April Morning (1988),Drama,137218,1988.0,April Morning,2.5,1
137337,Amy (2015),Documentary,137337,2015.0,Amy,3.5,4
137345,That Demon Within (2014),Crime|Thriller,137345,2014.0,That Demon Within,2.0,1
137517,Carnival Magic (1981),Drama|Fantasy,137517,1981.0,Carnival Magic,0.5,1
137595,Magic Mike XXL (2015),Comedy|Drama,137595,2015.0,Magic Mike XXL,4.0,1
137857,The Jungle Book (2016),Adventure|Drama|Fantasy,137857,2016.0,The Jungle Book,3.6363636363636362,11
137859,Dragon Ball Z Gaiden: The Plot to Destroy the Saiyans (1993),Action|Adventure|Animation,137859,1993.0,Dragon Ball Z Gaiden: The Plot to Destroy the Saiyans,4.0,1
137863,Dragon Ball Z: Resurrection of F (2015),Action|Adventure|Animation|Fantasy,137863,2015.0,Dragon Ball Z: Resurrection of F,4.0,1
138036,The Man from U.N.C.L.E. (2015),Action|Adventure|Comedy,138036,2015.0,The Man from U.N.C.L.E.,3.4722222222222223,18
138186,Sorrow (2015),Crime|Drama|Horror,138186,2015.0,Sorrow,0.5,1
138204,7 Days in Hell (2015),Comedy,138204,2015.0,7 Days in Hell,4.0,2
138208,The Walk (2015),Adventure|Drama|Thriller,138208,2015.0,The Walk,3.0,2
138210,13 Hours (2016),Drama,138210,2016.0,13 Hours,3.3,5
138396,There Will Come a Day (2013),Comedy|Drama,138396,2013.0,There Will Come a Day,3.5,1
138546,The Opposite Sex (2014),Comedy,138546,2014.0,The Opposite Sex,1.5,1
138610,The Gallows (2015),Horror|Thriller,138610,2015.0,The Gallows,1.5,1
138632,Tokyo Tribe (2014),Action|Crime|Drama|Sci-Fi,138632,2014.0,Tokyo Tribe,5.0,1
138702,Feast (2014),Animation|Children|Comedy|Drama|Romance,138702,2014.0,Feast,3.0,1
138798,Joe Dirt 2: Beautiful Loser (2015),Comedy,138798,2015.0,Joe Dirt 2: Beautiful Loser,0.5,1
138835,Return to Treasure Island (1988),Adventure|Animation|Comedy,138835,1988.0,Return to Treasure Island,5.0,1
138966,Nasu: Summer in Andalusia (2003),Animation,138966,2003.0,Nasu: Summer in Andalusia,5.0,1
139052,Dark Places (2015),Drama|Mystery|Thriller,139052,2015.0,Dark Places,2.0,1
139130,Afro Samurai (2007),Action|Adventure|Animation|Drama|Fantasy,139130,2007.0,Afro Samurai,2.5,1
139157,Massu Engira Maasilamani (2015),Comedy|Horror|Thriller,139157,2015.0,Massu Engira Maasilamani,4.5,1
139385,The Revenant (2015),Adventure|Drama,139385,2015.0,The Revenant,3.903225806451613,31
139415,Irrational Man (2015),Crime|Drama,139415,2015.0,Irrational Man,3.0,1
139511,Exte: Hair Extensions (2007),Horror,139511,2007.0,Exte: Hair Extensions,3.0,1
139640,Ooops! Noah is Gone... (2015),Animation,139640,2015.0,Ooops! Noah is Gone...,5.0,1
139642,Southpaw (2015),Action|Drama,139642,2015.0,Southpaw,2.8333333333333335,6
139644,Sicario (2015),Crime|Drama|Mystery,139644,2015.0,Sicario,3.5454545454545454,11
139655,Goodnight Mommy (Ich seh ich seh) (2014),Drama|Fantasy|Horror|Thriller,139655,2014.0,Goodnight Mommy (Ich seh ich seh),3.0,1
139717,10 Cent Pistol (2015),Crime|Thriller,139717,2015.0,10 Cent Pistol,1.25,2
139747,Before We Go (2014),Romance,139747,2014.0,Before We Go,3.5,1
139855,Anomalisa (2015),Animation|Comedy|Fantasy,139855,2015.0,Anomalisa,3.25,2
139857,Colonia (2016),Thriller,139857,2016.0,Colonia,1.5,1
139859,Ghost in the Shell Arise - Border 2: Ghost Whispers (2013),Action|Animation|Sci-Fi|Thriller,139859,2013.0,Ghost in the Shell Arise - Border 2: Ghost Whispers,2.5,1
139915,How to Make Love Like an Englishman (2014),Comedy|Romance,139915,2014.0,How to Make Love Like an Englishman,2.25,2
139994,Fracchia contro Dracula (1985),Comedy|Horror,139994,1985.0,Fracchia contro Dracula,4.0,1
140016,Always Watching: A Marble Hornets Story (2015),Horror,140016,2015.0,Always Watching: A Marble Hornets Story,2.0,1
140038,Madly in Love (1981),Comedy,140038,1981.0,Madly in Love,4.5,1
140110,The Intern (2015),Comedy,140110,2015.0,The Intern,3.6538461538461537,13
140133,Hollywood Chainsaw Hookers (1988),Comedy|Horror,140133,1988.0,Hollywood Chainsaw Hookers,5.0,1
140162,Love (2015),Drama|Romance,140162,2015.0,Love,4.5,1
140174,Room (2015),Drama,140174,2015.0,Room,3.5625,8
140237,The Runner (2015),Drama,140237,2015.0,The Runner,2.0,1
140247,The Gift (2015),Drama|Horror,140247,2015.0,The Gift,3.25,4
140265,George Carlin: Jammin' in New York (1992),Comedy,140265,1992.0,George Carlin: Jammin' in New York,5.0,1
140267,The Witch (2015),Horror,140267,2015.0,The Witch,4.0,1
140289,Men & Chicken (2015),Comedy|Drama,140289,2015.0,Men & Chicken,4.0,1
140301,The Escort (2015),Comedy|Romance,140301,2015.0,The Escort,3.0,1
140359,Doctor Who: The Waters of Mars (2009),Adventure|Children|Sci-Fi,140359,2009.0,Doctor Who: The Waters of Mars,4.0,4
140481,"Family Guy Presents: Something, Something, Something, Dark Side (2009)",Animation|Comedy|Sci-Fi,140481,2009.0,"Family Guy Presents: Something, Something, Something, Dark Side",4.5,1
140523,"Visit, The (2015)",Comedy|Horror,140523,2015.0,"Visit, The",3.5,1
140525,Secret in Their Eyes (2015),Crime|Drama|Mystery,140525,2015.0,Secret in Their Eyes,1.5,1
140541,The Electric Hotel (1908),Animation|Comedy|Sci-Fi,140541,1908.0,The Electric Hotel,4.0,1
140561,Jeff Ross Roasts Criminals: Live at Brazos County Jail (2015),Comedy|Documentary,140561,2015.0,Jeff Ross Roasts Criminals: Live at Brazos County Jail,4.0,1
140627,Battle For Sevastopol (2015),Drama|Romance|War,140627,2015.0,Battle For Sevastopol,5.0,1
140711,American Ultra (2015),Action|Comedy|Sci-Fi|Thriller,140711,2015.0,American Ultra,2.6666666666666665,6
140715,Straight Outta Compton (2015),Drama,140715,2015.0,Straight Outta Compton,4.214285714285714,7
140725,Cop Car (2015),Crime|Thriller,140725,2015.0,Cop Car,3.5,2
140737,The Lost Room (2006),Action|Fantasy|Mystery,140737,2006.0,The Lost Room,3.5,1
140816,Tangerine (2015),Comedy|Drama,140816,2015.0,Tangerine,4.5,1
140850,Every Secret Thing (2014),Crime|Drama|Mystery|Thriller,140850,2014.0,Every Secret Thing,2.0,1
140852,964 Pinocchio (1991),Horror|Sci-Fi,140852,1991.0,964 Pinocchio,1.0,1
140928,Joy (2015),Comedy|Drama,140928,2015.0,Joy,3.2,5
140956,Ready Player One,Action|Sci-Fi|Thriller,140956,,Ready Player One,3.5,4
141004,Victor Frankenstein (2015),Drama|Horror|Sci-Fi,141004,2015.0,Victor Frankenstein,3.25,2
141131,Guardians (2016),(no genres listed),141131,2016.0,Guardians,2.5,1
141400,Invincible Shaolin (1978),Action,141400,1978.0,Invincible Shaolin,4.0,1
141408,Scouts Guide to the Zombie Apocalypse (2015),Action|Comedy|Horror,141408,2015.0,Scouts Guide to the Zombie Apocalypse,3.75,2
141422,Suffragette (2015),Drama,141422,2015.0,Suffragette,2.5,1
141513,Fort Tilden (2014),Comedy,141513,2014.0,Fort Tilden,4.0,1
141544,Turbo Kid (2015),Action|Adventure|Sci-Fi,141544,2015.0,Turbo Kid,3.5,3
141646,The Unauthorized Saved by the Bell Story (2014),Comedy|Drama,141646,2014.0,The Unauthorized Saved by the Bell Story,3.5,1
141668,War Room (2015),Drama,141668,2015.0,War Room,0.5,1
141688,Legend (2015),Crime|Thriller,141688,2015.0,Legend,3.5,2
141718,Deathgasm (2015),Comedy|Horror,141718,2015.0,Deathgasm,5.0,1
141749,The Danish Girl (2015),Drama,141749,2015.0,The Danish Girl,3.75,2
141799,Cooties (2015),Comedy|Horror,141799,2015.0,Cooties,3.5,1
141810,Autumn Marathon (1979),Comedy|Drama,141810,1979.0,Autumn Marathon,4.0,1
141816,12 Chairs (1976),Adventure|Comedy,141816,1976.0,12 Chairs,5.0,1
141818,Ordinary Miracle (1978),Comedy|Drama|Fantasy|Romance,141818,1978.0,Ordinary Miracle,4.5,1
141820,Old Men: Robbers (1971),Comedy,141820,1971.0,Old Men: Robbers,4.0,1
141830,Unbelievable Adventures of Italians in Russia (1974),Adventure|Comedy,141830,1974.0,Unbelievable Adventures of Italians in Russia,3.25,2
141836,It Can't Be! (1975),Comedy,141836,1975.0,It Can't Be!,4.5,1
141844,12 Chairs (1971),Adventure|Comedy,141844,1971.0,12 Chairs,4.5,1
141846,Steve Jobs: The Man in the Machine (2015),Documentary,141846,2015.0,Steve Jobs: The Man in the Machine,4.0,1
141866,Green Room (2015),(no genres listed),141866,2015.0,Green Room,3.3333333333333335,3
141890,Beasts of No Nation (2015),Drama|War,141890,2015.0,Beasts of No Nation,3.0,2
141928,Bloodsucking Bastards (2015),Comedy|Horror,141928,2015.0,Bloodsucking Bastards,5.0,1
141994,Saving Christmas (2014),Children|Comedy,141994,2014.0,Saving Christmas,0.5,1
142020,Oscar (1967),Comedy,142020,1967.0,Oscar,5.0,1
142056,Iron Man & Hulk: Heroes United (2013),Action|Adventure|Animation,142056,2013.0,Iron Man & Hulk: Heroes United,3.0,1
142074,Knock Knock (2015),Crime|Horror|Thriller,142074,2015.0,Knock Knock,1.5,1
142115,The Blue Planet (2001),Documentary,142115,2001.0,The Blue Planet,4.75,2
142196,Cornered! (2009),Comedy|Horror,142196,2009.0,Cornered!,4.5,1
142222,Demolition (2016),Drama,142222,2016.0,Demolition,3.125,4
142366,Cigarette Burns (2005),Horror|Thriller,142366,2005.0,Cigarette Burns,3.0,1
142372,Our Brand Is Crisis (2015),Comedy|Drama,142372,2015.0,Our Brand Is Crisis,2.75,2
142420,High Rise (2015),Action|Drama|Sci-Fi,142420,2015.0,High Rise,3.0,2
142422,The Night Before (2015),Comedy,142422,2015.0,The Night Before,4.25,4
142424,Into the Forest (2015),Drama|Sci-Fi,142424,2015.0,Into the Forest,2.0,1
142444,The Editor (2015),Comedy|Horror|Mystery,142444,2015.0,The Editor,5.0,1
142448,Everest (2015),Adventure|Drama|Thriller,142448,2015.0,Everest,3.0833333333333335,6
142456,The Brand New Testament (2015),(no genres listed),142456,2015.0,The Brand New Testament,4.0,2
142488,Spotlight (2015),Thriller,142488,2015.0,Spotlight,4.157894736842105,19
142507,Pawn Sacrifice (2015),Drama,142507,2015.0,Pawn Sacrifice,2.5,1
142509,Hardcore Henry (2015),Action|Adventure|Sci-Fi,142509,2015.0,Hardcore Henry,3.75,2
142536,Burnt (2015),Drama,142536,2015.0,Burnt,2.0,3
142550,Ryuzo and the Seven Henchmen (2015),Action|Comedy,142550,2015.0,Ryuzo and the Seven Henchmen,4.5,1
142558,If I Were a Rich Man (2002),Comedy,142558,2002.0,If I Were a Rich Man,3.0,1
142598,Last Shift (2014),Horror,142598,2014.0,Last Shift,4.0,1
142602,"F*ck You, Goethe 2 (2015)",Comedy,142602,2015.0,"F*ck You, Goethe 2",1.0,1
142831,Garam Masala (2005),Comedy,142831,2005.0,Garam Masala,4.5,1
142961,Life Eternal (2015),Comedy|Crime|Thriller,142961,2015.0,Life Eternal,2.5,1
142997,Hotel Transylvania 2 (2015),Animation|Comedy,142997,2015.0,Hotel Transylvania 2,2.875,4
143001,Anti-Social (2015),Crime,143001,2015.0,Anti-Social,1.5,1
143031,Jump In! (2007),Comedy|Drama|Romance,143031,2007.0,Jump In!,5.0,1
143245,The Little Prince (2015),Animation|Fantasy,143245,2015.0,The Little Prince,2.25,2
143255,Narcopolis (2014),Mystery|Sci-Fi|Thriller,143255,2014.0,Narcopolis,1.5,1
143257,Ashby (2015),Comedy|Drama,143257,2015.0,Ashby,3.0,2
143355,Wonder Woman (2017),Action|Adventure|Fantasy,143355,2017.0,Wonder Woman,3.3076923076923075,13
143365,The Circle (2016),Drama|Sci-Fi|Thriller,143365,2016.0,The Circle,2.5,1
143367,Silence (2016),Drama|Thriller,143367,2016.0,Silence,3.75,2
143385,Bridge of Spies (2015),Drama|Thriller,143385,2015.0,Bridge of Spies,3.4375,8
143410,Hyena Road,(no genres listed),143410,,Hyena Road,2.0,1
143458,The Great Hypnotist (2014),Drama|Mystery|Thriller,143458,2014.0,The Great Hypnotist,4.0,1
143472,Into the Grizzly Maze (2015),Action|Horror|Thriller,143472,2015.0,Into the Grizzly Maze,1.5,1
143511,Human (2015),Documentary,143511,2015.0,Human,5.0,1
143525,Chasuke's Journey (2015),Comedy|Drama,143525,2015.0,Chasuke's Journey,4.0,1
143559,L.A. Slasher (2015),Comedy|Crime|Fantasy,143559,2015.0,L.A. Slasher,5.0,1
143859,"Hail, Caesar! (2016)",Comedy,143859,2016.0,"Hail, Caesar!",2.8125,8
143896,How To Change The World (2015),Documentary,143896,2015.0,How To Change The World,4.5,1
143969,Er ist wieder da (2015),Comedy,143969,2015.0,Er ist wieder da,2.8333333333333335,3
144210,Just Eat It: A Food Waste Story (2014),Documentary,144210,2014.0,Just Eat It: A Food Waste Story,4.0,1
144222,Bros Before Hos (2013),Comedy,144222,2013.0,Bros Before Hos,3.0,1
144262,Slow Learners (2015),Comedy|Romance,144262,2015.0,Slow Learners,2.0,1
144352,Unforgiven (2013),Action|Crime|Drama,144352,2013.0,Unforgiven,0.5,1
144478,"Sex, Drugs & Taxation (2013)",Comedy|Drama,144478,2013.0,"Sex, Drugs & Taxation",4.5,1
144522,Sky High (2003),Action|Horror|Thriller,144522,2003.0,Sky High,2.0,1
144606,Confessions of a Dangerous Mind (2002),Comedy|Crime|Drama|Romance|Thriller,144606,2002.0,Confessions of a Dangerous Mind,4.0,1
144620,Goosebumps (2015),Adventure|Comedy|Horror,144620,2015.0,Goosebumps,2.0,2
144714,The Perfect Guy (2015),Drama|Thriller,144714,2015.0,The Perfect Guy,1.5,1
144716,Rock the Kasbah (2015),Comedy,144716,2015.0,Rock the Kasbah,2.0,1
144734,Freaks of Nature (2015),Comedy|Horror|Sci-Fi,144734,2015.0,Freaks of Nature,4.5,1
144976,Bone Tomahawk (2015),Horror|Western,144976,2015.0,Bone Tomahawk,4.5,2
145080,Extraordinary Tales (2015),Animation|Horror|Mystery,145080,2015.0,Extraordinary Tales,2.5,1
145150,The Dressmaker (2015),Comedy|Drama|Thriller,145150,2015.0,The Dressmaker,3.0,1
145283,Nowitzki: The Perfect Shot (2014),Documentary,145283,2014.0,Nowitzki: The Perfect Shot,3.5,1
145418,Trumbo (2015),Drama,145418,2015.0,Trumbo,4.0,1
145491,Our Lips Are Sealed (2000),Children|Comedy|Drama,145491,2000.0,Our Lips Are Sealed,3.5,1
145724,Idaho Transfer (1973),Sci-Fi,145724,1973.0,Idaho Transfer,0.5,1
145745,Witch Hunt (1999),Crime|Drama,145745,1999.0,Witch Hunt,2.5,1
145839,Concussion (2015),Drama,145839,2015.0,Concussion,2.5,3
145935,"Peanuts Movie, The (2015)",Adventure|Animation|Children|Comedy,145935,2015.0,"Peanuts Movie, The",1.5,1
145951,Bloodsport: The Dark Kumite (1999),Action|Thriller,145951,1999.0,Bloodsport: The Dark Kumite,0.5,1
145994,Formula of Love (1984),Comedy,145994,1984.0,Formula of Love,5.0,1
146024,A Man from Boulevard des Capucines (1987),Comedy|Romance|Western,146024,1987.0,A Man from Boulevard des Capucines,4.0,1
146028,The Adventures of Sherlock Holmes and Dr. Watson: The Hound of the Baskervilles (1981),Crime|Mystery,146028,1981.0,The Adventures of Sherlock Holmes and Dr. Watson: The Hound of the Baskervilles,4.0,1
146210,Blue Mountain State: The Rise of Thadland (2015),Comedy,146210,2015.0,Blue Mountain State: The Rise of Thadland,3.0,1
146244,Dil To Pagal Hai (1997),Comedy|Drama|Romance,146244,1997.0,Dil To Pagal Hai,4.0,1
146309,The Boy and the Beast (2015),Action|Adventure|Animation,146309,2015.0,The Boy and the Beast,4.0,1
146656,Creed (2015),Drama,146656,2015.0,Creed,3.75,8
146662,Dragons: Gift of the Night Fury (2011),Adventure|Animation|Comedy,146662,2011.0,Dragons: Gift of the Night Fury,5.0,1
146682,Twinsters (2015),Documentary,146682,2015.0,Twinsters,4.0,1
146684,Cosmic Scrat-tastrophe (2015),Animation|Children|Comedy,146684,2015.0,Cosmic Scrat-tastrophe,5.0,1
146688,Solace (2015),Fantasy|Mystery|Thriller,146688,2015.0,Solace,2.0,1
146730,Lost in the Sun (2015),Action|Drama|Thriller,146730,2015.0,Lost in the Sun,2.0,1
146986,Le Maître d'école (1981),Comedy,146986,1981.0,Le Maître d'école,4.0,1
147002,Eros (2004),Drama|Romance,147002,2004.0,Eros,4.0,1
147142,Those Happy Days (2006),Children|Comedy,147142,2006.0,Those Happy Days,3.0,1
147196,The Girls (1961),Comedy|Romance,147196,1961.0,The Girls,5.0,1
147250,The Adventures of Sherlock Holmes and Doctor Watson,(no genres listed),147250,,The Adventures of Sherlock Holmes and Doctor Watson,5.0,1
147282,What Men Still Talk About (2011),Comedy,147282,2011.0,What Men Still Talk About,4.0,1
147286,The Adventures of Sherlock Holmes and Doctor Watson: The Treasures of Agra (1983),Crime|Mystery,147286,1983.0,The Adventures of Sherlock Holmes and Doctor Watson: The Treasures of Agra,5.0,1
147300,Adventures Of Sherlock Holmes And Dr. Watson: The Twentieth Century Approaches (1986),Crime|Mystery,147300,1986.0,Adventures Of Sherlock Holmes And Dr. Watson: The Twentieth Century Approaches,5.0,1
147326,The Adventures of Sherlock Holmes and Doctor Watson: King of Blackmailers (1980),Crime|Mystery,147326,1980.0,The Adventures of Sherlock Holmes and Doctor Watson: King of Blackmailers,5.0,1
147328,The Adventures of Sherlock Holmes and Dr. Watson: Bloody Signature (1979),Crime,147328,1979.0,The Adventures of Sherlock Holmes and Dr. Watson: Bloody Signature,5.0,1
147330,Sherlock Holmes and Dr. Watson: Acquaintance (1979),Crime,147330,1979.0,Sherlock Holmes and Dr. Watson: Acquaintance,5.0,1
147372,Doctor Who: Last Christmas (2014),Adventure|Drama|Fantasy|Sci-Fi,147372,2014.0,Doctor Who: Last Christmas,3.75,2
147374,"Doctor Who: The Doctor, the Widow and the Wardrobe (2011)",Adventure|Drama,147374,2011.0,"Doctor Who: The Doctor, the Widow and the Wardrobe",4.166666666666667,3
147376,Doctor Who: A Christmas Carol (2010),Sci-Fi,147376,2010.0,Doctor Who: A Christmas Carol,4.75,2
147378,Doctor Who: Planet of the Dead (2009),Adventure|Children|Drama|Sci-Fi,147378,2009.0,Doctor Who: Planet of the Dead,3.0,4
147380,Doctor Who: The Next Doctor (2008),Adventure|Children|Drama|Sci-Fi,147380,2008.0,Doctor Who: The Next Doctor,2.875,4
147382,Doctor Who: Voyage Of The Damned (2007),Action|Sci-Fi,147382,2007.0,Doctor Who: Voyage Of The Damned,4.5,3
147384,Doctor Who: The Runaway Bride (2007),Sci-Fi,147384,2007.0,Doctor Who: The Runaway Bride,4.0,4
147410,A Perfect Day (2015),Comedy|Drama,147410,2015.0,A Perfect Day,5.0,1
147657,Masked Avengers (1981),Action,147657,1981.0,Masked Avengers,4.0,1
147662,Return of the One-Armed Swordsman (1969),Action|Adventure,147662,1969.0,Return of the One-Armed Swordsman,3.0,1
147936,The Lord's Lantern in Budapest (1999),Comedy|Drama,147936,1999.0,The Lord's Lantern in Budapest,4.5,1
148166,Hitchcock/Truffaut (2015),Documentary,148166,2015.0,Hitchcock/Truffaut,3.5,1
148172,The 5th Wave (2016),Adventure|Sci-Fi|Thriller,148172,2016.0,The 5th Wave,2.5,2
148238,A Very Murray Christmas (2015),Comedy,148238,2015.0,A Very Murray Christmas,2.5,1
148424,Chi-Raq (2015),Comedy|Drama,148424,2015.0,Chi-Raq,3.75,2
148482,Truth (2015),Drama,148482,2015.0,Truth,3.0,1
148592,Just Jim (2015),Comedy,148592,2015.0,Just Jim,3.0,1
148626,"Big Short, The (2015)",Drama,148626,2015.0,"Big Short, The",3.9615384615384617,26
148632,Applesauce (2015),Comedy,148632,2015.0,Applesauce,4.5,1
148652,The Ridiculous 6 (2015),Comedy|Western,148652,2015.0,The Ridiculous 6,3.25,2
148667,John Mulaney: The Comeback Kid (2015),Comedy,148667,2015.0,John Mulaney: The Comeback Kid,3.5,1
148671,Saw (2003),Crime|Horror,148671,2003.0,Saw,4.5,2
148675,North Pole: Open For Christmas (2015),Children|Fantasy,148675,2015.0,North Pole: Open For Christmas,2.0,1
148709,Mojave (2015),Thriller,148709,2015.0,Mojave,2.0,1
148775,Wizards of Waverly Place: The Movie (2009),Adventure|Children|Comedy|Drama|Fantasy|Sci-Fi,148775,2009.0,Wizards of Waverly Place: The Movie,4.0,1
148881,World of Tomorrow (2015),Animation|Comedy,148881,2015.0,World of Tomorrow,4.5,2
148888,Zoolander 2 (2016),Comedy,148888,2016.0,Zoolander 2,2.5,3
148956,How to Be Single (2016),Comedy|Romance,148956,2016.0,How to Be Single,3.125,4
148978,Blue Exorcist: The Movie (2012),Animation|Fantasy|Horror|Mystery,148978,2012.0,Blue Exorcist: The Movie,4.0,1
148982,Devil Dog: The Hound of Hell (1978),Horror,148982,1978.0,Devil Dog: The Hound of Hell,4.0,1
149011,He Never Died (2015),Comedy|Drama|Horror,149011,2015.0,He Never Died,3.5,1
149144,Parasyte: Part 1 (2014),Horror|Sci-Fi,149144,2014.0,Parasyte: Part 1,4.0,1
149146,Parasyte: Part 2 (2015),Horror|Sci-Fi,149146,2015.0,Parasyte: Part 2,4.0,1
149330,A Cosmic Christmas (1977),(no genres listed),149330,1977.0,A Cosmic Christmas,4.0,1
149334,Nocturnal Animals,Drama|Thriller,149334,,Nocturnal Animals,3.0,1
149350,Lumberjack Man (2015),Comedy|Horror,149350,2015.0,Lumberjack Man,5.0,1
149352,Daddy's Home (2015),Comedy,149352,2015.0,Daddy's Home,2.6666666666666665,6
149354,Sisters (2015),Children|Comedy,149354,2015.0,Sisters,2.5,7
149380,'Tis the Season for Love (2015),Romance,149380,2015.0,'Tis the Season for Love,1.5,1
149406,Kung Fu Panda 3 (2016),Action|Adventure|Animation,149406,2016.0,Kung Fu Panda 3,3.375,8
149508,Spellbound (2011),Comedy|Romance,149508,2011.0,Spellbound,5.0,1
149566,Unicorn City (2012),Comedy|Romance,149566,2012.0,Unicorn City,5.0,1
149590,Standoff (2016),Thriller,149590,2016.0,Standoff,2.5,1
149612,Swelter (2014),Action|Drama|Thriller,149612,2014.0,Swelter,2.0,1
149830,Pride and Prejudice and Zombies (2016),Comedy|Horror|Romance|Thriller,149830,2016.0,Pride and Prejudice and Zombies,4.5,1
149902,Garm Wars: The Last Druid (2014),Action|Sci-Fi|Thriller,149902,2014.0,Garm Wars: The Last Druid,2.0,1
150254,The Devil's Candy (2015),Horror,150254,2015.0,The Devil's Candy,2.0,1
150401,Close Range (2015),Action|Crime,150401,2015.0,Close Range,3.0,2
150548,Sherlock: The Abominable Bride (2016),Action|Crime|Drama|Mystery|Thriller,150548,2016.0,Sherlock: The Abominable Bride,3.85,10
150554,The Love Bug (1997),Adventure|Children|Comedy|Fantasy,150554,1997.0,The Love Bug,5.0,1
150596,Doctor Who: The Husbands of River Song (2015),Comedy|Drama|Sci-Fi,150596,2015.0,Doctor Who: The Husbands of River Song,4.25,2
150604,Moonwalkers (2015),Comedy,150604,2015.0,Moonwalkers,2.5,1
150696,Tomorrow (2015),Documentary,150696,2015.0,Tomorrow,4.5,1
150993,Anacleto: Agente secreto (2015),Action|Comedy,150993,2015.0,Anacleto: Agente secreto,4.0,1
151311,Wiener-Dog (2016),Comedy,151311,2016.0,Wiener-Dog,3.0,1
151315,Ride Along 2 (2016),Action|Comedy,151315,2016.0,Ride Along 2,2.0,3
151317,Maggie's Plan (2015),Comedy,151317,2015.0,Maggie's Plan,2.0,1
151455,Eddie the Eagle (2016),Comedy,151455,2016.0,Eddie the Eagle,2.8333333333333335,3
151479,The Flash 2 - Revenge of the Trickster (1991),Action|Fantasy|Sci-Fi,151479,1991.0,The Flash 2 - Revenge of the Trickster,1.5,1
151501,Exposed (2016),Drama,151501,2016.0,Exposed,1.5,1
151557,Stonewall (2015),Drama,151557,2015.0,Stonewall,2.5,1
151559,Frankenstein (2015),Horror|Thriller,151559,2015.0,Frankenstein,2.0,1
151653,Welcome to Happiness (2015),Comedy|Drama|Fantasy,151653,2015.0,Welcome to Happiness,1.5,1
151687,Risen (2016),Children|Drama,151687,2016.0,Risen,0.5,1
151695,The Survivalist (2015),Drama|Sci-Fi|Thriller,151695,2015.0,The Survivalist,4.0,1
151739,Dirty Grandpa (2016),Comedy,151739,2016.0,Dirty Grandpa,2.875,4
151745,Reptilicus (1961),Horror|Sci-Fi,151745,1961.0,Reptilicus,0.5,1
151759,Requiem for the American Dream (2015),Documentary,151759,2015.0,Requiem for the American Dream,2.5,1
151763,Death Note Rewrite: Genshisuru Kami (2007),Mystery,151763,2007.0,Death Note Rewrite: Genshisuru Kami,4.0,2
151769,Three from Prostokvashino (1978),Animation,151769,1978.0,Three from Prostokvashino,5.0,1
151777,The Finest Hours (2016),Drama|Thriller,151777,2016.0,The Finest Hours,3.0,1
151781,Ghost in the Shell: Solid State Society (2006),Action|Animation|Crime|Sci-Fi|Thriller,151781,2006.0,Ghost in the Shell: Solid State Society,3.5,1
152037,Grease Live (2016),(no genres listed),152037,2016.0,Grease Live,2.0,2
152063,Gods of Egypt (2016),Adventure|Fantasy,152063,2016.0,Gods of Egypt,0.5,1
152065,Embrace of the Serpent (2016),Adventure|Drama,152065,2016.0,Embrace of the Serpent,3.5,1
152071,Race (2016),Drama,152071,2016.0,Race,1.5,1
152077,10 Cloverfield Lane (2016),Thriller,152077,2016.0,10 Cloverfield Lane,3.6785714285714284,14
152079,London Has Fallen (2016),Action|Crime|Thriller,152079,2016.0,London Has Fallen,2.0,2
152081,Zootopia (2016),Action|Adventure|Animation|Children|Comedy,152081,2016.0,Zootopia,3.890625,32
152083,Whiskey Tango Foxtrot (2016),Comedy|War,152083,2016.0,Whiskey Tango Foxtrot,3.3333333333333335,3
152085,Desierto (2016),Drama,152085,2016.0,Desierto,2.5,1
152091,The Brothers Grimsby (2016),Comedy,152091,2016.0,The Brothers Grimsby,3.125,4
152105,Dad's Army (1971),Comedy,152105,1971.0,Dad's Army,4.5,1
152173,Michael Jackson's Thriller (1983),Horror,152173,1983.0,Michael Jackson's Thriller,4.0,1
152270,The Wait (2015),Drama,152270,2015.0,The Wait,3.5,1
152284,War and Peace (2016),Drama|Romance,152284,2016.0,War and Peace,3.5,1
152372,Southbound (2016),Horror,152372,2016.0,Southbound,3.5,1
152591,Ip Man 3 (2015),Action,152591,2015.0,Ip Man 3,4.0,1
152658,Santa's Little Helper (2015),Children,152658,2015.0,Santa's Little Helper,1.5,1
152711,Who Killed Chea Vichea? (2010),Documentary,152711,2010.0,Who Killed Chea Vichea?,5.0,1
152970,Hunt for the Wilderpeople (2016),Adventure|Comedy,152970,2016.0,Hunt for the Wilderpeople,4.375,4
153070,Rabbits (2002),Comedy|Drama|Fantasy,153070,2002.0,Rabbits,3.5,1
153236,Genius Party (2007),Animation,153236,2007.0,Genius Party,3.0,1
153386,Long Live Ghosts! (1977),Children|Comedy|Fantasy,153386,1977.0,Long Live Ghosts!,3.0,1
153408,Tears for Sale (2008),Comedy|Drama|Fantasy,153408,2008.0,Tears for Sale,4.0,1
154065,Dad's Army (2016),Comedy,154065,2016.0,Dad's Army,2.0,1
154358,The Barkley Marathons: The Race That Eats Its Young (2015),Documentary,154358,2015.0,The Barkley Marathons: The Race That Eats Its Young,4.0,1
154975,Merci Patron ! (2016),Comedy|Documentary,154975,2016.0,Merci Patron !,4.0,1
155064,The Neon Demon (2016),Drama|Horror|Mystery,155064,2016.0,The Neon Demon,3.0,2
155168,Fraktus (2012),Comedy,155168,2012.0,Fraktus,4.0,1
155288,Eye in the Sky (2016),Drama|Thriller|War,155288,2016.0,Eye in the Sky,2.8333333333333335,3
155358,Camino (2016),Action|Adventure|Thriller,155358,2016.0,Camino,2.0,1
155509,Mr. Right (2016),Action|Comedy|Romance,155509,2016.0,Mr. Right,3.5,3
155589,Noin 7 veljestä (1968),(no genres listed),155589,1968.0,Noin 7 veljestä,3.0,1
155659,Florence Foster Jenkins (2016),Comedy|Drama,155659,2016.0,Florence Foster Jenkins,4.0,1
155743,My Big Fat Greek Wedding 2 (2016),Comedy,155743,2016.0,My Big Fat Greek Wedding 2,2.0,1
155774,Neon Bull (2015),Adventure,155774,2015.0,Neon Bull,3.5,1
155812,Get a Job (2016),Comedy,155812,2016.0,Get a Job,3.25,2
155820,Keanu (2016),Comedy,155820,2016.0,Keanu,2.5,2
155892,Me Him Her (2015),Comedy,155892,2015.0,Me Him Her,2.0,1
156025,Ice Age: The Great Egg-Scapade (2016),Adventure|Animation|Children|Comedy,156025,2016.0,Ice Age: The Great Egg-Scapade,5.0,1
156371,Everybody Wants Some (2016),Comedy,156371,2016.0,Everybody Wants Some,4.166666666666667,3
156387,Sing Street (2016),Drama,156387,2016.0,Sing Street,3.8333333333333335,3
156553,Zoom (2015),Animation|Comedy|Drama,156553,2015.0,Zoom,2.5,1
156605,Paterson,(no genres listed),156605,,Paterson,4.5,1
156607,The Huntsman Winter's War (2016),Action|Adventure|Drama|Fantasy,156607,2016.0,The Huntsman Winter's War,1.0,3
156609,Neighbors 2: Sorority Rising (2016),Comedy,156609,2016.0,Neighbors 2: Sorority Rising,2.6,5
156675,Project X (1968),Mystery|Sci-Fi,156675,1968.0,Project X,2.0,1
156706,The Trust (2016),Crime|Thriller,156706,2016.0,The Trust,2.5,1
156726,Hush (2016),Thriller,156726,2016.0,Hush,2.6666666666666665,3
156781,Jimmy Carr: Telling Jokes (2009),Comedy,156781,2009.0,Jimmy Carr: Telling Jokes,4.0,1
156783,Jimmy Carr: Making People Laugh (2010),Comedy,156783,2010.0,Jimmy Carr: Making People Laugh,2.5,1
157108,Texas - Doc Snyder hält die Welt in Atem (1993),Comedy|Western,157108,1993.0,Texas - Doc Snyder hält die Welt in Atem,4.5,1
157110,00 Schneider - Jagd auf Nihil Baxter (1994),Comedy|Crime,157110,1994.0,00 Schneider - Jagd auf Nihil Baxter,4.5,1
157122,The Man Who Knew Infinity (2016),Drama,157122,2016.0,The Man Who Knew Infinity,3.0,1
157130,Despite the Falling Snow (2016),Drama|Romance|Thriller,157130,2016.0,Despite the Falling Snow,2.0,1
157172,Wizards of the Lost Kingdom II (1989),Action|Fantasy,157172,1989.0,Wizards of the Lost Kingdom II,0.5,1
157200,Money Monster (2016),Drama|Thriller,157200,2016.0,Money Monster,2.25,2
157270,Barbershop: The Next Cut (2016),Comedy,157270,2016.0,Barbershop: The Next Cut,2.5,1
157296,Finding Dory (2016),Adventure|Animation|Comedy,157296,2016.0,Finding Dory,3.576923076923077,13
157312,The Boss (2016),Comedy,157312,2016.0,The Boss,2.6666666666666665,3
157340,The Angry Birds Movie (2016),Animation|Comedy,157340,2016.0,The Angry Birds Movie,2.5,1
157369,Bakuman (2015),Comedy|Drama,157369,2015.0,Bakuman,4.0,1
157407,I Am Wrath (2016),Action|Crime|Drama|Thriller,157407,2016.0,I Am Wrath,1.5,1
157432,Precious Cargo (2016),Action|Crime,157432,2016.0,Precious Cargo,1.0,1
157699,Snowden (2016),Drama|Thriller,157699,2016.0,Snowden,3.8333333333333335,6
157775,Tenchi Muyô! In Love (1996),Animation|Comedy,157775,1996.0,Tenchi Muyô! In Love,5.0,1
157865,Ratchet & Clank (2016),Action|Adventure|Animation|Children|Comedy|Sci-Fi,157865,2016.0,Ratchet & Clank,1.5,1
158022,Kicking Off (2016),Comedy,158022,2016.0,Kicking Off,1.5,1
158027,SORI: Voice from the Heart (2016),Drama|Sci-Fi,158027,2016.0,SORI: Voice from the Heart,5.0,1
158035,Gintama: The Final Chapter - Be Forever Yorozuya (2013),Action|Animation|Comedy,158035,2013.0,Gintama: The Final Chapter - Be Forever Yorozuya,3.5,1
158238,The Nice Guys (2016),Crime|Mystery|Thriller,158238,2016.0,The Nice Guys,3.8333333333333335,15
158254,Kindergarten Cop 2 (2016),Action|Comedy,158254,2016.0,Kindergarten Cop 2,1.5,1
158388,Buck Rogers in the 25th Century (1979),Sci-Fi,158388,1979.0,Buck Rogers in the 25th Century,2.5,1
158398,World of Glory (1991),Comedy,158398,1991.0,World of Glory,5.0,1
158402,The Crew (2016),Action,158402,2016.0,The Crew,2.5,1
158528,The Shallows (2016),Drama|Thriller,158528,2016.0,The Shallows,2.5,1
158721,Gen-X Cops (1999),Action|Comedy|Thriller,158721,1999.0,Gen-X Cops,3.5,1
158783,The Handmaiden (2016),Drama|Romance|Thriller,158783,2016.0,The Handmaiden,2.6666666666666665,3
158813,Alice Through the Looking Glass (2016),Adventure|Children|Fantasy,158813,2016.0,Alice Through the Looking Glass,2.0,4
158830,The BFG (2016),Children|Fantasy,158830,2016.0,The BFG,2.5,1
158842,My Scientology Movie (2016),Documentary,158842,2016.0,My Scientology Movie,3.5,1
158872,Sausage Party (2016),Animation|Comedy,158872,2016.0,Sausage Party,3.642857142857143,7
158874,Karate Bullfighter (1975),Action|Drama,158874,1975.0,Karate Bullfighter,3.0,1
158882,All Yours (2016),Comedy|Drama|Romance,158882,2016.0,All Yours,5.0,1
158956,Kill Command (2016),Action|Horror|Sci-Fi,158956,2016.0,Kill Command,2.5,2
158966,Captain Fantastic (2016),Drama,158966,2016.0,Captain Fantastic,4.5,5
158972,Toni Erdmann (2016),Drama,158972,2016.0,Toni Erdmann,3.6666666666666665,3
159061,The Wailing (2016),Mystery|Thriller,159061,2016.0,The Wailing,3.0,1
159069,Comedy of the Strict Regime (1993),Comedy,159069,1993.0,Comedy of the Strict Regime,4.5,1
159077,The Meddler (2016),Comedy|Drama,159077,2016.0,The Meddler,2.5,1
159093,Now You See Me 2 (2016),Action|Comedy|Thriller,159093,2016.0,Now You See Me 2,3.6363636363636362,11
159161,Ali Wong: Baby Cobra (2016),(no genres listed),159161,2016.0,Ali Wong: Baby Cobra,4.5,1
159193,Café Society (2016),Comedy|Drama|Romance,159193,2016.0,Café Society,3.0,1
159403,Neo Tokyo (1987),Adventure|Animation|Fantasy|Horror|Sci-Fi,159403,1987.0,Neo Tokyo,3.0,1
159415,Swiss Army Man (2016),Comedy|Drama|Romance,159415,2016.0,Swiss Army Man,3.25,2
159441,The Do-Over (2016),Comedy,159441,2016.0,The Do-Over,3.5,2
159510,Death Smiles on a Murderer (1973),Horror,159510,1973.0,Death Smiles on a Murderer,2.0,1
159690,Teenage Mutant Ninja Turtles: Out of the Shadows (2016),Action|Adventure|Comedy,159690,2016.0,Teenage Mutant Ninja Turtles: Out of the Shadows,2.0,1
159717,The Fundamentals of Caring (2016),Drama,159717,2016.0,The Fundamentals of Caring,3.75,2
159755,Popstar: Never Stop Never Stopping (2016),Comedy,159755,2016.0,Popstar: Never Stop Never Stopping,2.75,2
159779,A Midsummer Night's Dream (2016),(no genres listed),159779,2016.0,A Midsummer Night's Dream,4.0,1
159811,The Bremen Town Musicians (1969),Animation|Drama|Fantasy,159811,1969.0,The Bremen Town Musicians,5.0,1
159817,Planet Earth (2006),Documentary,159817,2006.0,Planet Earth,4.214285714285714,7
159849,Bo Burnham: Make Happy (2016),Comedy,159849,2016.0,Bo Burnham: Make Happy,2.5,1
159858,The Conjuring 2 (2016),Horror,159858,2016.0,The Conjuring 2,2.25,2
159976,Pelé: Birth of a Legend (2016),Drama,159976,2016.0,Pelé: Birth of a Legend,4.5,1
160080,Ghostbusters (2016),Action|Comedy|Horror|Sci-Fi,160080,2016.0,Ghostbusters,3.125,8
160271,Central Intelligence (2016),Action|Comedy,160271,2016.0,Central Intelligence,3.625,4
160289,O.J.: Made in America (2016),Documentary,160289,2016.0,O.J.: Made in America,4.5,1
160341,Bloodmoon (1997),Action|Thriller,160341,1997.0,Bloodmoon,2.5,1
160400,Genius (2016),Drama,160400,2016.0,Genius,3.0,1
160422,The Wooden Horse (1950),Drama|War,160422,1950.0,The Wooden Horse,3.0,1
160438,Jason Bourne (2016),Action,160438,2016.0,Jason Bourne,2.7222222222222223,9
160440,The Maid's Room (2014),Thriller,160440,2014.0,The Maid's Room,1.5,1
160527,Sympathy for the Underdog (1971),Action|Crime|Drama,160527,1971.0,Sympathy for the Underdog,4.5,1
160563,The Legend of Tarzan (2016),Action|Adventure,160563,2016.0,The Legend of Tarzan,3.0833333333333335,6
160565,The Purge: Election Year (2016),Action|Horror|Sci-Fi,160565,2016.0,The Purge: Election Year,2.75,2
160567,Mike & Dave Need Wedding Dates (2016),Comedy,160567,2016.0,Mike & Dave Need Wedding Dates,3.3333333333333335,3
160569,Ice Age: Collision Course (2016),Adventure|Animation|Children|Comedy,160569,2016.0,Ice Age: Collision Course,1.0,1
160571,Lights Out (2016),Horror,160571,2016.0,Lights Out,3.0,2
160573,Pete's Dragon (2016),Adventure|Children|Fantasy,160573,2016.0,Pete's Dragon,3.0,1
160644,Indignation (2016),Drama,160644,2016.0,Indignation,5.0,1
160646,Goat (2016),Drama,160646,2016.0,Goat,2.5,1
160684,Marauders (2016),Action,160684,2016.0,Marauders,3.5,1
160718,Piper (2016),Animation,160718,2016.0,Piper,4.5,2
160730,The Adderall Diaries (2015),Action|Drama|Thriller,160730,2015.0,The Adderall Diaries,2.0,1
160836,Hazard (2005),Action|Drama|Thriller,160836,2005.0,Hazard,3.0,1
160848,The Red Turtle (2016),Animation,160848,2016.0,The Red Turtle,4.5,1
160872,Satanic (2016),Horror,160872,2016.0,Satanic,0.5,1
160954,Nerve (2016),Drama|Thriller,160954,2016.0,Nerve,2.625,4
160978,Hellevator (2004),Horror|Sci-Fi,160978,2004.0,Hellevator,1.0,1
160980,Sully (2016),Drama,160980,2016.0,Sully,3.1666666666666665,6
161008,The Forbidden Dance (1990),(no genres listed),161008,1990.0,The Forbidden Dance,2.5,1
161024,Jim Jefferies: Freedumb (2016),Comedy,161024,2016.0,Jim Jefferies: Freedumb,4.5,1
161032,The Grandmother (1970),Action|Drama,161032,1970.0,The Grandmother,2.5,1
161044,Webmaster (1998),Sci-Fi,161044,1998.0,Webmaster,3.0,1
161127,The Infiltrator (2016),Crime|Drama,161127,2016.0,The Infiltrator,3.75,2
161131,War Dogs (2016),Comedy,161131,2016.0,War Dogs,3.625,8
161290,Vigilante Diaries (2016),Action,161290,2016.0,Vigilante Diaries,1.0,1
161354,Batman: The Killing Joke (2016),Action|Animation|Crime|Drama,161354,2016.0,Batman: The Killing Joke,3.0,1
161580,Bad Moms (2016),Comedy,161580,2016.0,Bad Moms,3.8333333333333335,3
161582,Hell or High Water (2016),Crime|Drama,161582,2016.0,Hell or High Water,3.5625,8
161594,Kingsglaive: Final Fantasy XV (2016),Action|Adventure|Animation|Drama|Fantasy|Sci-Fi,161594,2016.0,Kingsglaive: Final Fantasy XV,3.5,1
161634,Don't Breathe (2016),Thriller,161634,2016.0,Don't Breathe,3.3,5
161830,Body (2015),Drama|Horror|Thriller,161830,2015.0,Body,1.0,1
161918,Sharknado 4: The 4th Awakens (2016),Action|Adventure|Horror|Sci-Fi,161918,2016.0,Sharknado 4: The 4th Awakens,1.5,1
161922,The Edge of Seventeen (2016),Comedy,161922,2016.0,The Edge of Seventeen,3.25,2
161966,Elle (2016),Thriller,161966,2016.0,Elle,4.0,1
162082,Train to Busan (2016),Action|Thriller,162082,2016.0,Train to Busan,3.5,1
162344,Tom Segura: Mostly Stories (2016),Comedy,162344,2016.0,Tom Segura: Mostly Stories,5.0,1
162350,The Magnificent Seven (2016),Action|Western,162350,2016.0,The Magnificent Seven,3.5833333333333335,6
162414,Moonlight,Drama,162414,,Moonlight,5.0,1
162478,Masterminds (2016),Action|Comedy|Crime,162478,2016.0,Masterminds,4.0,3
162578,Kubo and the Two Strings (2016),Adventure|Animation|Children|Fantasy,162578,2016.0,Kubo and the Two Strings,4.0,6
162590,Bridget Jones's Baby (2016),Comedy|Romance,162590,2016.0,Bridget Jones's Baby,1.0,1
162598,Deepwater Horizon (2016),Drama,162598,2016.0,Deepwater Horizon,3.5,1
162600,Miss Peregrine's Home for Peculiar Children (2016),Fantasy,162600,2016.0,Miss Peregrine's Home for Peculiar Children,3.0,3
162602,The Girl on the Train (2016),Thriller,162602,2016.0,The Girl on the Train,4.5,1
162606,The Accountant (2016),Crime|Drama|Thriller,162606,2016.0,The Accountant,3.0,6
162828,Imperium (2016),Crime|Drama|Thriller,162828,2016.0,Imperium,2.5,1
162968,Kizumonogatari Part 1: Tekketsu (2016),Action|Animation|Mystery,162968,2016.0,Kizumonogatari Part 1: Tekketsu,4.0,1
162982,Steins;Gate the Movie: The Burden of Déjà vu (2013),Animation|Drama|Sci-Fi,162982,2013.0,Steins;Gate the Movie: The Burden of Déjà vu,3.0,1
163056,Shin Godzilla (2016),Action|Adventure|Fantasy|Sci-Fi,163056,2016.0,Shin Godzilla,4.0,1
163072,Winnie Pooh (1969),Animation|Children,163072,1969.0,Winnie Pooh,5.0,1
163112,Winnie the Pooh Goes Visiting (1971),Animation,163112,1971.0,Winnie the Pooh Goes Visiting,5.0,1
163134,Your Name. (2016),Animation|Drama|Fantasy|Romance,163134,2016.0,Your Name.,4.0,3
163386,Winnie the Pooh and the Day of Concern (1972),Animation,163386,1972.0,Winnie the Pooh and the Day of Concern,5.0,1
163527,Comedy Central Roast of David Hasselhoff (2010),Comedy,163527,2010.0,Comedy Central Roast of David Hasselhoff,4.0,1
163639,DC Super Hero Girls: Hero of the Year (2016),Animation,163639,2016.0,DC Super Hero Girls: Hero of the Year,4.0,1
163645,Hacksaw Ridge (2016),Drama|War,163645,2016.0,Hacksaw Ridge,3.9375,8
163653,David Cross: Making America Great Again (2016),Comedy,163653,2016.0,David Cross: Making America Great Again,3.0,1
163809,Over the Garden Wall (2013),Adventure|Animation|Drama,163809,2013.0,Over the Garden Wall,2.5,1
163925,"Wings, Legs and Tails (1986)",Animation|Comedy,163925,1986.0,"Wings, Legs and Tails",5.0,1
163937,Blair Witch (2016),Horror|Thriller,163937,2016.0,Blair Witch,3.5,1
163981,31 (2016),Horror,163981,2016.0,31,3.5,1
163985,ARQ (2016),Sci-Fi|Thriller,163985,2016.0,ARQ,4.5,1
164179,Arrival (2016),Sci-Fi,164179,2016.0,Arrival,3.980769230769231,26
164200,Storks (2016),Animation|Children|Comedy,164200,2016.0,Storks,4.0,2
164226,Maximum Ride (2016),Action|Adventure|Comedy|Fantasy|Sci-Fi|Thriller,164226,2016.0,Maximum Ride,4.5,1
164280,Endless Poetry (2016),Drama|Fantasy,164280,2016.0,Endless Poetry,3.5,1
164367,The Girl with All the Gifts (2016),Drama|Horror|Sci-Fi|Thriller,164367,2016.0,The Girl with All the Gifts,5.0,1
164375,All Roads Lead to Rome (2016),Comedy,164375,2016.0,All Roads Lead to Rome,1.5,1
164540,Amanda Knox (2016),Documentary,164540,2016.0,Amanda Knox,3.5,1
164647,Dirty 30 (2016),Comedy|Romance,164647,2016.0,Dirty 30,2.5,1
164655,Gimme Danger (2016),Documentary,164655,2016.0,Gimme Danger,2.0,1
164707,Go Figure (2005),Children|Comedy|Drama,164707,2005.0,Go Figure,4.0,1
164753,Anything for Love (2016),Romance,164753,2016.0,Anything for Love,2.0,1
164881,Night Guards (2016),Action|Sci-Fi,164881,2016.0,Night Guards,1.5,1
164909,La La Land (2016),Comedy|Drama|Romance,164909,2016.0,La La Land,3.388888888888889,9
164917,13th (2016),Documentary,164917,2016.0,13th,4.5,2
165075,London Town (2016),Drama,165075,2016.0,London Town,2.5,1
165101,Inferno (2016),Mystery|Thriller,165101,2016.0,Inferno,2.875,4
165103,Keeping Up with the Joneses (2016),Comedy,165103,2016.0,Keeping Up with the Joneses,3.75,2
165139,Wild Oats (2016),Comedy,165139,2016.0,Wild Oats,2.0,1
165343,The Rocky Horror Picture Show: Let's Do the Time Warp Again (2016),Comedy|Horror|Sci-Fi|Thriller,165343,2016.0,The Rocky Horror Picture Show: Let's Do the Time Warp Again,1.5,1
165347,Jack Reacher: Never Go Back (2016),Action|Crime|Drama|Mystery|Thriller,165347,2016.0,Jack Reacher: Never Go Back,2.0,1
165483,Joe Rogan: Triggered (2016),Comedy,165483,2016.0,Joe Rogan: Triggered,4.0,1
165489,Ethel & Ernest (2016),(no genres listed),165489,2016.0,Ethel & Ernest,2.5,1
165529,Flowers for Algernon (2000),Drama,165529,2000.0,Flowers for Algernon,2.0,1
165549,Manchester by the Sea (2016),Drama,165549,2016.0,Manchester by the Sea,2.9,5
165551,Lion (2016),Drama,165551,2016.0,Lion,4.5,1
165635,The Thinning (2016),Thriller,165635,2016.0,The Thinning,1.0,1
165639,While You Were Fighting: A Thor Mockumentary (2016),Comedy|Fantasy|Sci-Fi,165639,2016.0,While You Were Fighting: A Thor Mockumentary,3.8333333333333335,3
165645,Bad Santa 2 (2016),Comedy,165645,2016.0,Bad Santa 2,0.5,1
165671,Ice Guardians (2016),Documentary,165671,2016.0,Ice Guardians,4.5,1
165843,Risk (2016),Documentary,165843,2016.0,Risk,4.0,1
165947,The True Memoirs of an International Assassin (2016),Action|Comedy,165947,2016.0,The True Memoirs of an International Assassin,3.25,2
165959,Alesha Popovich and Tugarin the Dragon (2004),Animation|Comedy|Drama,165959,2004.0,Alesha Popovich and Tugarin the Dragon,5.0,1
165969,HyperNormalisation (2016),Documentary,165969,2016.0,HyperNormalisation,4.0,2
166015,The African Doctor (2016),Comedy|Drama,166015,2016.0,The African Doctor,3.5,1
166024,Whiplash (2013),(no genres listed),166024,2013.0,Whiplash,4.75,2
166183,Junior and Karlson (1968),Adventure|Animation|Children,166183,1968.0,Junior and Karlson,5.0,1
166203,Sapphire Blue (2014),Adventure|Children|Fantasy|Sci-Fi,166203,2014.0,Sapphire Blue,4.0,1
166291,A Silent Voice (2016),Animation|Drama|Romance,166291,2016.0,A Silent Voice,4.0,2
166461,Moana (2016),Adventure|Animation|Children|Comedy|Fantasy,166461,2016.0,Moana,3.45,10
166492,Office Christmas Party (2016),Comedy,166492,2016.0,Office Christmas Party,3.5,3
166526,The Space Between Us (2016),Adventure|Sci-Fi,166526,2016.0,The Space Between Us,1.0,1
166528,Rogue One: A Star Wars Story (2016),Action|Adventure|Fantasy|Sci-Fi,166528,2016.0,Rogue One: A Star Wars Story,3.925925925925926,27
166534,Split (2017),Drama|Horror|Thriller,166534,2017.0,Split,3.3333333333333335,6
166558,Underworld: Blood Wars (2016),Action|Horror,166558,2016.0,Underworld: Blood Wars,3.0,1
166568,Miss Sloane (2016),Thriller,166568,2016.0,Miss Sloane,4.5,2
166635,Passengers (2016),Adventure|Drama|Romance|Sci-Fi,166635,2016.0,Passengers,3.6666666666666665,6
166643,Hidden Figures (2016),Drama,166643,2016.0,Hidden Figures,3.8,10
166705,Fences (2016),Drama,166705,2016.0,Fences,3.0,1
166946,The Founder (2016),Drama,166946,2016.0,The Founder,4.25,2
167018,Why Him? (2016),Comedy,167018,2016.0,Why Him?,3.125,4
167036,Sing (2016),Animation|Children|Comedy,167036,2016.0,Sing,3.75,4
167064,I Am Not Your Negro (2017),Documentary,167064,2017.0,I Am Not Your Negro,5.0,1
167296,Iron Man (1931),Drama,167296,1931.0,Iron Man,0.5,1
167370,Assassin's Creed (2016),Action|Adventure|Sci-Fi,167370,2016.0,Assassin's Creed,2.5,2
167380,A Dog's Purpose (2017),Comedy|Drama,167380,2017.0,A Dog's Purpose,4.5,1
167538,Microwave Massacre (1983),Horror,167538,1983.0,Microwave Massacre,1.0,1
167570,The OA,(no genres listed),167570,,The OA,4.0,1
167634,Fist Fight (2017),Comedy,167634,2017.0,Fist Fight,4.5,1
167706,Shakespeare Behind Bars (2005),Documentary,167706,2005.0,Shakespeare Behind Bars,2.5,1
167732,A Street Cat Named Bob (2016),Comedy|Drama,167732,2016.0,A Street Cat Named Bob,3.5,1
167746,The Lego Batman Movie (2017),Action|Animation|Comedy,167746,2017.0,The Lego Batman Movie,3.7142857142857144,7
167772,The Spirit of Christmas (1995),Animation|Comedy,167772,1995.0,The Spirit of Christmas,1.5,1
167790,The Good Boy (2016),Children|Comedy|Drama,167790,2016.0,The Good Boy,3.5,1
167854,"Dana Carvey: Straight White Male, 60 (2016)",Comedy,167854,2016.0,"Dana Carvey: Straight White Male, 60",4.5,1
168026,Marvel One-Shot: Agent Carter (2013),Action|Adventure|Fantasy|Sci-Fi,168026,2013.0,Marvel One-Shot: Agent Carter,4.0,1
168090,Kizumonogatari II: Passionate Blood (2016),Animation|Fantasy|Mystery,168090,2016.0,Kizumonogatari II: Passionate Blood,4.0,1
168144,Joe Rogan: Live (2006),Comedy,168144,2006.0,Joe Rogan: Live,4.0,1
168174,Jim Gaffigan: Cinco (2017),Comedy,168174,2017.0,Jim Gaffigan: Cinco,3.0,1
168218,Kizumonogatari III: Cold Blood (2017),Animation|Fantasy|Mystery,168218,2017.0,Kizumonogatari III: Cold Blood,4.5,1
168248,John Wick: Chapter Two (2017),Action|Crime|Thriller,168248,2017.0,John Wick: Chapter Two,4.142857142857143,7
168250,Get Out (2017),Horror,168250,2017.0,Get Out,3.6333333333333333,15
168252,Logan (2017),Action|Sci-Fi,168252,2017.0,Logan,4.28,25
168254,Kong: Skull Island (2017),Action|Adventure|Fantasy,168254,2017.0,Kong: Skull Island,3.125,4
168266,T2: Trainspotting (2017),Crime|Drama,168266,2017.0,T2: Trainspotting,3.75,4
168326,The Big Sick (2017),Comedy|Romance,168326,2017.0,The Big Sick,4.0,4
168350,100 Streets (2016),Drama,168350,2016.0,100 Streets,2.5,1
168358,Saturn 3 (1980),Sci-Fi|Thriller,168358,1980.0,Saturn 3,2.5,1
168366,Beauty and the Beast (2017),Fantasy|Romance,168366,2017.0,Beauty and the Beast,3.5,2
168418,The Boss Baby (2017),Animation|Children|Comedy,168418,2017.0,The Boss Baby,3.8,5
168456,Mercury Plains (2016),Action|Adventure|Drama,168456,2016.0,Mercury Plains,2.0,1
168492,Call Me by Your Name (2017),Drama|Romance,168492,2017.0,Call Me by Your Name,3.75,4
168608,Mudbound (2017),Drama,168608,2017.0,Mudbound,3.0,1
168612,Ghost in the Shell (2017),Action|Drama|Sci-Fi,168612,2017.0,Ghost in the Shell,3.75,2
168632,Bill Burr: Walk Your Way Out (2017),Comedy,168632,2017.0,Bill Burr: Walk Your Way Out,4.0,1
168712,Fifty Shades Darker (2017),Drama|Romance,168712,2017.0,Fifty Shades Darker,1.0,1
168846,Neal Brennan: 3 Mics (2017),Comedy,168846,2017.0,Neal Brennan: 3 Mics,4.5,1
169034,Lemonade (2016),(no genres listed),169034,2016.0,Lemonade,4.5,1
169180,American Fable (2017),Thriller,169180,2017.0,American Fable,2.5,1
169670,The Void (2016),Horror,169670,2016.0,The Void,1.5,1
169904,Guyver: Dark Hero (1994),Sci-Fi,169904,1994.0,Guyver: Dark Hero,2.0,1
169912,Denis Leary: No Cure for Cancer (1993),Comedy,169912,1993.0,Denis Leary: No Cure for Cancer,3.0,2
169958,Buster's Mal Heart (2017),Drama|Mystery,169958,2017.0,Buster's Mal Heart,1.0,1
169982,Power Rangers (2017),Action|Adventure|Sci-Fi,169982,2017.0,Power Rangers,3.0,1
169984,Alien: Covenant (2017),Action|Horror|Sci-Fi|Thriller,169984,2017.0,Alien: Covenant,2.8,5
169992,Free Fire (2017),Action|Crime|Drama,169992,2017.0,Free Fire,3.5,1
170289,Species III (2004),Action|Horror|Sci-Fi,170289,2004.0,Species III,1.0,1
170297,Ultimate Avengers 2 (2006),Action|Animation|Sci-Fi,170297,2006.0,Ultimate Avengers 2,2.0,1
170355,Mulholland Dr. (1999),Drama|Mystery|Romance,170355,1999.0,Mulholland Dr.,3.75,2
170357,Dave Chappelle: The Age of Spin (2017),Comedy,170357,2017.0,Dave Chappelle: The Age of Spin,4.0,1
170399,CHiPS (2017),Action|Comedy|Drama,170399,2017.0,CHiPS,4.0,1
170401,Table 19 (2017),Comedy|Drama,170401,2017.0,Table 19,3.0,1
170411,Dave Chappelle: Deep in the Heart of Texas (2017),Comedy,170411,2017.0,Dave Chappelle: Deep in the Heart of Texas,4.0,1
170551,The Quiet Family (1998),Comedy,170551,1998.0,The Quiet Family,2.5,1
170597,A Plasticine Crow (1981),Animation,170597,1981.0,A Plasticine Crow,5.0,1
170697,Gifted (2017),Drama,170697,2017.0,Gifted,4.125,4
170705,Band of Brothers (2001),Action|Drama|War,170705,2001.0,Band of Brothers,4.285714285714286,7
170777,There Once Was a Dog (1982),Animation|Children|Comedy,170777,1982.0,There Once Was a Dog,5.0,1
170813,Baywatch (2017),Action|Comedy,170813,2017.0,Baywatch,3.0,3
170817,Snatched (2017),Action|Comedy,170817,2017.0,Snatched,4.0,1
170827,The Mummy (2017),Action|Adventure|Fantasy|Horror|Thriller,170827,2017.0,The Mummy,3.5,1
170837,Life-Size (2000),Children|Comedy|Fantasy,170837,2000.0,Life-Size,4.0,1
170875,The Fate of the Furious (2017),Action|Crime|Drama|Thriller,170875,2017.0,The Fate of the Furious,2.3333333333333335,3
170897,Sandy Wexler (2017),Comedy,170897,2017.0,Sandy Wexler,2.0,1
170907,Betting on Zero (2016),Documentary,170907,2016.0,Betting on Zero,4.0,1
170937,Win It All (2017),Comedy,170937,2017.0,Win It All,3.0,1
170939,Captain Underpants: The First Epic Movie (2017),Action|Animation|Children|Comedy,170939,2017.0,Captain Underpants: The First Epic Movie,3.5,1
170945,It Comes at Night (2017),Horror|Mystery|Thriller,170945,2017.0,It Comes at Night,3.5,1
170957,Cars 3 (2017),Adventure|Animation|Comedy,170957,2017.0,Cars 3,3.0,1
170993,Mini's First Time (2006),Comedy|Crime|Drama,170993,2006.0,Mini's First Time,4.0,1
171011,Planet Earth II (2016),Documentary,171011,2016.0,Planet Earth II,4.2,5
171023,The Hero (2017),Drama,171023,2017.0,The Hero,4.0,1
171251,"Nobody Speak: Hulk Hogan, Gawker and Trials of a Free Press (2017)",Documentary,171251,2017.0,"Nobody Speak: Hulk Hogan, Gawker and Trials of a Free Press",4.0,1
171495,Cosmos,(no genres listed),171495,,Cosmos,4.5,2
171631,Maria Bamford: Old Baby,(no genres listed),171631,,Maria Bamford: Old Baby,1.0,1
171695,Robin Williams: Live on Broadway (2002),Comedy,171695,2002.0,Robin Williams: Live on Broadway,3.0,1
171701,The Death of Louis XIV (2016),Drama,171701,2016.0,The Death of Louis XIV,3.5,1
171749,Death Note: Desu nôto (2006–2007),(no genres listed),171749,,Death Note: Desu nôto (2006–2007),5.0,1
171751,Munna bhai M.B.B.S. (2003),Comedy,171751,2003.0,Munna bhai M.B.B.S.,2.5,1
171759,The Beguiled (2017),Drama|Thriller|Western,171759,2017.0,The Beguiled,3.0,1
171763,Baby Driver (2017),Action|Crime|Thriller,171763,2017.0,Baby Driver,4.333333333333333,9
171765,Okja (2017),Action|Adventure|Drama|Sci-Fi,171765,2017.0,Okja,3.75,2
171811,Embassy (2013),Comedy|Sci-Fi|War,171811,2013.0,Embassy,4.0,1
171867,Rough Night (2017),Comedy|Drama,171867,2017.0,Rough Night,3.25,2
171891,Generation Iron 2,(no genres listed),171891,,Generation Iron 2,3.5,1
171917,Mystère à la Tour Eiffel (2015),Drama|Mystery|Thriller,171917,2015.0,Mystère à la Tour Eiffel,4.5,1
172013,Stefan Zweig: Farewell to Europe (2016),Drama,172013,2016.0,Stefan Zweig: Farewell to Europe,3.0,1
172215,Saved by the Bell: Hawaiian Style (1992),Comedy,172215,1992.0,Saved by the Bell: Hawaiian Style,2.75,2
172229,Plain Clothes (1988),Comedy|Mystery|Romance|Thriller,172229,1988.0,Plain Clothes,3.0,1
172233,The Prime Gig (2000),Drama|Romance,172233,2000.0,The Prime Gig,2.5,1
172253,The Night Before (1988),Comedy,172253,1988.0,The Night Before,3.0,1
172321,Late Night with Conan O'Brien: The Best of Triumph the Insult Comic Dog (2004),Comedy,172321,2004.0,Late Night with Conan O'Brien: The Best of Triumph the Insult Comic Dog,2.0,1
172461,Get Me Roger Stone (2017),Documentary,172461,2017.0,Get Me Roger Stone,3.0,1
172497,T2 3-D: Battle Across Time (1996),(no genres listed),172497,1996.0,T2 3-D: Battle Across Time,4.0,1
172547,Despicable Me 3 (2017),Adventure|Animation|Children|Comedy,172547,2017.0,Despicable Me 3,2.25,2
172577,Last Year's Snow Was Falling (1983),Animation|Children|Comedy|Fantasy,172577,1983.0,Last Year's Snow Was Falling,5.0,1
172583,Investigation Held by Kolobki (1986),Animation,172583,1986.0,Investigation Held by Kolobki,5.0,1
172585,Karlson Returns (1970),Adventure|Animation|Children,172585,1970.0,Karlson Returns,5.0,1
172587,Vacations in Prostokvashino (1980),Animation,172587,1980.0,Vacations in Prostokvashino,5.0,1
172589,Winter in Prostokvashino (1984),Animation,172589,1984.0,Winter in Prostokvashino,5.0,1
172591,The Godfather Trilogy: 1972-1990 (1992),(no genres listed),172591,1992.0,The Godfather Trilogy: 1972-1990,4.75,2
172637,Priklyucheniya Kapitana Vrungelya (1979),Action|Adventure|Animation|Comedy,172637,1979.0,Priklyucheniya Kapitana Vrungelya,5.0,1
172705,Tickling Giants (2017),Documentary,172705,2017.0,Tickling Giants,5.0,1
172793,Vovka in the Kingdom of Far Far Away (1965),Adventure|Animation|Children|Fantasy,172793,1965.0,Vovka in the Kingdom of Far Far Away,5.0,1
172825,Adventures of Mowgli: The Kidnapping (1968),Adventure|Animation|Children,172825,1968.0,Adventures of Mowgli: The Kidnapping,4.5,1
172875,A Detective Story (2003),Animation|Sci-Fi,172875,2003.0,A Detective Story,5.0,1
172881,Final Flight of the Osiris (2003),Action|Animation|Sci-Fi,172881,2003.0,Final Flight of the Osiris,3.5,1
172887,Kid's Story (2003),Animation|Sci-Fi,172887,2003.0,Kid's Story,3.0,1
172909,Cheburashka (1971),Animation,172909,1971.0,Cheburashka,5.0,1
173145,War for the Planet of the Apes (2017),Action|Adventure|Drama|Sci-Fi,173145,2017.0,War for the Planet of the Apes,2.875,4
173197,The Square (2017),Drama,173197,2017.0,The Square,4.25,2
173205,The Meyerowitz Stories (2017),Comedy,173205,2017.0,The Meyerowitz Stories,4.0,1
173209,War Machine (2017),Comedy|Drama|War,173209,2017.0,War Machine,4.0,1
173235,Tokyo Idols (2017),Documentary,173235,2017.0,Tokyo Idols,4.5,1
173253,Vir Das: Abroad Understanding (2017),Comedy,173253,2017.0,Vir Das: Abroad Understanding,3.5,1
173255,"Norm Macdonald: Hitler's Dog, Gossip & Trickery (2017)",Comedy,173255,2017.0,"Norm Macdonald: Hitler's Dog, Gossip & Trickery",2.5,1
173291,Valerian and the City of a Thousand Planets (2017),Action|Adventure|Sci-Fi,173291,2017.0,Valerian and the City of a Thousand Planets,2.875,4
173307,The Gracefield Incident (2015),Action|Horror|Sci-Fi,173307,2015.0,The Gracefield Incident,0.5,1
173317,Shadow World (2016),Documentary,173317,2016.0,Shadow World,4.5,1
173351,Wow! A Talking Fish! (1983),Animation|Children|Comedy|Fantasy,173351,1983.0,Wow! A Talking Fish!,5.0,1
173355,Travels of an Ant (1983),Animation,173355,1983.0,Travels of an Ant,5.0,1
173535,The Adventures of Sherlock Holmes and Doctor Watson: The Hunt for the Tiger (1980),(no genres listed),173535,1980.0,The Adventures of Sherlock Holmes and Doctor Watson: The Hunt for the Tiger,4.5,1
173619,Fugitives (1986),Comedy|Crime,173619,1986.0,Fugitives,5.0,1
173751,Tiger Raid (2016),Thriller,173751,2016.0,Tiger Raid,2.0,1
173873,Gulliver's Travels (1996),Adventure|Children|Fantasy,173873,1996.0,Gulliver's Travels,2.0,1
173925,Seven Sisters (2017),Sci-Fi|Thriller,173925,2017.0,Seven Sisters,4.25,2
173941,Atomic Blonde (2017),Thriller,173941,2017.0,Atomic Blonde,3.0,1
173963,Empties (2007),Comedy,173963,2007.0,Empties,5.0,1
174045,Goon: Last of the Enforcers (2017),Comedy,174045,2017.0,Goon: Last of the Enforcers,4.0,1
174053,Black Mirror: White Christmas (2014),Drama|Horror|Mystery|Sci-Fi|Thriller,174053,2014.0,Black Mirror: White Christmas,4.75,4
174055,Dunkirk (2017),Action|Drama|Thriller|War,174055,2017.0,Dunkirk,3.423076923076923,13
174141,Belladonna of Sadness (1973),Animation|Drama|Fantasy,174141,1973.0,Belladonna of Sadness,3.5,1
174403,The Putin Interviews (2017),(no genres listed),174403,2017.0,The Putin Interviews,2.5,1
174479,Unedited Footage of a Bear (2014),Horror|Thriller,174479,2014.0,Unedited Footage of a Bear,4.0,1
174551,Obsession (1965),Comedy,174551,1965.0,Obsession,5.0,1
174681,"Oh, Hello: On Broadway (2017)",Comedy,174681,2017.0,"Oh, Hello: On Broadway",3.5,1
174727,Good Time (2017),Crime|Drama,174727,2017.0,Good Time,3.0,1
174737,Don Camillo in Moscow (1965),Comedy,174737,1965.0,Don Camillo in Moscow,3.0,1
174815,The House (2017),Comedy,174815,2017.0,The House,3.5,1
174909,Logan Lucky (2017),Comedy,174909,2017.0,Logan Lucky,4.5,1
175197,The Dark Tower (2017),Fantasy|Horror|Sci-Fi|Western,175197,2017.0,The Dark Tower,3.5,1
175199,Annabelle: Creation (2017),Horror,175199,2017.0,Annabelle: Creation,4.0,1
175293,Gena the Crocodile (1969),Animation|Children,175293,1969.0,Gena the Crocodile,5.0,1
175303,It (2017),Horror,175303,2017.0,It,3.3333333333333335,9
175387,On the Trail of the Bremen Town Musicians (1973),Adventure|Animation|Children,175387,1973.0,On the Trail of the Bremen Town Musicians,5.0,1
175397,"In the blue sea, in the white foam. (1984)",Animation|Children|Fantasy,175397,1984.0,"In the blue sea, in the white foam.",5.0,1
175401,Wolf and Calf (1984),Animation,175401,1984.0,Wolf and Calf,4.0,1
175431,Bobik Visiting Barbos (1977),Animation|Comedy,175431,1977.0,Bobik Visiting Barbos,5.0,1
175435,The Magic Ring (1982),Animation|Fantasy,175435,1982.0,The Magic Ring,4.5,1
175475,The Emoji Movie (2017),Animation|Children|Comedy,175475,2017.0,The Emoji Movie,0.5,1
175485,Death Note (2017),Horror|Thriller,175485,2017.0,Death Note,1.6666666666666667,3
175569,Wind River (2017),Action|Crime|Mystery|Thriller,175569,2017.0,Wind River,3.4,5
175577,Rory Scovel Tries Stand-Up for the First Time (2017),Comedy,175577,2017.0,Rory Scovel Tries Stand-Up for the First Time,1.5,1
175585,Shot Caller (2017),Action|Crime|Drama|Thriller,175585,2017.0,Shot Caller,3.5,1
175661,The Hitman's Bodyguard (2017),Action|Comedy,175661,2017.0,The Hitman's Bodyguard,2.6666666666666665,3
175693,Rick and Morty: State of Georgia Vs. Denver Fenton Allen (2016),Comedy|Crime,175693,2016.0,Rick and Morty: State of Georgia Vs. Denver Fenton Allen,2.5,1
175705,Themroc (1973),Comedy|Horror,175705,1973.0,Themroc,3.5,1
175707,A German Life (2016),Documentary,175707,2016.0,A German Life,3.0,1
175743,Self-criticism of a Bourgeois Dog (2017),Comedy,175743,2017.0,Self-criticism of a Bourgeois Dog,3.0,1
175781,Der Herr Karl (1961),Comedy,175781,1961.0,Der Herr Karl,3.0,1
176051,LEGO DC Super Hero Girls: Brain Drain (2017),Animation,176051,2017.0,LEGO DC Super Hero Girls: Brain Drain,3.5,1
176101,Kingsman: The Golden Circle (2017),Action|Adventure|Comedy,176101,2017.0,Kingsman: The Golden Circle,3.0625,8
176329,Ari Shaffir: Double Negative (2017),Comedy,176329,2017.0,Ari Shaffir: Double Negative,4.0,1
176371,Blade Runner 2049 (2017),Sci-Fi,176371,2017.0,Blade Runner 2049,3.8055555555555554,18
176389,The Nut Job 2: Nutty by Nature (2017),Adventure|Animation|Children|Comedy,176389,2017.0,The Nut Job 2: Nutty by Nature,2.0,1
176413,Bliss (2012),Drama,176413,2012.0,Bliss,4.5,1
176415,Alles Inklusive (2014),Comedy|Drama,176415,2014.0,Alles Inklusive,3.5,1
176419,Mother! (2017),Drama|Horror|Mystery|Thriller,176419,2017.0,Mother!,3.25,2
176423,Icarus (2017),Documentary,176423,2017.0,Icarus,4.0,1
176579,Cage Dive (2017),Drama|Horror|Thriller,176579,2017.0,Cage Dive,1.0,1
176601,Black Mirror,(no genres listed),176601,,Black Mirror,5.0,1
176621,Boniface's Holiday (1965),Animation|Children|Comedy|Romance,176621,1965.0,Boniface's Holiday,2.0,1
176751,American Made (2017),Crime|Thriller,176751,2017.0,American Made,4.5,2
176805,Little Boxes (2017),Comedy|Drama,176805,2017.0,Little Boxes,4.0,1
176935,Geostorm (2017),Action,176935,2017.0,Geostorm,2.0,1
177185,Maz Jobrani: Immigrant (2017),Comedy,177185,2017.0,Maz Jobrani: Immigrant,4.5,1
177285,Sword Art Online The Movie: Ordinal Scale (2017),Action|Adventure|Animation|Fantasy|Sci-Fi,177285,2017.0,Sword Art Online The Movie: Ordinal Scale,3.0,1
177593,"Three Billboards Outside Ebbing, Missouri (2017)",Crime|Drama,177593,2017.0,"Three Billboards Outside Ebbing, Missouri",4.75,8
177615,Lady Bird (2017),Comedy,177615,2017.0,Lady Bird,3.3333333333333335,3
177763,Murder on the Orient Express (2017),Crime|Drama|Mystery,177763,2017.0,Murder on the Orient Express,2.8333333333333335,3
177765,Coco (2017),Adventure|Animation|Children,177765,2017.0,Coco,3.5384615384615383,13
177939,"The Night Is Short, Walk on Girl (2017)",Animation|Romance,177939,2017.0,"The Night Is Short, Walk on Girl",4.5,1
178061,"I, Tonya (2017)",Drama,178061,2017.0,"I, Tonya",3.3333333333333335,3
178111,"Fireworks, Should We See It from the Side or the Bottom? (2017)",Animation,178111,2017.0,"Fireworks, Should We See It from the Side or the Bottom?",2.0,1
178129,Adventures in Plymptoons! (2011),Documentary,178129,2011.0,Adventures in Plymptoons!,3.5,1
178323,Gaga: Five Foot Two (2017),Documentary,178323,2017.0,Gaga: Five Foot Two,3.5,1
178613,Dave Chappelle: Killin' Them Softly (2000),Comedy,178613,2000.0,Dave Chappelle: Killin' Them Softly,4.0,1
178615,Front Cover (2016),Comedy|Drama|Romance,178615,2016.0,Front Cover,3.5,1
178827,Paddington 2 (2017),Adventure|Animation|Children|Comedy,178827,2017.0,Paddington 2,4.25,2
179053,2048: Nowhere to Run (2017),Sci-Fi|Thriller,179053,2017.0,2048: Nowhere to Run,3.5,1
179073,Male Hunt (1964),Comedy,179073,1964.0,Male Hunt,3.0,1
179119,The Death of Stalin (2017),Comedy,179119,2017.0,The Death of Stalin,4.0,1
179133,Loving Vincent (2017),Animation|Crime|Drama,179133,2017.0,Loving Vincent,5.0,1
179135,Blue Planet II (2017),Documentary,179135,2017.0,Blue Planet II,5.0,1
179211,Christina P: Mother Inferior (2017),Comedy,179211,2017.0,Christina P: Mother Inferior,3.0,2
179401,Jumanji: Welcome to the Jungle (2017),Action|Adventure|Children,179401,2017.0,Jumanji: Welcome to the Jungle,3.6666666666666665,6
179427,Dane Cook: Troublemaker (2014),Comedy,179427,2014.0,Dane Cook: Troublemaker,4.0,1
179491,Mayhem (2017),Action|Horror,179491,2017.0,Mayhem,1.0,1
179511,Emerald Green (2016),Adventure|Drama|Fantasy|Romance,179511,2016.0,Emerald Green,4.0,1
179709,Wonder Wheel (2017),Drama,179709,2017.0,Wonder Wheel,3.0,1
179749,Creep 2 (2017),Comedy|Horror,179749,2017.0,Creep 2,1.5,1
179813,LBJ (2017),Drama,179813,2017.0,LBJ,4.0,1
179815,"Roman J. Israel, Esq. (2017)",Drama|Thriller,179815,2017.0,"Roman J. Israel, Esq.",1.5,1
179817,Darkest Hour (2017),Drama|War,179817,2017.0,Darkest Hour,3.8333333333333335,3
179819,Star Wars: The Last Jedi (2017),Action|Adventure|Fantasy|Sci-Fi,179819,2017.0,Star Wars: The Last Jedi,3.125,12
179953,A Bad Moms Christmas (2017),Comedy,179953,2017.0,A Bad Moms Christmas,3.5,1
180031,The Shape of Water (2017),Adventure|Drama|Fantasy,180031,2017.0,The Shape of Water,3.6875,8
180045,Molly's Game (2017),Drama,180045,2017.0,Molly's Game,4.0,1
180095,Wonder (2017),Drama,180095,2017.0,Wonder,4.0,3
180231,Daddy's Home 2 (2017),Comedy|Drama,180231,2017.0,Daddy's Home 2,4.0,1
180263,The Shining (1997),Drama|Horror|Thriller,180263,1997.0,The Shining,2.0,1
180265,Jim & Andy: The Great Beyond (2017),Documentary,180265,2017.0,Jim & Andy: The Great Beyond,4.5,1
180297,The Disaster Artist (2017),Comedy|Drama,180297,2017.0,The Disaster Artist,3.75,2
180497,The Post (2017),Drama|Thriller,180497,2017.0,The Post,4.25,2
180777,Die Frauen von Ravensbrück (2005),Documentary,180777,2005.0,Die Frauen von Ravensbrück,4.5,1
180985,The Greatest Showman (2017),Drama,180985,2017.0,The Greatest Showman,3.0,5
180987,Ferdinand (2017),Animation|Children|Comedy,180987,2017.0,Ferdinand,1.5,1
181065,Jack Whitehall: At Large (2017),Comedy,181065,2017.0,Jack Whitehall: At Large,3.75,2
181139,Lynne Koplitz: Hormonal Beast (2017),Comedy,181139,2017.0,Lynne Koplitz: Hormonal Beast,1.5,1
181315,Phantom Thread (2017),Drama|Romance,181315,2017.0,Phantom Thread,3.5,1
181413,Too Funny to Fail: The Life and Death of The Dana Carvey Show (2017),(no genres listed),181413,2017.0,Too Funny to Fail: The Life and Death of The Dana Carvey Show,4.5,1
181659,Craig Ferguson: Tickle Fight (2017),Comedy,181659,2017.0,Craig Ferguson: Tickle Fight,2.5,1
181719,Serving in Silence: The Margarethe Cammermeyer Story (1995),(no genres listed),181719,1995.0,Serving in Silence: The Margarethe Cammermeyer Story,3.5,1
182293,Hare-um Scare-um (1939),Animation|Children|Comedy,182293,1939.0,Hare-um Scare-um,4.0,1
182297,Porky in Wackyland (1938),Animation|Comedy|Fantasy,182297,1938.0,Porky in Wackyland,4.0,1
182299,Porky's Hare Hunt (1938),Animation|Children|Comedy,182299,1938.0,Porky's Hare Hunt,4.0,1
182639,The Second Renaissance Part II (2003),Animation|Sci-Fi,182639,2003.0,The Second Renaissance Part II,4.0,1
182715,Annihilation (2018),Adventure|Mystery|Sci-Fi|Thriller,182715,2018.0,Annihilation,3.8333333333333335,3
182727,A Christmas Story Live! (2017),(no genres listed),182727,2017.0,A Christmas Story Live!,2.0,1
182731,Pixel Perfect (2004),Children|Comedy|Sci-Fi,182731,2004.0,Pixel Perfect,4.5,1
182749,Judd Apatow: The Return (2017),Comedy,182749,2017.0,Judd Apatow: The Return,2.5,1
182793,The Purple Sea (2009),Drama,182793,2009.0,The Purple Sea,3.5,1
182823,Bright (2017),Action|Crime|Fantasy,182823,2017.0,Bright,2.875,4
183011,The Commuter (2018),Crime|Drama|Mystery|Thriller,183011,2018.0,The Commuter,1.5,1
183197,Dave Chappelle: Equanimity (2017),Comedy,183197,2017.0,Dave Chappelle: Equanimity,3.5,1
183199,Quest (2017),Documentary,183199,2017.0,Quest,4.0,1
183227,Dave Chappelle: The Bird Revelation (2017),Comedy,183227,2017.0,Dave Chappelle: The Bird Revelation,3.5,1
183295,Insidious: The Last Key (2018),Horror|Mystery|Thriller,183295,2018.0,Insidious: The Last Key,3.5,1
183301,The Tale of the Bunny Picnic (1986),Children,183301,1986.0,The Tale of the Bunny Picnic,3.0,1
183317,Patti Rocks (1988),Comedy|Drama,183317,1988.0,Patti Rocks,4.5,1
183611,Game Night (2018),Action|Comedy|Crime|Horror,183611,2018.0,Game Night,4.0,1
183635,Maze Runner: The Death Cure (2018),Action|Mystery|Sci-Fi|Thriller,183635,2018.0,Maze Runner: The Death Cure,3.5,1
183897,Isle of Dogs (2018),Animation|Comedy,183897,2018.0,Isle of Dogs,3.5,5
183911,The Clapper (2018),Comedy,183911,2018.0,The Clapper,1.5,1
183959,Tom Segura: Disgraceful (2018),Comedy,183959,2018.0,Tom Segura: Disgraceful,4.5,1
184015,When We First Met (2018),Comedy,184015,2018.0,When We First Met,3.5,2
184053,Battle Planet (2008),Action|Sci-Fi,184053,2008.0,Battle Planet,2.0,1
184245,De platte jungle (1978),Documentary,184245,1978.0,De platte jungle,5.0,1
184253,The Cloverfield Paradox (2018),Horror|Mystery|Sci-Fi|Thriller,184253,2018.0,The Cloverfield Paradox,2.25,2
184257,Making a Murderer (2015),Crime|Documentary,184257,2015.0,Making a Murderer,4.0,1
184349,Elsa & Fred (2005),Comedy|Drama|Romance,184349,2005.0,Elsa & Fred,3.5,1
184471,Tomb Raider (2018),Action|Adventure|Fantasy,184471,2018.0,Tomb Raider,2.5,4
184641,Fullmetal Alchemist 2018 (2017),Action|Adventure|Fantasy,184641,2017.0,Fullmetal Alchemist 2018,0.5,1
184721,First Reformed (2017),Drama|Thriller,184721,2017.0,First Reformed,4.0,1
184791,Fred Armisen: Standup for Drummers (2018),Comedy,184791,2018.0,Fred Armisen: Standup for Drummers,3.25,2
184931,Death Wish (2018),Action|Crime|Drama|Thriller,184931,2018.0,Death Wish,4.0,1
184987,A Wrinkle in Time (2018),Adventure|Children|Fantasy|Sci-Fi,184987,2018.0,A Wrinkle in Time,3.0,1
184997,"Love, Simon (2018)",Comedy|Drama,184997,2018.0,"Love, Simon",4.0,1
185029,A Quiet Place (2018),Drama|Horror|Thriller,185029,2018.0,A Quiet Place,2.75,4
185031,Alpha (2018),Adventure|Thriller,185031,2018.0,Alpha,4.5,1
185033,I Kill Giants (2018),Drama|Fantasy|Thriller,185033,2018.0,I Kill Giants,2.0,1
185135,Sherlock - A Study in Pink (2010),Crime,185135,2010.0,Sherlock - A Study in Pink,4.75,2
185435,"Game Over, Man! (2018)",Action|Comedy,185435,2018.0,"Game Over, Man!",3.0,1
185473,Blockers (2018),Comedy,185473,2018.0,Blockers,3.0,1
185585,Pacific Rim: Uprising (2018),Action|Fantasy|Sci-Fi,185585,2018.0,Pacific Rim: Uprising,2.75,2
186587,Rampage (2018),Action|Adventure|Sci-Fi,186587,2018.0,Rampage,3.0,1
187031,Jurassic World: Fallen Kingdom (2018),Action|Adventure|Drama|Sci-Fi|Thriller,187031,2018.0,Jurassic World: Fallen Kingdom,3.25,2
187541,Incredibles 2 (2018),Action|Adventure|Animation|Children,187541,2018.0,Incredibles 2,3.0,4
187593,Deadpool 2 (2018),Action|Comedy|Sci-Fi,187593,2018.0,Deadpool 2,3.875,12
187595,Solo: A Star Wars Story (2018),Action|Adventure|Children|Sci-Fi,187595,2018.0,Solo: A Star Wars Story,3.9,5
187717,Won't You Be My Neighbor? (2018),Documentary,187717,2018.0,Won't You Be My Neighbor?,5.0,1
188189,Sorry to Bother You (2018),Comedy|Fantasy|Sci-Fi,188189,2018.0,Sorry to Bother You,4.5,1
188301,Ant-Man and the Wasp (2018),Action|Adventure|Comedy|Fantasy|Sci-Fi,188301,2018.0,Ant-Man and the Wasp,3.6666666666666665,3
188675,Dogman (2018),Crime|Drama,188675,2018.0,Dogman,3.5,1
188751,Mamma Mia: Here We Go Again! (2018),Comedy|Romance,188751,2018.0,Mamma Mia: Here We Go Again!,4.5,1
188797,Tag (2018),Comedy,188797,2018.0,Tag,4.0,1
188833,The Man Who Killed Don Quixote (2018),Adventure|Comedy|Fantasy,188833,2018.0,The Man Who Killed Don Quixote,4.5,1
189043,Boundaries (2018),Comedy|Drama,189043,2018.0,Boundaries,2.5,1
189111,Spiral (2018),Documentary,189111,2018.0,Spiral,3.0,1
189333,Mission: Impossible - Fallout (2018),Action|Adventure|Thriller,189333,2018.0,Mission: Impossible - Fallout,3.75,2
189381,SuperFly (2018),Action|Crime|Thriller,189381,2018.0,SuperFly,2.5,1
189547,Iron Soldier (2010),Action|Sci-Fi,189547,2010.0,Iron Soldier,1.0,1
189713,BlacKkKlansman (2018),Comedy|Crime|Drama,189713,2018.0,BlacKkKlansman,2.5,1
190183,The Darkest Minds (2018),Sci-Fi|Thriller,190183,2018.0,The Darkest Minds,3.5,1
190207,Tilt (2011),Drama|Romance,190207,2011.0,Tilt,1.5,1
190209,Jeff Ross Roasts the Border (2017),Comedy,190209,2017.0,Jeff Ross Roasts the Border,4.0,1
190213,John From (2015),Drama,190213,2015.0,John From,1.0,1
190215,Liquid Truth (2017),Drama,190215,2017.0,Liquid Truth,1.5,1
190219,Bunny (1998),Animation,190219,1998.0,Bunny,1.0,1
190221,Hommage à Zgougou (et salut à Sabine Mamou) (2002),Documentary,190221,2002.0,Hommage à Zgougou (et salut à Sabine Mamou),1.0,1
191005,Gintama (2017),Action|Adventure|Comedy|Sci-Fi,191005,2017.0,Gintama,4.5,1
193565,Gintama: The Movie (2010),Action|Animation|Comedy|Sci-Fi,193565,2010.0,Gintama: The Movie,3.5,1
193567,anohana: The Flower We Saw That Day - The Movie (2013),Animation|Drama,193567,2013.0,anohana: The Flower We Saw That Day - The Movie,3.0,1
193571,Silver Spoon (2014),Comedy|Drama,193571,2014.0,Silver Spoon,4.0,1
193573,Love Live! The School Idol Movie (2015),Animation,193573,2015.0,Love Live! The School Idol Movie,4.0,1
193579,Jon Stewart Has Left the Building (2015),Documentary,193579,2015.0,Jon Stewart Has Left the Building,3.5,1
193581,Black Butler: Book of the Atlantic (2017),Action|Animation|Comedy|Fantasy,193581,2017.0,Black Butler: Book of the Atlantic,4.0,1
193583,No Game No Life: Zero (2017),Animation|Comedy|Fantasy,193583,2017.0,No Game No Life: Zero,3.5,1
193585,Flint (2017),Drama,193585,2017.0,Flint,3.5,1
193587,Bungo Stray Dogs: Dead Apple (2018),Action|Animation,193587,2018.0,Bungo Stray Dogs: Dead Apple,3.5,1
193609,Andrew Dice Clay: Dice Rules (1991),Comedy,193609,1991.0,Andrew Dice Clay: Dice Rules,4.0,1
